[{"model": "blocks.page", "pk": 1, "fields": {"title": "Главная", "url": null}}, {"model": "blocks.page", "pk": 4, "fields": {"title": "Главная", "url": "partners"}}, {"model": "blocks.block", "pk": 7, "fields": {"my_order": 1, "name": 6, "page": 1}}, {"model": "blocks.block", "pk": 8, "fields": {"my_order": 2, "name": 7, "page": 1}}, {"model": "blocks.block", "pk": 17, "fields": {"my_order": 5, "name": 10, "page": 1}}, {"model": "blocks.block", "pk": 22, "fields": {"my_order": 3, "name": 12, "page": 1}}, {"model": "blocks.block", "pk": 23, "fields": {"my_order": 8, "name": 13, "page": 1}}, {"model": "blocks.block", "pk": 24, "fields": {"my_order": 6, "name": 14, "page": 1}}, {"model": "blocks.block", "pk": 25, "fields": {"my_order": 7, "name": 15, "page": 1}}, {"model": "blocks.block", "pk": 26, "fields": {"my_order": 4, "name": 16, "page": 1}}, {"model": "blocks.block", "pk": 27, "fields": {"my_order": 1, "name": 6, "page": 4}}, {"model": "blocks.block", "pk": 28, "fields": {"my_order": 2, "name": 7, "page": 4}}, {"model": "blocks.block", "pk": 29, "fields": {"my_order": 4, "name": 12, "page": 4}}, {"model": "blocks.block", "pk": 30, "fields": {"my_order": 7, "name": 16, "page": 4}}, {"model": "blocks.block", "pk": 31, "fields": {"my_order": 8, "name": 10, "page": 4}}, {"model": "blocks.block", "pk": 32, "fields": {"my_order": 9, "name": 14, "page": 4}}, {"model": "blocks.block", "pk": 33, "fields": {"my_order": 11, "name": 15, "page": 4}}, {"model": "blocks.block", "pk": 34, "fields": {"my_order": 12, "name": 13, "page": 4}}, {"model": "blocks.block", "pk": 36, "fields": {"my_order": 15, "name": 18, "page": 4}}, {"model": "blocks.block", "pk": 37, "fields": {"my_order": 14, "name": 21, "page": 4}}, {"model": "blocks.block", "pk": 49, "fields": {"my_order": 5, "name": 22, "page": 4}}, {"model": "blocks.block", "pk": 50, "fields": {"my_order": 3, "name": 19, "page": 4}}, {"model": "blocks.block", "pk": 51, "fields": {"my_order": 6, "name": 23, "page": 4}}, {"model": "blocks.block", "pk": 52, "fields": {"my_order": 13, "name": 23, "page": 4}}, {"model": "blocks.block", "pk": 53, "fields": {"my_order": 10, "name": 24, "page": 4}}, {"model": "blocks.template", "pk": 1, "fields": {"name": "шаблон для контента", "file": "text2photos.html"}}, {"model": "blocks.template", "pk": 2, "fields": {"name": "шаблон для навбара", "file": "nav.html"}}, {"model": "blocks.template", "pk": 3, "fields": {"name": "шаблон для отзеркаленного контентного блока", "file": "text2photos-mirrored.html"}}, {"model": "blocks.template", "pk": 4, "fields": {"name": "шаблон обложки", "file": "cover.html"}}, {"model": "blocks.template", "pk": 5, "fields": {"name": "шаблон для фич", "file": "features.html"}}, {"model": "blocks.template", "pk": 6, "fields": {"name": "шаблон для фичей без заголовков", "file": "features-without-text.html"}}, {"model": "blocks.template", "pk": 7, "fields": {"name": "горизонтальные фичи", "file": "features-horizontal.html"}}, {"model": "blocks.template", "pk": 8, "fields": {"name": "контент без блока с фотками", "file": "content-without-photos.html"}}, {"model": "blocks.template", "pk": 9, "fields": {"name": "шаблон регистрации", "file": "register.html"}}, {"model": "blocks.template", "pk": 10, "fields": {"name": "регистрация без текста", "file": "register-without-text.html"}}, {"model": "blocks.template", "pk": 11, "fields": {"name": "подписки на соц сети", "file": "socialmedia.html"}}, {"model": "blocks.template", "pk": 12, "fields": {"name": "вопросы", "file": "questions.html"}}, {"model": "blocks.template", "pk": 15, "fields": {"name": "этапы", "file": "stages.html"}}, {"model": "blocks.template", "pk": 16, "fields": {"name": "каталог", "file": "catalog.html"}}, {"model": "blocks.contentblock", "pk": 1, "fields": {"name": "Рефералка (Партнерам)", "template": 1, "ancor": "referrals", "block_relation": 16, "text": "<p>Когда дело становится бизнесом? Когда на вас начинают работать другие люди. И мы уже придумали, как вам нанять десятки сотрудников, которые будут старательно зарабатывать для вас деньги, при этом зарплату им платить не надо.<br />\r\n<br />\r\nКаждый посетитель вашего сайта, который тоже захочет зарабатывать на банковских акциях, станет вашим рефералом. Это означает, что до 20% его доходов будет автоматически перенаправляться к вам. Более того, часть доходов его собственных рефералов тоже будет отчисляться вам. И часть доходов рефералов следующего уровня.<br />\r\n<br />\r\nВсе верно - трехуровневая реферальная система. Т.е. если вы привлекли 5 рефералов, каждый из них привлек всего по 3 реферала второго уровня, а те привлекли хотя бы по 2 реферала третьего уровня, то вы будете получать часть дохода с 50 партнерских сайтов, помимо своего собственного. Ого!</p>", "title": "Бомба? Нет, настоящая бомба здесь", "button_text": "Начните сейчас", "button_ref": "#example", "image1": "images/content/1_kp8hcez.jpg", "image2": "images/content/2_cKsbvvO.jpg"}}, {"model": "blocks.contentblock", "pk": 2, "fields": {"name": "Траффик (Партнерам)", "template": 3, "ancor": "mirrored", "block_relation": 15, "text": "<p>Ваши первые посетители - это, естественно, ваши знакомые и контакты в записной книжке, которым вы пришлете ссылку на свой сайт. Но мы вас, конечно, так не бросим. Мы сразу дадим вам готовый Телеграм канал с 500+ активных подписчиков, которые станут вашей начальной рекламной аудиторией.<br />\r\n<br />\r\nКроме этого вы получите бесплатный доступ к нашей методике и инструментам продвижения, которые позволят вам бесплатно или очень дешево привлекать тысячи заинтересованных посетителей на свой сайт. И каждый из них может принести вам от 2,000 до 25,000!<br />\r\n<br />\r\nА еще вы сможете общаться с успешными партнерами, которые делятся рабочими техниками раскрутки в Телеграм, ВК, Дзен, Яндекс Директ, WhatsApp, Youtube, Tik Tok и пр. Их советы дадут вам возможность за считанные месяцы выйти на доход в сотни тысяч рублей.</p>", "title": "Где взять посетителей", "button_text": "Начните сейчас", "button_ref": "#content", "image1": "images/content/audience2_S8KFKaq.jpg", "image2": "images/content/audience1_vuCMSpd.jpg"}}, {"model": "blocks.contentblock", "pk": 3, "fields": {"name": "контент без фоток", "template": 8, "ancor": null, "block_relation": 17, "text": "<p>Оценили фишку сайта? Здесь с вас не трясут деньги за ненужное барахло, а, наоборот, предлагают забрать десятки тысяч в подарок. Кто же от такого откажется? А за каждый бонус, выданный вам банками, мы тоже получаем от них деньги. Вот так просто. И вы тоже можете прямо сейчас получить этот генератор пассивного дохода и зарабатывать до 700,000 в месяц.</p>", "title": "Бесплатно заберите готовый онлайн бизнес", "button_text": "начать сейчас", "button_ref": null, "image1": "", "image2": ""}}, {"model": "blocks.navbar", "pk": 1, "fields": {"name": "Навбар (Партнерам)", "template": 2, "ancor": "nav", "block_relation": 6, "register_button_text": "Регистрация", "register_button_href": "#formmain", "login_button_text": "Вход"}}, {"model": "blocks.cover", "pk": 1, "fields": {"name": "Обложка (Партнерам)", "template": 4, "ancor": "cover", "block_relation": 7, "text": "<p>Оценили фишку сайта? Здесь с вас не трясут деньги за ненужное барахло, а, наоборот, предлагают забрать десятки тысяч в подарок. Кто же от такого откажется? А за каждый бонус, выданный вам банками, мы тоже получаем от них деньги. Вот так просто. И вы тоже можете прямо сейчас получить этот генератор пассивного дохода и зарабатывать до 700,000 в месяц.</p>", "title": "Бесплатно заберите готовый онлайн бизнес", "button_text": "Как это работает", "button_ref": "#products", "image_desctop": "images/covers/dcover_partners3.jpg", "image_mobile": "images/covers/dcover_partners_z28pOiZ.jpg", "second_button_text": "Станьте боссом", "second_button_ref": "#referrals"}}, {"model": "blocks.cover", "pk": 2, "fields": {"name": "пустая обложка для шаблона каталога", "template": 4, "ancor": null, "block_relation": 26, "text": "<p>пустая обложка для шаблона каталога</p>", "title": null, "button_text": null, "button_ref": null, "image_desctop": "images/covers/карты.jpeg", "image_mobile": "images/covers/alfa-main-logo_red.jpg", "second_button_text": "Супер подарок", "second_button_ref": "#mirrored"}}, {"model": "blocks.featuresblock", "pk": 1, "fields": {"name": "Кому подойдет (Партнерам)", "template": 5, "ancor": "partners", "block_relation": 10, "title": "Кому подойдет", "button_text": "Начните сейчас", "button_ref": "#example", "introductory_text": "<p>Если несколько десятков или сотен тысяч рублей в месяц, полученные без особых усилий, сделают вашу жизнь более спокойной и комфортной, то вам это будет интересно.</p>"}}, {"model": "blocks.featuresblock", "pk": 2, "fields": {"name": "второй блок с фичами", "template": 6, "ancor": null, "block_relation": 11, "title": "Не уверены, что получится?", "button_text": null, "button_ref": null, "introductory_text": "Пока вы собираетесь с духом, для начала бесплатно заберите уникальную инструкцию, которая позволит вам быстро и навсегда улучшить свое финансовое положение. Никаких подработок, никаких вложений, никаких рисков."}}, {"model": "blocks.featuresblock", "pk": 3, "fields": {"name": "Продукты (Партнерам)", "template": 7, "ancor": "products", "block_relation": 12, "title": "Как ваш сайт зарабатывает", "button_text": null, "button_ref": null, "introductory_text": "<p>Ваш сайт будет предлагать самые интересные и выгодные промо акции банков, которые позволяют не только экономить кучу денег, но еще и прилично заработать. И за каждую акцию, которой воспользуется любой посетитель, вы будете получать от 500 до 5,000 руб. на свой счет прямо от банков.</p>"}}, {"model": "blocks.featuresblock", "pk": 4, "fields": {"name": "Бонус (Партнерам)", "template": 6, "ancor": "bonus", "block_relation": 13, "title": "Не уверены, что получится?", "button_text": null, "button_ref": null, "introductory_text": "<p>Пока вы собираетесь с духом, для начала бесплатно заберите уникальную инструкцию, которая позволит вам быстро и навсегда улучшить свое финансовое положение. Никаких подработок, никаких вложений, никаких рисков.</p>"}}, {"model": "blocks.featuresblock", "pk": 5, "fields": {"name": "Выгоды (Партнерам)", "template": 6, "ancor": "benefits", "block_relation": 14, "title": "Максимум выгоды, ноль издержек", "button_text": null, "button_ref": null, "introductory_text": "<p>Мы сделали ваш путь к пассивному доходу настолько легким и простым, что в это трудно поверить.</p>"}}, {"model": "blocks.registerblock", "pk": 1, "fields": {"name": "Регистрация финал (Партнерам)", "template": 9, "ancor": null, "block_relation": 18, "title": "Все ещё сомневаетесь?", "explanation_text": "<p>А что вы теряете? Несколько часов на то, чтобы заказать карты и забрать деньги? Еще 4-5 часов в неделю, чтобы бесплатно раскрутить сайт по технологии, которую мы вам дадим? Наверное, стоит хотя бы попробовать - ведь речь идет про бизнес с потенциалом под миллион в месяц.</p>", "warning_text": "Регистрируясь, вы соглашаетесь на обработку персональных данных"}}, {"model": "blocks.registerblock", "pk": 2, "fields": {"name": "Регистрация главная (Партнерам)", "template": 10, "ancor": "formmain", "block_relation": 19, "title": null, "explanation_text": "", "warning_text": "Регистрируясь, вы соглашаетесь на обработку персональных данных"}}, {"model": "blocks.registerblock", "pk": 3, "fields": {"name": "Регистрация поддон (Партнерам)", "template": 10, "ancor": null, "block_relation": 23, "title": null, "explanation_text": "", "warning_text": "Регистрируясь, вы соглашаетесь на обработку персональных данных"}}, {"model": "blocks.registerblock", "pk": 4, "fields": {"name": "Регистрация центр (Партнерам)", "template": 9, "ancor": null, "block_relation": 24, "title": "Запустите свой бизнес сегодня", "explanation_text": "", "warning_text": "Регистрируясь, вы соглашаетесь на обработку персональных данных"}}, {"model": "blocks.socialmediablock", "pk": 1, "fields": {"name": "подписка на соц сети", "template": 11, "ancor": null, "block_relation": 20, "title": "Забирай деньги первым", "text": "<p>Подпишитесь на наши каналы в социальных сетях, чтобы мгновенно узнавать о новых выгодных возможностях, акциях и розыгрышах банков, на которых вы можете хорошо заработать.</p>"}}, {"model": "blocks.questionsblock", "pk": 1, "fields": {"name": "FAQ", "template": 12, "ancor": null, "block_relation": 21}}, {"model": "blocks.stagesblock", "pk": 1, "fields": {"name": "Этапы (Патнерам)", "template": 15, "ancor": "process", "block_relation": 22, "text": "<p>Продукт, который нужен всем - деньги даром! Готовая инфраструктура, не требующая специальных знаний. Методика продвижения, доступная любому. Вы, наконец-то, нашли секретную кнопку &quot;Бабло&quot; - просто нажмите! :)</p>", "title": "Справится даже ваша бабушка"}}, {"model": "blocks.catalogblock", "pk": 1, "fields": {"name": "каталог (дебетовые карты)", "template": 16, "ancor": "qwerty", "block_relation": 25, "title": "Бесплатно заберите готовый онлайн бизнес", "button_text": "текст кнопки", "button_ref": "qwert", "product_type": 1, "introductory_text": "<p>qwerty</p>", "add_exclusive": false}}, {"model": "blocks.catalogblock", "pk": 4, "fields": {"name": "Каталог (кредитные картыыы)", "template": 16, "ancor": "gfgfgf", "block_relation": 30, "title": "jhjh", "button_text": "gfgfgf", "button_ref": "gfggfgf", "product_type": 8, "introductory_text": "<p>gfgfgf5454</p>", "add_exclusive": null}}, {"model": "blocks.navmenuitem", "pk": 1, "fields": {"button_text": "Горячий продукт", "button_ref": "#products", "navbar": 1}}, {"model": "blocks.navmenuitem", "pk": 2, "fields": {"button_text": "Легкий старт", "button_ref": "#process", "navbar": 1}}, {"model": "blocks.navmenuitem", "pk": 3, "fields": {"button_text": "Высокая прибыль", "button_ref": "#benefits", "navbar": 1}}, {"model": "blocks.navmenuitem", "pk": 4, "fields": {"button_text": "Рентный доход", "button_ref": "#referrals", "navbar": 1}}, {"model": "blocks.feature", "pk": 1, "fields": {"title": "Владельцам каналов", "icon": "images/features/icoref_admins_xAprYVE.png", "description": "У вас есть свой сайт, блог, канал в ТГ, ВК, Дзен? Повысьте его монетизацию в разы", "block": 1}}, {"model": "blocks.feature", "pk": 2, "fields": {"title": "Рекламщикам", "icon": "images/features/icoref_adverts_mb985S8.png", "description": "Раскручиваете интернет ресурсы для других? Запустите свой собственный доходный проект", "block": 1}}, {"model": "blocks.feature", "pk": 3, "fields": {"title": "Арбитражникам", "icon": "images/features/icoref_arbits_oyE1T5a.png", "description": "Знаете, где закупать тонны траффика? Качайте оффер с рентабельностью до 1000%", "block": 1}}, {"model": "blocks.feature", "pk": 4, "fields": {"title": "Буксерам", "icon": "images/features/icoref_buxers_o0lChlN.png", "description": "Знакомы со всеми буксами, сайтами халявы, скидок и пр.? Заряжайте их в работу", "block": 1}}, {"model": "blocks.feature", "pk": 5, "fields": {"title": null, "icon": "features/icoref_admins_wTZDOgD.png", "description": "Как всегда тратить на 2,000-5,000р в месяц меньше не экономя", "block": 2}}, {"model": "blocks.feature", "pk": 6, "fields": {"title": null, "icon": "features/icoref_adverts_zKEkFDc.png", "description": "Как с помощью кредитных карт зарабатывать по 60,000р в год", "block": 2}}, {"model": "blocks.feature", "pk": 7, "fields": {"title": null, "icon": "features/icoref_arbits_QsE2SKR.png", "description": "Как разово получить 30,000-50,000р чистыми за счет банков", "block": 2}}, {"model": "blocks.feature", "pk": 8, "fields": {"title": null, "icon": "features/icoref_moms.png", "description": "Как постоянно покупать продукты с 30-50% кэшбека", "block": 2}}, {"model": "blocks.feature", "pk": 9, "fields": {"title": null, "icon": "features/icoref_adverts_dlEGpXx.png", "description": "Как делать более 200,000р в год, умно используя банковские продукты", "block": 2}}, {"model": "blocks.feature", "pk": 10, "fields": {"title": null, "icon": "features/icoref_buxers_7nuc0c0.png", "description": "Как за одну неделю создать пассивный доход до 700,000р в месяц", "block": 2}}, {"model": "blocks.feature", "pk": 11, "fields": {"title": null, "icon": "images/features/icopro_dcards_wCfSqzB.png", "description": "Деньги в подарок за дебетовые карты", "block": 3}}, {"model": "blocks.feature", "pk": 12, "fields": {"title": null, "icon": "images/features/icopro_ccards_DiEBTXa.png", "description": "Деньги в подарок за кредитные карты", "block": 3}}, {"model": "blocks.feature", "pk": 13, "fields": {"title": null, "icon": "images/features/icopro_cashback_bK1d9JO.png", "description": "Карты с лучшим кэшбэком на все покупки", "block": 3}}, {"model": "blocks.feature", "pk": 14, "fields": {"title": null, "icon": "images/features/icopro_refinance_78zb8xx.png", "description": "Рефинансирование кредитов под 0%", "block": 3}}, {"model": "blocks.feature", "pk": 15, "fields": {"title": null, "icon": "images/features/icopro_cash_l2N6s0A.png", "description": "Кредитки с бесплатным снятием наличных", "block": 3}}, {"model": "blocks.feature", "pk": 16, "fields": {"title": "Самозанятым", "icon": "images/features/icoref_freelance_SOx1Z33.png", "description": "Общаетесь с большим числом клиентов? Каждый из них - аудитория вашего сайта", "block": 1}}, {"model": "blocks.feature", "pk": 17, "fields": {"title": "Молодежи", "icon": "images/features/icoref_students_ijU90k1.png", "description": "У вас много знакомых по универу или тусовкам? Они вам скажут спасибо за легкие деньги", "block": 1}}, {"model": "blocks.feature", "pk": 18, "fields": {"title": "Мамочкам в декрете", "icon": "images/features/icoref_moms_G2M041A.png", "description": "Выдалась свободная минутка? Используйте ее с толком и забудьте про экономию", "block": 1}}, {"model": "blocks.feature", "pk": 19, "fields": {"title": "Всем, кто хочет денег", "icon": "images/features/icoref_all_NMNKMLd.png", "description": "Если вы готовы тратить несколько часов в неделю, чтобы создать свой доходный бизнес", "block": 1}}, {"model": "blocks.feature", "pk": 20, "fields": {"title": null, "icon": "images/features/icopro_grace_QAKpwRK.png", "description": "Кредитки с лучшим льготным периодом", "block": 3}}, {"model": "blocks.feature", "pk": 21, "fields": {"title": null, "icon": "images/features/icobon_cashback_7No9NCK.png", "description": "Как всегда тратить на 3,000-5,000р в месяц меньше не экономя", "block": 4}}, {"model": "blocks.feature", "pk": 22, "fields": {"title": null, "icon": "images/features/icobon_cards_sVsvTJ3.png", "description": "Как с помощью кредитных карт зарабатывать по 60,000р и более в год", "block": 4}}, {"model": "blocks.feature", "pk": 23, "fields": {"title": null, "icon": "images/features/icobon_cash_fJlrNHp.png", "description": "Как разово получить 30,000-50,000р чистыми за счет банков", "block": 4}}, {"model": "blocks.feature", "pk": 24, "fields": {"title": null, "icon": "images/features/icobon_food_NA5MnWZ.png", "description": "Как постоянно покупать привычные продукты с 20-30% кэшбэка", "block": 4}}, {"model": "blocks.feature", "pk": 25, "fields": {"title": null, "icon": "images/features/icobon_carusel_cRqbrz8.png", "description": "Как делать более 200,000р в год, грамотно используя банковские продукты", "block": 4}}, {"model": "blocks.feature", "pk": 26, "fields": {"title": null, "icon": "images/features/icobon_business_rqMdAyf.png", "description": "Как за одну неделю создать пассивный доход до 700,000р в месяц", "block": 4}}, {"model": "blocks.feature", "pk": 27, "fields": {"title": null, "icon": "images/features/icoben_visitors_tgEqjG8.png", "description": "До 7% посетителей оформляют карты и счета по вашим партнерским ссылкам", "block": 5}}, {"model": "blocks.feature", "pk": 28, "fields": {"title": null, "icon": "images/features/icoben_profit_ZJkIH1v.png", "description": "Каждый активный посетитель сайта приносит вам около 3000р дохода", "block": 5}}, {"model": "blocks.feature", "pk": 29, "fields": {"title": null, "icon": "images/features/icoben_refs_3jijRqe.png", "description": "Примерно 1% посетителей становятся вашими активными рефералами", "block": 5}}, {"model": "blocks.feature", "pk": 30, "fields": {"title": null, "icon": "images/features/icoben_site_ukS6PIi.png", "description": "Полностью бесплатный партнерский сайт и маркетинговая поддержка", "block": 5}}, {"model": "blocks.feature", "pk": 31, "fields": {"title": null, "icon": "images/features/icoben_3tiers_i5HNLzG.png", "description": "Три уровня рефералов, генерирующих для вас пассивный доход", "block": 5}}, {"model": "blocks.feature", "pk": 32, "fields": {"title": null, "icon": "images/features/icoben_auto_eAXHDh9.png", "description": "Автоматическое обновление актуальных акций банков на сайте", "block": 5}}, {"model": "blocks.feature", "pk": 33, "fields": {"title": null, "icon": "images/features/icopro_stocks_fgbnOrp.png", "description": "Акции российских компаний в подарок", "block": 3}}, {"model": "blocks.feature", "pk": 34, "fields": {"title": null, "icon": "images/features/icopro_prizes_9zZNZJ0.png", "description": "Розыгрыши призов от 100,000 до 1,000,000", "block": 3}}, {"model": "blocks.feature", "pk": 35, "fields": {"title": null, "icon": "images/features/icopro_foreign_lX3LzJe.png", "description": "Карты для оплаты покупок зарубежом", "block": 3}}, {"model": "blocks.feature", "pk": 36, "fields": {"title": null, "icon": "images/features/icopro_credit_Ipr4eL0.png", "description": "Лучшие условия по кредитам и ипотеке", "block": 3}}, {"model": "blocks.feature", "pk": 37, "fields": {"title": null, "icon": "images/features/icopro_saving2_ijrGVAC.png", "description": "Накопление под максимальный процент", "block": 3}}, {"model": "blocks.feature", "pk": 38, "fields": {"title": null, "icon": "images/features/icopro_insurance_kdqVTkr.png", "description": "Самые большие скидки на страховые полисы", "block": 3}}, {"model": "blocks.question", "pk": 1, "fields": {"title": "Слишком красиво звучит, в чем подвох?", "text": "<p>Нет подвоха. Банки с каждым годом все жестче бьются за клиентов, чтобы выиграть конкуренцию, нарастить портфель активов, увеличить капитализацию, и пр. Сейчас привлечение одного клиента через рекламу обходится банкам более 10,000 руб. Поэтому им намного дешевле заинтересовать вас приветственным бонусом на 1000-3000 руб. по акции, чем доставать вас дорогущей рекламой. Все в выигрыше - вы получили свой подарок, мы - свой, банк - клиента.</p>", "block": 1}}, {"model": "blocks.question", "pk": 2, "fields": {"title": "Можно ли оформлять карты онлайн?", "text": "<p>Нужно. Чтобы получить приветственный бонус вам необходимо зарегистрироваться по нашей акционной ссылке. При оформлении карт в офисе или просто на сайте банка вы не только не получите подарка, но у вашей карты может оказаться еще и платное обслуживание.</p>", "block": 1}}, {"model": "blocks.question", "pk": 3, "fields": {"title": "Как получить деньги за моих друзей?", "text": "<p>Можно просто пригласить их через банковские приложения и банки начислят вам вознаграждение. Но умнее будет получить такой же сайт как этот, только уже с вашими пригласительными кодами. Тогда вы сможете получить деньги не только за своих близких друзей и родственников, но и за десятки и сотни случайных знакомых и просто посторонних людей. Зарегистрируйтесь на сайте и начинайте зарабатывать прямо сейчас.</p>", "block": 1}}, {"model": "blocks.question", "pk": 4, "fields": {"title": "Зачем вам партнеры, если все так круто?", "text": "<p>Предложение сайта может найти отклик почти у 100 млн. россиян. У нас никогда не хватит ресурсов, чтобы добраться до всех. А вот с несколькими тысячами активных партнеров это более чем реально. Поэтому мы предпочитаем получить 20% выгоды с сотен тысяч человек, а остальным поделиться с вами, чем все 100% забрать себе, но всего с нескольких тысяч человек. Как говорится, лучше есть пирог с друзьями, чем г... в одиночку :)</p>", "block": 1}}, {"model": "blocks.question", "pk": 5, "fields": {"title": "Что потом делать с картой, если она не нужна?", "text": "<p>Можете закрыть ее в приложении банка. Дебитные карты и связанные с ними текущие счета закрываются мгновенно. Процесс закрытия договора по кредитной карте в разных банках может занимать до 45 дней.</p>", "block": 1}}, {"model": "blocks.stage", "pk": 1, "fields": {"title": "Регистрация", "text": "<p>Бесплатно зарегистрируйтесь в нашей партнерской программе. Ваш сайт и лендинги будут созданы автоматически. В качестве бонуса вы получите уникальную инструкцию, как грамотно использовать доступные вам банковские продукты, чтобы быстро улучшить свое финансовое положение.</p>", "period": "1 минута", "num": 1, "block": 1}}, {"model": "blocks.stage", "pk": 2, "fields": {"title": "Оформление карт", "text": "<p>Оформите дебетовые или кредитные карты во всех банках, в каких возможно, чтобы получать партнерское вознаграждение за максимальное число акций. Для заказа карт используйте только ссылки на сайте, иначе ваш процент дохода будет существенно ниже. Если у вас уже есть карта конкретного банка, можно оформить на кого-то из семьи.</p>", "period": "1 неделя", "num": 2, "block": 1}}, {"model": "blocks.stage", "pk": 3, "fields": {"title": "Запуск вашего сайта", "text": "<p>Скопируйте свои партнерские ссылки или коды в приложениях банков и впишите их в администраторской панели вместо системных. Посетители вашего сайта теперь начнут переходить в банки по вашим ссылкам и вознаграждение за них будет зачисляться прямо на ваши счета в этих банках.</p>", "period": "1 день", "num": 3, "block": 1}}, {"model": "blocks.stage", "pk": 4, "fields": {"title": "Продвижение", "text": "<p>Как только сайт начнет работать, мы бесплатно дадим вам готовый Телеграм канал с 500+ активных подписчиков, который вы сможете развивать самостоятельно. В личном кабинете вы найдете подробные инструкции и методики, как раскрутить сайт через Телеграм, ВК, Дзен, Яндекс Директ и пр. Кроме того, у вас будут кураторы, которые будут давать вам полезные советы и подсказки по продвижению сайта.</p>", "period": "1 месяц", "num": 4, "block": 1}}, {"model": "blocks.stage", "pk": 5, "fields": {"title": "Профит", "text": "<p>Уже первые посетители начнут приносить вам деньги от банков за новых клиентов. Вам нужно будет только усиливать продвижение сайта по нашей методике, пока вы не выйдете на ежемесячный доход, который вас устраивает. И, после этого, просто поддерживать достигнутые результаты и жить в свое удовольствие.</p>", "period": "10 лет", "num": 5, "block": 1}}, {"model": "blocks.catalogproduct", "pk": 1, "fields": {"my_order": 1, "block": 1, "product": 1}}, {"model": "blocks.catalogproduct", "pk": 2, "fields": {"my_order": 2, "block": 1, "product": 1}}, {"model": "blocks.catalogproduct", "pk": 3, "fields": {"my_order": 3, "block": 1, "product": 1}}, {"model": "blocks.catalogproduct", "pk": 7, "fields": {"my_order": 1, "block": 4, "product": 3}}, {"model": "blocks.catalogproduct", "pk": 8, "fields": {"my_order": 2, "block": 4, "product": 3}}, {"model": "blocks.catalogproduct", "pk": 9, "fields": {"my_order": 3, "block": 4, "product": 3}}, {"model": "blocks.catalogproduct", "pk": 11, "fields": {"my_order": 4, "block": 1, "product": 1}}]
