[{"model": "contenttypes.contenttype", "fields": {"app_label": "admin", "model": "logentry"}}, {"model": "contenttypes.contenttype", "fields": {"app_label": "auth", "model": "permission"}}, {"model": "contenttypes.contenttype", "fields": {"app_label": "auth", "model": "group"}}, {"model": "contenttypes.contenttype", "fields": {"app_label": "contenttypes", "model": "contenttype"}}, {"model": "contenttypes.contenttype", "fields": {"app_label": "sessions", "model": "session"}}, {"model": "contenttypes.contenttype", "fields": {"app_label": "user", "model": "user"}}, {"model": "contenttypes.contenttype", "fields": {"app_label": "blocks", "model": "additionalcatalogblock"}}, {"model": "contenttypes.contenttype", "fields": {"app_label": "blocks", "model": "additionalcatalogproducttype"}}, {"model": "contenttypes.contenttype", "fields": {"app_label": "blocks", "model": "block"}}, {"model": "contenttypes.contenttype", "fields": {"app_label": "blocks", "model": "catalogblock"}}, {"model": "contenttypes.contenttype", "fields": {"app_label": "blocks", "model": "catalogproduct"}}, {"model": "contenttypes.contenttype", "fields": {"app_label": "blocks", "model": "navbar"}}, {"model": "contenttypes.contenttype", "fields": {"app_label": "blocks", "model": "page"}}, {"model": "contenttypes.contenttype", "fields": {"app_label": "blocks", "model": "socialmediablock"}}, {"model": "contenttypes.contenttype", "fields": {"app_label": "blocks", "model": "template"}}, {"model": "contenttypes.contenttype", "fields": {"app_label": "blocks", "model": "stagesblock"}}, {"model": "contenttypes.contenttype", "fields": {"app_label": "blocks", "model": "stage"}}, {"model": "contenttypes.contenttype", "fields": {"app_label": "blocks", "model": "socialmediabutton"}}, {"model": "contenttypes.contenttype", "fields": {"app_label": "blocks", "model": "registerblock"}}, {"model": "contenttypes.contenttype", "fields": {"app_label": "blocks", "model": "questionsblock"}}, {"model": "contenttypes.contenttype", "fields": {"app_label": "blocks", "model": "question"}}, {"model": "contenttypes.contenttype", "fields": {"app_label": "blocks", "model": "promocatalog"}}, {"model": "contenttypes.contenttype", "fields": {"app_label": "blocks", "model": "navmenuitem"}}, {"model": "contenttypes.contenttype", "fields": {"app_label": "blocks", "model": "mainpagecatalogblock"}}, {"model": "contenttypes.contenttype", "fields": {"app_label": "blocks", "model": "featuresblock"}}, {"model": "contenttypes.contenttype", "fields": {"app_label": "blocks", "model": "feature"}}, {"model": "contenttypes.contenttype", "fields": {"app_label": "blocks", "model": "cover"}}, {"model": "contenttypes.contenttype", "fields": {"app_label": "blocks", "model": "contentblock"}}, {"model": "contenttypes.contenttype", "fields": {"app_label": "blocks", "model": "catalogproducttype"}}, {"model": "contenttypes.contenttype", "fields": {"app_label": "styles", "model": "basecolor"}}, {"model": "contenttypes.contenttype", "fields": {"app_label": "styles", "model": "font"}}, {"model": "contenttypes.contenttype", "fields": {"app_label": "styles", "model": "globalstyles"}}, {"model": "contenttypes.contenttype", "fields": {"app_label": "styles", "model": "subheadertext"}}, {"model": "contenttypes.contenttype", "fields": {"app_label": "styles", "model": "stagescustomstyles"}}, {"model": "contenttypes.contenttype", "fields": {"app_label": "styles", "model": "socialcustomstyles"}}, {"model": "contenttypes.contenttype", "fields": {"app_label": "styles", "model": "registercustomstyles"}}, {"model": "contenttypes.contenttype", "fields": {"app_label": "styles", "model": "questionscustomstyles"}}, {"model": "contenttypes.contenttype", "fields": {"app_label": "styles", "model": "promocatalogcustomstyles"}}, {"model": "contenttypes.contenttype", "fields": {"app_label": "styles", "model": "navbarcustomstyles"}}, {"model": "contenttypes.contenttype", "fields": {"app_label": "styles", "model": "marginblock"}}, {"model": "contenttypes.contenttype", "fields": {"app_label": "styles", "model": "maintext"}}, {"model": "contenttypes.contenttype", "fields": {"app_label": "styles", "model": "mainpagecatalogcustomstyles"}}, {"model": "contenttypes.contenttype", "fields": {"app_label": "styles", "model": "iconsize"}}, {"model": "contenttypes.contenttype", "fields": {"app_label": "styles", "model": "headertext"}}, {"model": "contenttypes.contenttype", "fields": {"app_label": "styles", "model": "featurescustomstyles"}}, {"model": "contenttypes.contenttype", "fields": {"app_label": "styles", "model": "explanationtext"}}, {"model": "contenttypes.contenttype", "fields": {"app_label": "styles", "model": "covercustomstyles"}}, {"model": "contenttypes.contenttype", "fields": {"app_label": "styles", "model": "contentcustomstyles"}}, {"model": "contenttypes.contenttype", "fields": {"app_label": "styles", "model": "colorstyles"}}, {"model": "contenttypes.contenttype", "fields": {"app_label": "styles", "model": "catalogcustomstyles"}}, {"model": "contenttypes.contenttype", "fields": {"app_label": "styles", "model": "additionalcatalogcustomstyles"}}, {"model": "contenttypes.contenttype", "fields": {"app_label": "settings", "model": "sitesettings"}}, {"model": "contenttypes.contenttype", "fields": {"app_label": "settings", "model": "logo"}}, {"model": "contenttypes.contenttype", "fields": {"app_label": "settings", "model": "icon"}}, {"model": "contenttypes.contenttype", "fields": {"app_label": "settings", "model": "formlogo"}}, {"model": "contenttypes.contenttype", "fields": {"app_label": "common", "model": "blockrelationship"}}, {"model": "contenttypes.contenttype", "fields": {"app_label": "common", "model": "socialnetwork"}}, {"model": "contenttypes.contenttype", "fields": {"app_label": "catalog", "model": "catalogpagetemplate"}}, {"model": "contenttypes.contenttype", "fields": {"app_label": "catalog", "model": "exclusivecard"}}, {"model": "contenttypes.contenttype", "fields": {"app_label": "catalog", "model": "organization"}}, {"model": "contenttypes.contenttype", "fields": {"app_label": "catalog", "model": "organizationtype"}}, {"model": "contenttypes.contenttype", "fields": {"app_label": "catalog", "model": "producttype"}}, {"model": "contenttypes.contenttype", "fields": {"app_label": "catalog", "model": "product"}}, {"model": "contenttypes.contenttype", "fields": {"app_label": "catalog", "model": "link"}}, {"model": "contenttypes.contenttype", "fields": {"app_label": "catalog", "model": "block"}}, {"model": "contenttypes.contenttype", "fields": {"app_label": "domens", "model": "domain"}}, {"model": "contenttypes.contenttype", "fields": {"app_label": "domens", "model": "site"}}, {"model": "contenttypes.contenttype", "fields": {"app_label": "account", "model": "messanger"}}, {"model": "contenttypes.contenttype", "fields": {"app_label": "account", "model": "userfont"}}, {"model": "contenttypes.contenttype", "fields": {"app_label": "account", "model": "usermessanger"}}, {"model": "contenttypes.contenttype", "fields": {"app_label": "account", "model": "usersocialnetwork"}}, {"model": "contenttypes.contenttype", "fields": {"app_label": "notifications", "model": "notification"}}, {"model": "contenttypes.contenttype", "fields": {"app_label": "notifications", "model": "trigger"}}, {"model": "contenttypes.contenttype", "fields": {"app_label": "notifications", "model": "usernotification"}}, {"model": "sessions.session", "pk": "0cz4an1nw2vta6nx9vjcc6dth95m3ks1", "fields": {"session_data": ".eJxVi8sKwyAQRf_FdQkzEuPYXeiHyPhCKTFQdRX6702gi3Z57j3nEJZHz3a0-LIliLtAcfvdHPtnrNdx4fTF6TFa37c1bKWupxtrL5572et_nbnlM5VqwRiRgDWqBGyYVADjTCDHARaVUCsHs0akWWsmL32KQUkiIwFm8f4AQnU2dw:1sQWt9:pxLA0yU-xMK7jk6a5O-NdEQbHmpOv7kw5jr9gjy3bA4", "expire_date": "2024-07-21T18:45:31.071Z"}}, {"model": "sessions.session", "pk": "0hvjx27cz5jf7pm98epn4yvr6klqapey", "fields": {"session_data": ".eJxVi8sKwyAQRf_FdQkzEuPYXeiHyPhCKTFQdRX6702gi3Z57j3nEJZHz3a0-LIliLtAcfvdHPtnrNdx4fTF6TFa37c1bKWupxtrL5572et_nbnlM5VqwRiRgDWqBGyYVADjTCDHARaVUCsHs0akWWsmL32KQUkiIwFm8f4AQnU2dw:1sPPPD:hJAj8DLKVPuDm7CSzeuPiOPyfYKr5OrWDSWI6mMs2-Q", "expire_date": "2024-07-18T16:33:59.366Z"}}, {"model": "sessions.session", "pk": "0qrhqdvsuubpee50edx3k2yo0lzey0wk", "fields": {"session_data": ".eJxVjDsOwjAQBe_iGlmsgz9LSc8Zol17jQPIluKkQtwdIqWA9s3Me6mR1qWMa5d5nJI6K1CH340pPqRuIN2p3pqOrS7zxHpT9E67vrYkz8vu_h0U6uVbGzAgwQ0SEg8YMyI7smidz3Dyhrz1ERANC4IXNpmBHEZ7zMFg9qDeH85TN2U:1sYmV0:xfBpzfkE6mkrNxOpu0BYZmfr_YDEv4N9_U5BUcj3d3w", "expire_date": "2024-08-13T13:02:42.955Z"}}, {"model": "sessions.session", "pk": "0zem1nc505uxcyivrlqwmrm9ta928o1n", "fields": {"session_data": ".eJxVi8sOwiAQRf-FtWkcKo9x1_RDyABDIKY0EVgZ_902caHLc-85L-Fo9OxG46crUdwFiMvv5ik8uJ7HidMXp3W0vm9L3EpdDpdrL4F62et_nanlI5Ugga2e2UY_Y0iIXpNCpU2Cm5FklAmAKD0jGPYyeSCNQV2TlZgMiPcHQqs2yg:1sS1h3:FwJmxCPy22scIHEMyUK7RVNP4fy2RaoWTtW_S0iPYUs", "expire_date": "2024-07-25T21:51:13.575Z"}}, {"model": "sessions.session", "pk": "27k3fvksn9akyrkjkz0v5y2k6cojfr4l", "fields": {"session_data": ".eJxVjDEOwjAMRe-SGUV2lDQOIztnqJzYpQXUSE07Ie4OlTrA-t97_2V63tax35ou_STmbNCcfrfM5aHzDuTO863aUud1mbLdFXvQZq9V9Hk53L-Dkdv4rV3oUBUJOGIYgBNTEEg5CWUW6MKAMWTwEZF8jEzFlUElOKLkALx5fwDOHTcS:1sKiSd:IZfaHQAA27_jN4kWvXwAvpG3VgTLlPNLc35Vmt8wLyA", "expire_date": "2024-07-05T17:54:07.905Z"}}, {"model": "sessions.session", "pk": "2e7aogo4xpuhlzxpj08ksk84acmi1m6g", "fields": {"session_data": ".eJxVjDEOwjAMRe-SGUV2lDQOIztnqJzYpQXUSE07Ie4OlTrA-t97_2V63tax35ou_STmbNCcfrfM5aHzDuTO863aUud1mbLdFXvQZq9V9Hk53L-Dkdv4rV3oUBUJOGIYgBNTEEg5CWUW6MKAMWTwEZF8jEzFlUElOKLkALx5fwDOHTcS:1sLlrw:78GT4RKlmlaKXhnoHJnRJPwd1ZxIf_T0LOZWRogRHFU", "expire_date": "2024-07-08T15:44:36.593Z"}}, {"model": "sessions.session", "pk": "2ssvkgc24ykblo18m9wyvbgkc82s0bt7", "fields": {"session_data": ".eJxVi8sOwiAQRf-FtWkcKo9x1_RDyABDIKY0EVgZ_902caHLc-85L-Fo9OxG46crUdwFiMvv5ik8uJ7HidMXp3W0vm9L3EpdDpdrL4F62et_nanlI5Ugga2e2UY_Y0iIXpNCpU2Cm5FklAmAKD0jGPYyeSCNQV2TlZgMiPcHQqs2yg:1scPMq:jH39f-LbL2cq6zPCnPG00yb8T6q3-OLOD7aI_hAhwmo", "expire_date": "2024-08-23T13:09:16.986Z"}}, {"model": "sessions.session", "pk": "38jfrn9asopwgzolejafiy0ilpzgb7hi", "fields": {"session_data": ".eJxVjDEOwjAMRe-SGUV2lDQOIztnqJzYpQXUSE07Ie4OlTrA-t97_2V63tax35ou_STmbNCcfrfM5aHzDuTO863aUud1mbLdFXvQZq9V9Hk53L-Dkdv4rV3oUBUJOGIYgBNTEEg5CWUW6MKAMWTwEZF8jEzFlUElOKLkALx5fwDOHTcS:1sQCUg:0p4XYa7Kf0jmSy7qD4966KmmAIb-juZtl8kjE1Pg4lo", "expire_date": "2024-07-20T20:58:54.578Z"}}, {"model": "sessions.session", "pk": "3em2pxvwpfsvqxk394nxk85ickkynt6g", "fields": {"session_data": ".eJxVjDsOwjAQBe_iGlmsgz9LSc8Zol17jQPIluKkQtwdIqWA9s3Me6mR1qWMa5d5nJI6K1CH340pPqRuIN2p3pqOrS7zxHpT9E67vrYkz8vu_h0U6uVbGzAgwQ0SEg8YMyI7smidz3Dyhrz1ERANC4IXNpmBHEZ7zMFg9qDeH85TN2U:1sc3wl:cg9ymN5VttKFBE14kLtLeVFJzfz6W7pHz0ydeOiV5lw", "expire_date": "2024-08-22T14:16:55.089Z"}}, {"model": "sessions.session", "pk": "3wbl4sh33k0be96xnp1vsyzh6v7lkip1", "fields": {"session_data": ".eJxVjDsOwjAQBe_iGlmsgz9LSc8Zol17jQPIluKkQtwdIqWA9s3Me6mR1qWMa5d5nJI6K1CH340pPqRuIN2p3pqOrS7zxHpT9E67vrYkz8vu_h0U6uVbGzAgwQ0SEg8YMyI7smidz3Dyhrz1ERANC4IXNpmBHEZ7zMFg9qDeH85TN2U:1sbKzt:2hHEOSO_-Q_kqCaacRGZ1-Vx4I17f6-tK2l6ATuP2rs", "expire_date": "2024-08-20T14:17:09.476Z"}}, {"model": "sessions.session", "pk": "3z0pw25p3zdgbpiuap9yvpuaupz6qdkl", "fields": {"session_data": ".eJxVjDsOwjAQBe_iGlmsgz9LSc8Zol17jQPIluKkQtwdIqWA9s3Me6mR1qWMa5d5nJI6K1CH340pPqRuIN2p3pqOrS7zxHpT9E67vrYkz8vu_h0U6uVbGzAgwQ0SEg8YMyI7smidz3Dyhrz1ERANC4IXNpmBHEZ7zMFg9qDeH85TN2U:1sZuOk:fdExHIXpOuySM-9yxNWMTSo2mpbDDKjjUU2B20K7dVc", "expire_date": "2024-08-16T15:40:54.240Z"}}, {"model": "sessions.session", "pk": "5kn957oprgebjm7kxmr6u40k31iagyf5", "fields": {"session_data": ".eJxVi8sOwiAQRf-FtWkcKo9x1_RDyABDIKY0EVgZ_902caHLc-85L-Fo9OxG46crUdwFiMvv5ik8uJ7HidMXp3W0vm9L3EpdDpdrL4F62et_nanlI5Ugga2e2UY_Y0iIXpNCpU2Cm5FklAmAKD0jGPYyeSCNQV2TlZgMiPcHQqs2yg:1sc2ID:QutiU_2BIu-CFZL_Y2nWUGjq-TTTw4UBswLOOumyI44", "expire_date": "2024-08-22T12:30:57.218Z"}}, {"model": "sessions.session", "pk": "5xshjsd7ktb0n9en4kb94cb5zthpgysv", "fields": {"session_data": ".eJxVi8sOwiAQRf-FtWkcKo9x1_RDyABDIKY0EVgZ_902caHLc-85L-Fo9OxG46crUdwFiMvv5ik8uJ7HidMXp3W0vm9L3EpdDpdrL4F62et_nanlI5Ugga2e2UY_Y0iIXpNCpU2Cm5FklAmAKD0jGPYyeSCNQV2TlZgMiPcHQqs2yg:1sZWlR:HNe0yr0rWK9Bg1OadMRTF-E7lTSTvtLwxnEgJQ5Q2ZY", "expire_date": "2024-08-15T14:26:45.769Z"}}, {"model": "sessions.session", "pk": "6oo6x3i2yeii5tzyxfyapto5tvh2an9p", "fields": {"session_data": ".eJxVjDEOwjAMRe-SGUV2lDQOIztnqJzYpQXUSE07Ie4OlTrA-t97_2V63tax35ou_STmbNCcfrfM5aHzDuTO863aUud1mbLdFXvQZq9V9Hk53L-Dkdv4rV3oUBUJOGIYgBNTEEg5CWUW6MKAMWTwEZF8jEzFlUElOKLkALx5fwDOHTcS:1sKkBi:XAb8ekZCnwXcW7a4TQ6zIApa6l94QNGZrHLaAyIKT9g", "expire_date": "2024-07-05T19:44:46.101Z"}}, {"model": "sessions.session", "pk": "7e3dlrae9lwcxbz0qostbdhotootlhd7", "fields": {"session_data": ".eJxVjDsOwjAQBe_iGlmsgz9LSc8Zol17jQPIluKkQtwdIqWA9s3Me6mR1qWMa5d5nJI6K1CH340pPqRuIN2p3pqOrS7zxHpT9E67vrYkz8vu_h0U6uVbGzAgwQ0SEg8YMyI7smidz3Dyhrz1ERANC4IXNpmBHEZ7zMFg9qDeH85TN2U:1sY1cL:ARzgJ5S9Y9DEp2G7LPDPjtDY5ZHF_e9RcSvtjPjeNmI", "expire_date": "2024-08-11T10:59:09.379Z"}}, {"model": "sessions.session", "pk": "9q4chgvibiku3aonoqrg95hj91qfe3nu", "fields": {"session_data": ".eJxVi8sOwiAQRf-FtWkcKo9x1_RDyABDIKY0EVgZ_902caHLc-85L-Fo9OxG46crUdwFiMvv5ik8uJ7HidMXp3W0vm9L3EpdDpdrL4F62et_nanlI5Ugga2e2UY_Y0iIXpNCpU2Cm5FklAmAKD0jGPYyeSCNQV2TlZgMiPcHQqs2yg:1sVrmT:s83hz6q2QJlB1bdylxKZrkm82z8CHwlPBTNnc2YrV9I", "expire_date": "2024-08-05T12:04:41.728Z"}}, {"model": "sessions.session", "pk": "bif08lhz8540v9tpr20ccylgmiftyum0", "fields": {"session_data": ".eJxVi0EKwyAQRe_iugQ1mkh3oQeRcWZEKTFQdRV69xrool2-9_4_hYfeku-VXz6TuAslxe1XBsAnl6tcOH1xevTajn2jPZdtbLm0jNDyUf7fCWoa14iLlkQB9WzXKNkCQ5TGrlJbg8EtM1mtLQCTU8ONjhGckWyUM6DF-wOMnjem:1saCUf:rGOUz_DxZDNla44pR7ZYtGX_p4ZqEpnDxYdHLQsG6W4", "expire_date": "2024-08-17T11:00:13.904Z"}}, {"model": "sessions.session", "pk": "dd8k8sy09hc4d0d49auglpmfvl01li09", "fields": {"session_data": ".eJxVjDEOwjAMRe-SGUV2lDQOIztnqJzYpQXUSE07Ie4OlTrA-t97_2V63tax35ou_STmbNCcfrfM5aHzDuTO863aUud1mbLdFXvQZq9V9Hk53L-Dkdv4rV3oUBUJOGIYgBNTEEg5CWUW6MKAMWTwEZF8jEzFlUElOKLkALx5fwDOHTcS:1sOlOS:8icjEiYTPGtHeZmjm1k1sNnvdlQ5SD_pcDn0vdos-gQ", "expire_date": "2024-07-16T21:50:32.890Z"}}, {"model": "sessions.session", "pk": "eacul8p3mn89cb9fxe8dth04cabgsnia", "fields": {"session_data": ".eJxVjDsOwjAQBe_iGlmsgz9LSc8Zol17jQPIluKkQtwdIqWA9s3Me6mR1qWMa5d5nJI6K1CH340pPqRuIN2p3pqOrS7zxHpT9E67vrYkz8vu_h0U6uVbGzAgwQ0SEg8YMyI7smidz3Dyhrz1ERANC4IXNpmBHEZ7zMFg9qDeH85TN2U:1sbHGR:6-4MzmCtSqd4riz2gTWZNAgN5Yqs8yBvBfG8wrOYJn4", "expire_date": "2024-08-20T10:17:59.246Z"}}, {"model": "sessions.session", "pk": "fdjnhgdpxckufrqswkmp66vzje81pbpg", "fields": {"session_data": ".eJxVjDsOwjAQBe_iGlmsgz9LSc8Zol17jQPIluKkQtwdIqWA9s3Me6mR1qWMa5d5nJI6K1CH340pPqRuIN2p3pqOrS7zxHpT9E67vrYkz8vu_h0U6uVbGzAgwQ0SEg8YMyI7smidz3Dyhrz1ERANC4IXNpmBHEZ7zMFg9qDeH85TN2U:1sbKy3:33qUqq2K0C8TEGsOCg3ULFe_XVKYi4-Kk2kqNG6B6A0", "expire_date": "2024-08-20T14:15:15.452Z"}}, {"model": "sessions.session", "pk": "fxwn59hnu77zq5n8onluiccj5vbquw0q", "fields": {"session_data": ".eJxVi8sOwiAQRf-FtWkcKo9x1_RDyABDIKY0EVgZ_902caHLc-85L-Fo9OxG46crUdwFiMvv5ik8uJ7HidMXp3W0vm9L3EpdDpdrL4F62et_nanlI5Ugga2e2UY_Y0iIXpNCpU2Cm5FklAmAKD0jGPYyeSCNQV2TlZgMiPcHQqs2yg:1sWJEq:hn6KNa3n_G9aUJTWcOtIxpvEpbexaKhyto9uB2b4oZ4", "expire_date": "2024-08-06T17:23:48.597Z"}}, {"model": "sessions.session", "pk": "gnl7coj10nsdnxl5oxdstpk8q38jd7ld", "fields": {"session_data": ".eJxVjDsOwjAQBe_iGlmsgz9LSc8Zol17jQPIluKkQtwdIqWA9s3Me6mR1qWMa5d5nJI6K1CH340pPqRuIN2p3pqOrS7zxHpT9E67vrYkz8vu_h0U6uVbGzAgwQ0SEg8YMyI7smidz3Dyhrz1ERANC4IXNpmBHEZ7zMFg9qDeH85TN2U:1sZseu:nJ0DabFpcclspOTSp0tgl9T9X5tqp86IsQZ_0CbdpPQ", "expire_date": "2024-08-16T13:49:28.896Z"}}, {"model": "sessions.session", "pk": "i0szo40rpwy6vg1rfxq265y8k9zsmatn", "fields": {"session_data": ".eJxVjDsOwjAQBe_iGlmsgz9LSc8Zol17jQPIluKkQtwdIqWA9s3Me6mR1qWMa5d5nJI6K1CH340pPqRuIN2p3pqOrS7zxHpT9E67vrYkz8vu_h0U6uVbGzAgwQ0SEg8YMyI7smidz3Dyhrz1ERANC4IXNpmBHEZ7zMFg9qDeH85TN2U:1sY4VN:5CNl6oyg9fFeNuGQl8_ZkwV8GFBDJ6sF2irz12Petbs", "expire_date": "2024-08-11T14:04:09.836Z"}}, {"model": "sessions.session", "pk": "iocqufxxqvoinm4lrhxang16ckqc84aq", "fields": {"session_data": ".eJxVjDsOwjAQBe_iGlmsgz9LSc8Zol17jQPIluKkQtwdIqWA9s3Me6mR1qWMa5d5nJI6K1CH340pPqRuIN2p3pqOrS7zxHpT9E67vrYkz8vu_h0U6uVbGzAgwQ0SEg8YMyI7smidz3Dyhrz1ERANC4IXNpmBHEZ7zMFg9qDeH85TN2U:1scAPq:VLrIS7M6w5y6Rz9piHR282MMrReBaMtsDg-PmDchtG0", "expire_date": "2024-08-22T21:11:22.114Z"}}, {"model": "sessions.session", "pk": "iqwuqvg5x4jl4l9ikg10s2p4mhk7jvdu", "fields": {"session_data": ".eJxVjDsOwjAQBe_iGlmsgz9LSc8Zol17jQPIluKkQtwdIqWA9s3Me6mR1qWMa5d5nJI6K1CH340pPqRuIN2p3pqOrS7zxHpT9E67vrYkz8vu_h0U6uVbGzAgwQ0SEg8YMyI7smidz3Dyhrz1ERANC4IXNpmBHEZ7zMFg9qDeH85TN2U:1sZx7Q:RKldOXO3XlvD6obVOYxz96I-61NxCd8r9DAd1lBrSe4", "expire_date": "2024-08-16T18:35:12.782Z"}}, {"model": "sessions.session", "pk": "iysc3e29aajv4d1dp6380ku2nb407vea", "fields": {"session_data": ".eJxVi8sOwiAQRf-FtWkcKo9x1_RDyABDIKY0EVgZ_902caHLc-85L-Fo9OxG46crUdwFiMvv5ik8uJ7HidMXp3W0vm9L3EpdDpdrL4F62et_nanlI5Ugga2e2UY_Y0iIXpNCpU2Cm5FklAmAKD0jGPYyeSCNQV2TlZgMiPcHQqs2yg:1sahH3:40O8CeUzoyyOXJ9ubaFDXuWdo2y1o9A8fd-F33lzoGo", "expire_date": "2024-08-18T19:52:13.312Z"}}, {"model": "sessions.session", "pk": "j1hc7ja40xrx9o6yp9i9pejut7asic9c", "fields": {"session_data": ".eJxVi8sOwiAQRf-FtWkcKo9x1_RDyABDIKY0EVgZ_902caHLc-85L-Fo9OxG46crUdwFiMvv5ik8uJ7HidMXp3W0vm9L3EpdDpdrL4F62et_nanlI5Ugga2e2UY_Y0iIXpNCpU2Cm5FklAmAKD0jGPYyeSCNQV2TlZgMiPcHQqs2yg:1scVT9:vkfNY3EDssz9UOiF0hp8hAeYXHVKiHvraCI4DBiPOsQ", "expire_date": "2024-08-23T19:40:11.858Z"}}, {"model": "sessions.session", "pk": "lw6ky2x5xw8umeapwahrunvdcm1obh8q", "fields": {"session_data": ".eJxVjDsOwjAQBe_iGlmsgz9LSc8Zol17jQPIluKkQtwdIqWA9s3Me6mR1qWMa5d5nJI6K1CH340pPqRuIN2p3pqOrS7zxHpT9E67vrYkz8vu_h0U6uVbGzAgwQ0SEg8YMyI7smidz3Dyhrz1ERANC4IXNpmBHEZ7zMFg9qDeH85TN2U:1sY18e:98GggsY_oXjFh1UMkAMek9Tqy5VFr59wVaOjb6uq7B0", "expire_date": "2024-08-11T10:28:28.013Z"}}, {"model": "sessions.session", "pk": "mkqb9pf85bru6xt1oterjst0vkfp3cmm", "fields": {"session_data": ".eJxVi8sOwiAQRf-FtWkcKo9x1_RDyABDIKY0EVgZ_902caHLc-85L-Fo9OxG46crUdwFiMvv5ik8uJ7HidMXp3W0vm9L3EpdDpdrL4F62et_nanlI5Ugga2e2UY_Y0iIXpNCpU2Cm5FklAmAKD0jGPYyeSCNQV2TlZgMiPcHQqs2yg:1scVT9:vkfNY3EDssz9UOiF0hp8hAeYXHVKiHvraCI4DBiPOsQ", "expire_date": "2024-08-23T19:40:11.207Z"}}, {"model": "sessions.session", "pk": "ne1e99r0gxiog99n2d48a2dvn64topes", "fields": {"session_data": ".eJxVi8sOwiAQRf-FtWkcKo9x1_RDyABDIKY0EVgZ_902caHLc-85L-Fo9OxG46crUdwFiMvv5ik8uJ7HidMXp3W0vm9L3EpdDpdrL4F62et_nanlI5Ugga2e2UY_Y0iIXpNCpU2Cm5FklAmAKD0jGPYyeSCNQV2TlZgMiPcHQqs2yg:1sXymK:qfpP5bgOMya6bH7zW24OumSsd8p8iDByqngfmyRrQrk", "expire_date": "2024-08-11T07:57:16.805Z"}}, {"model": "sessions.session", "pk": "npnq1c0m37s3u8ulbbooq5hsk8porotw", "fields": {"session_data": ".eJxVjDsOwjAQBe_iGlmsgz9LSc8Zol17jQPIluKkQtwdIqWA9s3Me6mR1qWMa5d5nJI6K1CH340pPqRuIN2p3pqOrS7zxHpT9E67vrYkz8vu_h0U6uVbGzAgwQ0SEg8YMyI7smidz3Dyhrz1ERANC4IXNpmBHEZ7zMFg9qDeH85TN2U:1sReNd:Tjy1tKZrRRvFXWKXDqhl2fHZsTQ2kdQ8eOeOZdwLPe0", "expire_date": "2024-07-24T20:57:37.505Z"}}, {"model": "sessions.session", "pk": "o1xw8id7rmhlzo94y4d43l7feeyrr9h3", "fields": {"session_data": ".eJxVjDsOwjAQBe_iGlmsgz9LSc8Zol17jQPIluKkQtwdIqWA9s3Me6mR1qWMa5d5nJI6K1CH340pPqRuIN2p3pqOrS7zxHpT9E67vrYkz8vu_h0U6uVbGzAgwQ0SEg8YMyI7smidz3Dyhrz1ERANC4IXNpmBHEZ7zMFg9qDeH85TN2U:1sclUo:BSZKev-ZpBey9sWf5IAR8mwEaCcmuGVcuFdlArwk5nc", "expire_date": "2024-08-24T12:46:58.349Z"}}, {"model": "sessions.session", "pk": "o2qyuurbky4ozowdo3e3gbhgrhvumvlu", "fields": {"session_data": ".eJxVi8EKwyAQBf_FcwkaddXeQj5EdF1RSgw0eir99ybQQ3uc92ZezIfRix8HPX1N7M7EzG6_Ywz4oHY9F05fnNZx9H1b0lbbcrrUesXQ697-6xKOcqbZkBIhWgVxdgmMTFoCaYPCuAxcgSaLPJFUWoWIYIEbSYQup2hQRvb-AHTuN7E:1sbL0Z:Ls3_tzzyAR3mg-yGznXGqDrz7mLkBw0B-0PjXk3caCI", "expire_date": "2024-08-20T14:17:51.133Z"}}, {"model": "sessions.session", "pk": "oe8ybbdxqxz9iqeo83raipi62mv1z3bk", "fields": {"session_data": ".eJxVi8sOwiAQRf-FtWkcKo9x1_RDyABDIKY0EVgZ_902caHLc-85L-Fo9OxG46crUdwFiMvv5ik8uJ7HidMXp3W0vm9L3EpdDpdrL4F62et_nanlI5Ugga2e2UY_Y0iIXpNCpU2Cm5FklAmAKD0jGPYyeSCNQV2TlZgMiPcHQqs2yg:1sbMi2:G-AjRKD0d162QGQ9QJWELK8WZRuf0LxtThvIM9TaVj4", "expire_date": "2024-08-20T16:06:50.969Z"}}, {"model": "sessions.session", "pk": "phbrsc8xs92okw0okyd1nasiex2xmyip", "fields": {"session_data": ".eJxVi8sKwyAQRf_FdQkzEuPYXeiHyPhCKTFQdRX6702gi3Z57j3nEJZHz3a0-LIliLtAcfvdHPtnrNdx4fTF6TFa37c1bKWupxtrL5572et_nbnlM5VqwRiRgDWqBGyYVADjTCDHARaVUCsHs0akWWsmL32KQUkiIwFm8f4AQnU2dw:1sLpi9:eESFQSYVgTxFrmJfi_QE-a-GOKrz3PZvYwO8UBrlxvg", "expire_date": "2024-07-08T19:50:45.582Z"}}, {"model": "sessions.session", "pk": "prgp68wxyslhi2nx757kwcnh3pvobjip", "fields": {"session_data": ".eJxVi8sKwyAQRf_FdQkzEuPYXeiHyPhCKTFQdRX6702gi3Z57j3nEJZHz3a0-LIliLtAcfvdHPtnrNdx4fTF6TFa37c1bKWupxtrL5572et_nbnlM5VqwRiRgDWqBGyYVADjTCDHARaVUCsHs0akWWsmL32KQUkiIwFm8f4AQnU2dw:1sMkFQ:vPc47g1mm30-pWaDTQK0Fr8nKOzmvvo4fvDt0DVSJCw", "expire_date": "2024-07-11T08:12:52.948Z"}}, {"model": "sessions.session", "pk": "q8xmto0dw8zxedm40b1btjsjfd2wjrhp", "fields": {"session_data": ".eJxVjDEOwjAMRe-SGUV2lDQOIztnqJzYpQXUSE07Ie4OlTrA-t97_2V63tax35ou_STmbNCcfrfM5aHzDuTO863aUud1mbLdFXvQZq9V9Hk53L-Dkdv4rV3oUBUJOGIYgBNTEEg5CWUW6MKAMWTwEZF8jEzFlUElOKLkALx5fwDOHTcS:1sKwsI:M32rPSNlgj9XjA6xDE_GJ90Q3NrtKU3aBx1qjsdB5QA", "expire_date": "2024-07-06T09:17:34.547Z"}}, {"model": "sessions.session", "pk": "segh1s763o7z604mbpm9igafhw8w5y0n", "fields": {"session_data": ".eJxVjDEOwjAMRe-SGUV2lDQOIztnqJzYpQXUSE07Ie4OlTrA-t97_2V63tax35ou_STmbNCcfrfM5aHzDuTO863aUud1mbLdFXvQZq9V9Hk53L-Dkdv4rV3oUBUJOGIYgBNTEEg5CWUW6MKAMWTwEZF8jEzFlUElOKLkALx5fwDOHTcS:1sQSiC:qvjg67rI5OZVt0VgPPI9pVyFwb8y7ZEI2obn0eh3yu0", "expire_date": "2024-07-21T14:17:56.727Z"}}, {"model": "sessions.session", "pk": "sgrtrifo61kggy35jwk0sn0hmu3c054r", "fields": {"session_data": ".eJxVi8sOwiAQRf-FtWkcKo9x1_RDyABDIKY0EVgZ_902caHLc-85L-Fo9OxG46crUdwFiMvv5ik8uJ7HidMXp3W0vm9L3EpdDpdrL4F62et_nanlI5Ugga2e2UY_Y0iIXpNCpU2Cm5FklAmAKD0jGPYyeSCNQV2TlZgMiPcHQqs2yg:1saKE6:qG-cJFCVrhIw3PyrvdyhqjtsCZbdrhIbfitW64JQSPM", "expire_date": "2024-08-17T19:15:38.735Z"}}, {"model": "sessions.session", "pk": "tffgyzpigzaeecqpqs6fnwlbohivx1j9", "fields": {"session_data": ".eJxVi8sOwiAQRf-FtWkcKo9x1_RDyABDIKY0EVgZ_902caHLc-85L-Fo9OxG46crUdwFiMvv5ik8uJ7HidMXp3W0vm9L3EpdDpdrL4F62et_nanlI5Ugga2e2UY_Y0iIXpNCpU2Cm5FklAmAKD0jGPYyeSCNQV2TlZgMiPcHQqs2yg:1sazzH:pemzCMAxv1CEVe7f7drHjiOS_df8zQfx0GcvuOecvik", "expire_date": "2024-08-19T15:51:07.384Z"}}, {"model": "sessions.session", "pk": "uhbnmr95ooglgfzvaslaa9jm7lerqa4r", "fields": {"session_data": ".eJxVi8sKwyAQRf_FdQkzEuPYXeiHyPhCKTFQdRX6702gi3Z57j3nEJZHz3a0-LIliLtAcfvdHPtnrNdx4fTF6TFa37c1bKWupxtrL5572et_nbnlM5VqwRiRgDWqBGyYVADjTCDHARaVUCsHs0akWWsmL32KQUkiIwFm8f4AQnU2dw:1sONQa:xrfPaTXYw8YynromZN7PFQ_1GBvGfMpHR-k6SbP-trA", "expire_date": "2024-07-15T20:15:08.299Z"}}, {"model": "sessions.session", "pk": "v1uj5orx154q826zkket0qon4bgumqct", "fields": {"session_data": ".eJxVjDsOwjAQBe_iGlmsgz9LSc8Zol17jQPIluKkQtwdIqWA9s3Me6mR1qWMa5d5nJI6K1CH340pPqRuIN2p3pqOrS7zxHpT9E67vrYkz8vu_h0U6uVbGzAgwQ0SEg8YMyI7smidz3Dyhrz1ERANC4IXNpmBHEZ7zMFg9qDeH85TN2U:1sXPcT:B0dwlCoZJOPNulJ2voXuOvYss7iexw0xpE6i_ZS5ko0", "expire_date": "2024-08-09T18:24:45.952Z"}}, {"model": "sessions.session", "pk": "vgj253k78jb5bsi8eq6t0vpko1lgzy4r", "fields": {"session_data": ".eJxVjDEOwjAMRe-SGUV2lDQOIztnqJzYpQXUSE07Ie4OlTrA-t97_2V63tax35ou_STmbNCcfrfM5aHzDuTO863aUud1mbLdFXvQZq9V9Hk53L-Dkdv4rV3oUBUJOGIYgBNTEEg5CWUW6MKAMWTwEZF8jEzFlUElOKLkALx5fwDOHTcS:1sM04O:8fglWU-u41QYTx-O4nNX2IpNnXsjj9jGDZHiAO9ExXI", "expire_date": "2024-07-09T06:54:24.738Z"}}, {"model": "sessions.session", "pk": "vin7eh23xxmhyw4xr0plcz165erdfllm", "fields": {"session_data": ".eJxVjDsOwjAQBe_iGlmsgz9LSc8Zol17jQPIluKkQtwdIqWA9s3Me6mR1qWMa5d5nJI6K1CH340pPqRuIN2p3pqOrS7zxHpT9E67vrYkz8vu_h0U6uVbGzAgwQ0SEg8YMyI7smidz3Dyhrz1ERANC4IXNpmBHEZ7zMFg9qDeH85TN2U:1sYAos:0YHFnwqxJ_uLeDqgg27xSH0Ay9SqfiT-N7KOWtGvp_M", "expire_date": "2024-08-11T20:48:42.145Z"}}, {"model": "sessions.session", "pk": "vyexnolvt4rhkm5lyaxpj2352mvg752a", "fields": {"session_data": ".eJxVi8sKwyAQRf_FdQkzEuPYXeiHyPhCKTFQdRX6702gi3Z57j3nEJZHz3a0-LIliLtAcfvdHPtnrNdx4fTF6TFa37c1bKWupxtrL5572et_nbnlM5VqwRiRgDWqBGyYVADjTCDHARaVUCsHs0akWWsmL32KQUkiIwFm8f4AQnU2dw:1sLhnP:q9QKuC4ey1zZ2uIgBeSuty3qQhlsVIW0o0Gm85HD9EQ", "expire_date": "2024-07-08T11:23:39.773Z"}}, {"model": "sessions.session", "pk": "x7zswvs6rmetvt9sfbdgqm6z0id8je71", "fields": {"session_data": ".eJxVi8sKwyAQRf_FdQkzEuPYXeiHyPhCKTFQdRX6702gi3Z57j3nEJZHz3a0-LIliLtAcfvdHPtnrNdx4fTF6TFa37c1bKWupxtrL5572et_nbnlM5VqwRiRgDWqBGyYVADjTCDHARaVUCsHs0akWWsmL32KQUkiIwFm8f4AQnU2dw:1sQrPO:MaHT-xNEuau35nnEwwUGWp88Y5a9PtiINUElGrgf5z0", "expire_date": "2024-07-22T16:40:10.989Z"}}, {"model": "sessions.session", "pk": "xy5cyyty2msk5rj4z1wc2pif0iddqk3o", "fields": {"session_data": ".eJxVjDEOwjAMRe-SGUV2lDQOIztnqJzYpQXUSE07Ie4OlTrA-t97_2V63tax35ou_STmbNCcfrfM5aHzDuTO863aUud1mbLdFXvQZq9V9Hk53L-Dkdv4rV3oUBUJOGIYgBNTEEg5CWUW6MKAMWTwEZF8jEzFlUElOKLkALx5fwDOHTcS:1sL4w1:oH1zi2Q7dKqX17HoFBK0jVPmoizb9yHmNuG9xDU2GIY", "expire_date": "2024-07-06T17:53:57.945Z"}}, {"model": "sessions.session", "pk": "zb5yfwbl324m9qig6yg73dl69vau1lll", "fields": {"session_data": ".eJxVi8sKwyAQRf_FdQkzEuPYXeiHyPhCKTFQdRX6702gi3Z57j3nEJZHz3a0-LIliLtAcfvdHPtnrNdx4fTF6TFa37c1bKWupxtrL5572et_nbnlM5VqwRiRgDWqBGyYVADjTCDHARaVUCsHs0akWWsmL32KQUkiIwFm8f4AQnU2dw:1sP60X:c7K0uWc8sqz2YFZ7za_pj6FWucBsb6kgPwvCQvMFBJA", "expire_date": "2024-07-17T19:51:13.260Z"}}, {"model": "blocks.page", "pk": 4, "fields": {"title": "Главная", "url": null}}, {"model": "blocks.page", "pk": 5, "fields": {"title": "Партнерам", "url": "partners"}}, {"model": "blocks.block", "pk": 27, "fields": {"my_order": 1, "name": 6, "page": 4}}, {"model": "blocks.block", "pk": 28, "fields": {"my_order": 2, "name": 33, "page": 4}}, {"model": "blocks.block", "pk": 30, "fields": {"my_order": 8, "name": 29, "page": 4}}, {"model": "blocks.block", "pk": 32, "fields": {"my_order": 6, "name": 20, "page": 4}}, {"model": "blocks.block", "pk": 37, "fields": {"my_order": 11, "name": 21, "page": 4}}, {"model": "blocks.block", "pk": 50, "fields": {"my_order": 3, "name": 19, "page": 4}}, {"model": "blocks.block", "pk": 52, "fields": {"my_order": 10, "name": 23, "page": 4}}, {"model": "blocks.block", "pk": 54, "fields": {"my_order": 5, "name": 31, "page": 4}}, {"model": "blocks.block", "pk": 55, "fields": {"my_order": 7, "name": 32, "page": 4}}, {"model": "blocks.block", "pk": 56, "fields": {"my_order": 1, "name": 6, "page": 5}}, {"model": "blocks.block", "pk": 57, "fields": {"my_order": 2, "name": 7, "page": 5}}, {"model": "blocks.block", "pk": 60, "fields": {"my_order": 5, "name": 19, "page": 5}}, {"model": "blocks.block", "pk": 61, "fields": {"my_order": 6, "name": 12, "page": 5}}, {"model": "blocks.block", "pk": 62, "fields": {"my_order": 7, "name": 22, "page": 5}}, {"model": "blocks.block", "pk": 63, "fields": {"my_order": 8, "name": 23, "page": 5}}, {"model": "blocks.block", "pk": 64, "fields": {"my_order": 9, "name": 16, "page": 5}}, {"model": "blocks.block", "pk": 65, "fields": {"my_order": 10, "name": 10, "page": 5}}, {"model": "blocks.block", "pk": 66, "fields": {"my_order": 11, "name": 14, "page": 5}}, {"model": "blocks.block", "pk": 67, "fields": {"my_order": 12, "name": 24, "page": 5}}, {"model": "blocks.block", "pk": 68, "fields": {"my_order": 13, "name": 15, "page": 5}}, {"model": "blocks.block", "pk": 69, "fields": {"my_order": 14, "name": 13, "page": 5}}, {"model": "blocks.block", "pk": 70, "fields": {"my_order": 15, "name": 23, "page": 5}}, {"model": "blocks.block", "pk": 71, "fields": {"my_order": 16, "name": 21, "page": 5}}, {"model": "blocks.block", "pk": 72, "fields": {"my_order": 17, "name": 18, "page": 5}}, {"model": "blocks.block", "pk": 87, "fields": {"my_order": 9, "name": 36, "page": 4}}, {"model": "blocks.block", "pk": 88, "fields": {"my_order": 4, "name": 39, "page": 4}}, {"model": "blocks.template", "pk": 1, "fields": {"name": "Контент (текст+фото)", "file": "text2photos.html"}}, {"model": "blocks.template", "pk": 2, "fields": {"name": "Навбар", "file": "nav.html"}}, {"model": "blocks.template", "pk": 3, "fields": {"name": "Контент (фото+текст)", "file": "text2photos-mirrored.html"}}, {"model": "blocks.template", "pk": 4, "fields": {"name": "Обложка", "file": "cover.html"}}, {"model": "blocks.template", "pk": 5, "fields": {"name": "Особенности", "file": "features.html"}}, {"model": "blocks.template", "pk": 6, "fields": {"name": "Особенности (без заголовка)", "file": "features-without-text.html"}}, {"model": "blocks.template", "pk": 7, "fields": {"name": "Особенности (горизонтальный)", "file": "features-horizontal.html"}}, {"model": "blocks.template", "pk": 8, "fields": {"name": "Контент (текст)", "file": "content-without-photos.html"}}, {"model": "blocks.template", "pk": 9, "fields": {"name": "Регистрация (блок)", "file": "register.html"}}, {"model": "blocks.template", "pk": 10, "fields": {"name": "Регистрация", "file": "register-without-text.html"}}, {"model": "blocks.template", "pk": 11, "fields": {"name": "Соцсети", "file": "socialmedia.html"}}, {"model": "blocks.template", "pk": 12, "fields": {"name": "Вопросы", "file": "questions.html"}}, {"model": "blocks.template", "pk": 15, "fields": {"name": "Этапы", "file": "stages.html"}}, {"model": "blocks.template", "pk": 16, "fields": {"name": "Каталог", "file": "catalog.html"}}, {"model": "blocks.template", "pk": 17, "fields": {"name": "Витрина", "file": "main_page_catalog.html"}}, {"model": "blocks.template", "pk": 18, "fields": {"name": "Витрина (дополнение)", "file": "main_page_catalog_additional.html"}}, {"model": "blocks.template", "pk": 19, "fields": {"name": "Промо акции", "file": "promo_catalog.html"}}, {"model": "blocks.contentblock", "pk": 1, "fields": {"name": "Рефералка (Партнерам)", "template": 1, "ancor": "referrals", "block_relation": 16, "text": "<p>Когда дело становится бизнесом? Когда на вас начинают работать другие люди. И мы уже придумали, как вам нанять десятки сотрудников, которые будут старательно зарабатывать для вас деньги, при этом зарплату им платить не надо.<br />\r\n<br />\r\nКаждый посетитель вашего сайта, который тоже захочет зарабатывать на банковских акциях, станет вашим рефералом. Это означает, что до 20% его доходов будет автоматически перенаправляться к вам. Более того, часть доходов его собственных рефералов тоже будет отчисляться вам. И часть доходов рефералов следующего уровня.<br />\r\n<br />\r\nВсе верно - трехуровневая реферальная система. Т.е. если вы привлекли 5 рефералов, каждый из них привлек всего по 3 реферала второго уровня, а те привлекли хотя бы по 2 реферала третьего уровня, то вы будете получать часть дохода с 50 партнерских сайтов, помимо своего собственного. Ого!</p>", "title": "Бомба? Нет, настоящая бомба здесь", "button_text": "Начните сейчас", "button_ref": "#example", "image1": "images/content/1_kp8hcez.jpg", "image2": "images/content/2_cKsbvvO.jpg"}}, {"model": "blocks.contentblock", "pk": 2, "fields": {"name": "Траффик (Партнерам)", "template": 3, "ancor": "mirrored", "block_relation": 15, "text": "<p>Ваши первые посетители - это, естественно, ваши знакомые и контакты в записной книжке, которым вы пришлете ссылку на свой сайт. Но мы вас, конечно, так не бросим. Мы сразу дадим вам готовый Телеграм канал с 500+ активных подписчиков, которые станут вашей начальной рекламной аудиторией.<br />\r\n<br />\r\nКроме этого вы получите бесплатный доступ к нашей методике и инструментам продвижения, которые позволят вам бесплатно или очень дешево привлекать тысячи заинтересованных посетителей на свой сайт. И каждый из них может принести вам от 2,000 до 25,000!<br />\r\n<br />\r\nА еще вы сможете общаться с успешными партнерами, которые делятся рабочими техниками раскрутки в Телеграм, ВК, Дзен, Яндекс Директ, WhatsApp, Youtube, Tik Tok и пр. Их советы дадут вам возможность за считанные месяцы выйти на доход в сотни тысяч рублей.</p>", "title": "Где взять посетителей", "button_text": "Начните сейчас", "button_ref": "#content", "image1": "images/content/audience2_S8KFKaq.jpg", "image2": "images/content/audience1_vuCMSpd.jpg"}}, {"model": "blocks.contentblock", "pk": 3, "fields": {"name": "контент без фоток", "template": 8, "ancor": null, "block_relation": 17, "text": "<p>Оценили фишку сайта? Здесь с вас не трясут деньги за ненужное барахло, а, наоборот, предлагают забрать десятки тысяч в подарок. Кто же от такого откажется? А за каждый бонус, выданный вам банками, мы тоже получаем от них деньги. Вот так просто. И вы тоже можете прямо сейчас получить этот генератор пассивного дохода и зарабатывать до 700,000 в месяц.</p>", "title": "Бесплатно заберите готовый онлайн бизнес", "button_text": "начать сейчас", "button_ref": null, "image1": "", "image2": ""}}, {"model": "blocks.contentblock", "pk": 4, "fields": {"name": "Партнерам (Главная)", "template": 1, "ancor": "partners", "block_relation": 29, "text": "<p>Хотите создать свой собственный Интернет бизнес и зарабатывать до 700,000 руб. в месяц без вложений, рисков и каторжной работы? Просто зарегистрируйтесь на сайте,&nbsp;оформите карты банков по ссылкам в каталоге&nbsp;и укажите в личном кабинете ваши собственные рекомендательные коды из банковских приложений.<br />\r\n<br />\r\nВаш финансовый сайт, такой же как этот, будет создан автоматически. И за каждого посетителя, который оформит через него один или несколько финансовых продуктов, вы будете получать от банков от 500 до 5,000 руб. на свои счета.<br />\r\n<br />\r\nА еще мы вам бесплатно дадим инструменты и инструкции для быстрой и дешевой раскрутки сайта. В том числе готовый Телеграм канал с 500+ активных подписчиков, в котором Вы сможете рекламировать свой сайт.</p>", "title": "Ваш генератор ренты готов к работе", "button_text": "Подробнее", "button_ref": "partners", "image1": "images/content/audience1_AlCcvk3.jpg", "image2": "images/content/audience2_WzeBqeY.jpg"}}, {"model": "blocks.contentblock", "pk": 5, "fields": {"name": "Партнерам (Каталог)", "template": 1, "ancor": "partners", "block_relation": 38, "text": "<p>Как вы относитесь к тому, чтобы создать свой собственный Интернет бизнес и зарабатывать до 700,000 руб. в месяц без вложений, рисков и каторжной работы предпринимателя? Просто зарегистрируйтесь на сайте,&nbsp;оформите карты банков по ссылкам в каталоге&nbsp;и укажите в личном кабинете ваши собственные рекомендательные коды из банковских приложений.<br />\r\n<br />\r\nВаш финансовый сайт, такой же как этот, будет создан автоматически. За любой продукт, который посетитель оформит по вашей ссылке, вы будете получать от банков до 2500 руб. на свои счета. При этом каждый посетитель может легко оформить десяток карт и счетов.<br />\r\n<br />\r\nИ, конечно, мы вам бесплатно дадим понятные и реально работающие инструкции и инструменты для быстрой и дешевой раскрутки сайта. Даже если вы бесконечно далеки от рекламы и Интернет продвижения вы легко сможете&nbsp; привлечь на свой сайт сотни и тысячи заинтересованных посетителей.</p>", "title": "Тот самый пассивный доход", "button_text": "Подробнее", "button_ref": "partners", "image1": "images/content/audience1_OA9Echs.jpg", "image2": "images/content/audience2_91p31bT.jpg"}}, {"model": "blocks.navbar", "pk": 1, "fields": {"name": "Навбар (Партнерам)", "template": 2, "ancor": "nav", "block_relation": 6, "register_button_text": "Регистрация", "register_button_href": "#formmain", "login_button_text": "Вход"}}, {"model": "blocks.cover", "pk": 1, "fields": {"name": "Обложка (Партнерам)", "template": 4, "ancor": "cover", "block_relation": 7, "text": "<p>Оценили фишку сайта? Здесь с вас не трясут деньги за ненужное барахло, а, наоборот, предлагают забрать десятки тысяч в подарок. Кто же от такого откажется? А за каждый бонус, выданный вам банками, мы тоже получаем от них деньги. Вот так просто. И вы тоже можете прямо сейчас получить этот генератор пассивного дохода и зарабатывать до 700,000 в месяц.</p>", "title": "Бесплатно заберите готовый онлайн бизнес", "button_text": "Как это работает", "button_ref": "#products", "image_desctop": "images/covers/dcover_partners3.jpg", "image_mobile": "images/covers/dcover_partners_z28pOiZ.jpg", "second_button_text": "Станьте боссом", "second_button_ref": "#referrals"}}, {"model": "blocks.cover", "pk": 2, "fields": {"name": "Обложка-заглушка (Каталог)", "template": 4, "ancor": null, "block_relation": 26, "text": "<p>Обложка-заглушка для шаблона страницы каталога</p>", "title": null, "button_text": null, "button_ref": null, "image_desctop": "images/covers/карты.jpeg", "image_mobile": "images/covers/alfa-main-logo_red.jpg", "second_button_text": "Создайте бизнес", "second_button_ref": "#partners"}}, {"model": "blocks.cover", "pk": 3, "fields": {"name": "Обложка (Главная)", "template": 4, "ancor": "cover", "block_relation": 33, "text": "<p>Хватит перезанимать, чтобы переотдать. Начните получать от 5,000 до 100,000 в месяц от банков прямо сегодня. Избавьтесь от кредитов и долгов, верните себе все отданные банкирам проценты и покупайте все дешевле раз и навсегда.&nbsp;</p>", "title": "Теперь банки будут платить вам, а не вы банкам", "button_text": "Заберите деньги", "button_ref": "catalog", "image_desctop": "images/covers/dcover_main.jpg", "image_mobile": "images/covers/mcover_main.jpg", "second_button_text": "Создайте доход", "second_button_ref": "#partners"}}, {"model": "blocks.cover", "pk": 4, "fields": {"name": "Обложка каталога (Дебетовые+бонус)", "template": 4, "ancor": "cover", "block_relation": 37, "text": "<p>Все банки предлагают мгновенный выпуск дебетовых карт и отказов по ним почти не бывает. А некоторые банки даже дают за это деньги! Мы собрали для вас полный список банков, которые заплатят вам за открытие дебетовых карт, с подробным описанием правил акций в 2024. Просто заказывайте карты и получайте деньги от банков.</p>", "title": "Деньги от банков за открытие дебетовых карт", "button_text": "Дебетовые карты", "button_ref": "#catalog", "image_desctop": "images/covers/dcover_main_OJ6hGQR.jpg", "image_mobile": "images/covers/mcover_main_GIrfsb7.jpg", "second_button_text": "Супер подарок", "second_button_ref": "#bonus"}}, {"model": "blocks.featuresblock", "pk": 1, "fields": {"name": "Кому подойдет (Партнерам)", "template": 5, "ancor": "partners", "block_relation": 10, "title": "Кому подойдет", "button_text": "Начните сейчас", "button_ref": "#example", "introductory_text": "<p>Если несколько десятков или сотен тысяч рублей в месяц, полученные без особых усилий, сделают вашу жизнь более спокойной и комфортной, то вам это будет интересно.</p>"}}, {"model": "blocks.featuresblock", "pk": 3, "fields": {"name": "Продукты (Партнерам)", "template": 7, "ancor": "products", "block_relation": 12, "title": "Как ваш сайт зарабатывает", "button_text": null, "button_ref": null, "introductory_text": "<p>Ваш сайт будет предлагать самые интересные и выгодные промо акции банков, которые позволяют не только экономить кучу денег, но еще и прилично заработать. И за каждую акцию, которой воспользуется любой посетитель, вы будете получать от 500 до 5,000 руб. на свой счет прямо от банков.</p>"}}, {"model": "blocks.featuresblock", "pk": 4, "fields": {"name": "Бонус (Партнерам)", "template": 6, "ancor": "bonus", "block_relation": 13, "title": "Не уверены, что получится?", "button_text": null, "button_ref": null, "introductory_text": "<p>Пока вы собираетесь с духом, для начала бесплатно заберите уникальную инструкцию, которая позволит вам быстро и навсегда улучшить свое финансовое положение. Никаких подработок, никаких вложений, никаких рисков.</p>"}}, {"model": "blocks.featuresblock", "pk": 5, "fields": {"name": "Выгоды (Партнерам)", "template": 6, "ancor": "benefits", "block_relation": 14, "title": "Максимум выгоды, ноль издержек", "button_text": null, "button_ref": null, "introductory_text": "<p>Мы сделали ваш путь к пассивному доходу настолько легким и простым, что в это трудно поверить.</p>"}}, {"model": "blocks.featuresblock", "pk": 6, "fields": {"name": "Бонус (Каталог)", "template": 6, "ancor": "bonus", "block_relation": 35, "title": "Хватит кормить банки- пусть они вас кормят", "button_text": null, "button_ref": null, "introductory_text": "<p>Зарегистрируйтесь на сайте и бесплатно получите уникальные инструкции, как быстро и навсегда улучшить свое финансовое положение.<br />\r\nБез подработки вечерами, без вложений, без рисков.</p>"}}, {"model": "blocks.featuresblock", "pk": 7, "fields": {"name": "Бонус (Главная)", "template": 7, "ancor": "bonus", "block_relation": 36, "title": "О деньгах больше не придется думать", "button_text": null, "button_ref": null, "introductory_text": "<p>Зарегистрируйтесь на сайте и бесплатно получите уникальные инструкции, как быстро и навсегда улучшить свое финансовое положение.<br />\r\nБез подработки вечерами, без вложений, без рисков.</p>"}}, {"model": "blocks.registerblock", "pk": 1, "fields": {"name": "Регистрация финал (Партнерам)", "template": 9, "ancor": null, "block_relation": 18, "title": "Все ещё сомневаетесь?", "explanation_text": "<p>А что вы теряете? Несколько часов на то, чтобы заказать карты и забрать деньги? Еще 4-5 часов в неделю, чтобы бесплатно раскрутить сайт по технологии, которую мы вам дадим? Наверное, стоит хотя бы попробовать - ведь речь идет про бизнес с потенциалом под миллион в месяц.</p>", "warning_text": "Регистрируясь, вы соглашаетесь на обработку персональных данных"}}, {"model": "blocks.registerblock", "pk": 2, "fields": {"name": "Регистрация главная (Партнерам)", "template": 10, "ancor": "formmain", "block_relation": 19, "title": null, "explanation_text": "", "warning_text": "Регистрируясь, вы соглашаетесь на обработку персональных данных"}}, {"model": "blocks.registerblock", "pk": 3, "fields": {"name": "Регистрация поддон (Партнерам)", "template": 10, "ancor": null, "block_relation": 23, "title": null, "explanation_text": "", "warning_text": "Регистрируясь, вы соглашаетесь на обработку персональных данных"}}, {"model": "blocks.registerblock", "pk": 4, "fields": {"name": "Регистрация центр (Партнерам)", "template": 9, "ancor": null, "block_relation": 24, "title": "Запустите свой бизнес сегодня", "explanation_text": "", "warning_text": "Регистрируясь, вы соглашаетесь на обработку персональных данных"}}, {"model": "blocks.socialmediablock", "pk": 1, "fields": {"name": "Соцсети (Главная)", "template": 11, "ancor": "social", "block_relation": 20, "title": "Получайте выгоду первым", "text": "<p>Подпишитесь на наши каналы в социальных сетях, чтобы мгновенно узнавать о новых выгодных предложениях, акциях и розыгрышах банков, на которых вы можете хорошо заработать.</p>"}}, {"model": "blocks.questionsblock", "pk": 1, "fields": {"name": "FAQ", "template": 12, "ancor": null, "block_relation": 21}}, {"model": "blocks.stagesblock", "pk": 1, "fields": {"name": "Этапы (Патнерам)", "template": 15, "ancor": "process", "block_relation": 22, "text": "<p>Продукт, который нужен всем - деньги даром! Готовая инфраструктура, не требующая специальных знаний. Методика продвижения, доступная любому. Вы, наконец-то, нашли секретную кнопку &quot;Бабло&quot; - просто нажмите! :)</p>", "title": "Справится даже ваша бабушка"}}, {"model": "blocks.catalogblock", "pk": 1, "fields": {"name": "Каталог (Дебетовые карты с бонусом)", "template": 16, "ancor": "catalog", "block_relation": 46, "title": "Дебетовые карты с бонусом за получение", "button_text": "Оформить", "button_ref": "qwert", "introductory_text": "<p>Просто закажите дебетовые карты с доставкой на дом и получите от банков приветственные бонусы рублями, подарочными сертификатами или супер-кэшбэком.</p>", "product_type": 1, "add_exclusive": true}}, {"model": "blocks.mainpagecatalogblock", "pk": 1, "fields": {"name": "Главная витрина", "template": 17, "ancor": "catalog", "block_relation": 31, "title": "Просто заберите деньги у банков", "introductory_text": "<p>Очень мало людей знает, что банки и другие финансовые организации дарят как новым, так и постоянным, клиентам очень приличные суммы в самых разных формах. Это и бонусы за открытие банковских карт и брокерских счетов в виде денег, подарочных сертификатов или акций компаний.</p>", "button_text": "Все предложения"}}, {"model": "blocks.mainpagecatalogblock", "pk": 2, "fields": {"name": "Дополнительная витрина", "template": 18, "ancor": null, "block_relation": 34, "title": null, "introductory_text": "<p>21</p>", "button_text": null}}, {"model": "blocks.additionalcatalogblock", "pk": 1, "fields": {"name": "доп. витрина", "template": 18, "ancor": null, "block_relation": 39, "button_text": "начать", "add_annotation": false, "add_button": false}}, {"model": "blocks.promocatalog", "pk": 1, "fields": {"name": "Промо акции", "template": 19, "ancor": "promo", "block_relation": 32, "title": "Лучшие акции месяца"}}, {"model": "blocks.navmenuitem", "pk": 1, "fields": {"button_text": "Горячий продукт", "button_ref": "#products", "navbar": 1}}, {"model": "blocks.navmenuitem", "pk": 2, "fields": {"button_text": "Легкий старт", "button_ref": "#process", "navbar": 1}}, {"model": "blocks.navmenuitem", "pk": 3, "fields": {"button_text": "Высокая прибыль", "button_ref": "#benefits", "navbar": 1}}, {"model": "blocks.navmenuitem", "pk": 4, "fields": {"button_text": "Рентный доход", "button_ref": "#referrals", "navbar": 1}}, {"model": "blocks.feature", "pk": 1, "fields": {"title": "Владельцам каналов", "icon": "images/features/icoref_admins_xAprYVE.png", "description": "У вас есть свой сайт, блог, канал в ТГ, ВК, Дзен? Повысьте его монетизацию в разы", "ref": null, "block": 1}}, {"model": "blocks.feature", "pk": 2, "fields": {"title": "Рекламщикам", "icon": "images/features/icoref_adverts_mb985S8.png", "description": "Раскручиваете интернет ресурсы для других? Запустите свой собственный доходный проект", "ref": null, "block": 1}}, {"model": "blocks.feature", "pk": 3, "fields": {"title": "Арбитражникам", "icon": "images/features/icoref_arbits_oyE1T5a.png", "description": "Знаете, где закупать тонны траффика? Качайте оффер с рентабельностью до 1000%", "ref": null, "block": 1}}, {"model": "blocks.feature", "pk": 4, "fields": {"title": "Буксерам", "icon": "images/features/icoref_buxers_o0lChlN.png", "description": "Знакомы со всеми буксами, сайтами халявы, скидок и пр.? Заряжайте их в работу", "ref": null, "block": 1}}, {"model": "blocks.feature", "pk": 5, "fields": {"title": null, "icon": "features/icoref_admins_wTZDOgD.png", "description": "Как всегда тратить на 2,000-5,000р в месяц меньше не экономя", "ref": null, "block": null}}, {"model": "blocks.feature", "pk": 6, "fields": {"title": null, "icon": "features/icoref_adverts_zKEkFDc.png", "description": "Как с помощью кредитных карт зарабатывать по 60,000р в год", "ref": null, "block": null}}, {"model": "blocks.feature", "pk": 7, "fields": {"title": null, "icon": "features/icoref_arbits_QsE2SKR.png", "description": "Как разово получить 30,000-50,000р чистыми за счет банков", "ref": null, "block": null}}, {"model": "blocks.feature", "pk": 8, "fields": {"title": null, "icon": "features/icoref_moms.png", "description": "Как постоянно покупать продукты с 30-50% кэшбека", "ref": null, "block": null}}, {"model": "blocks.feature", "pk": 9, "fields": {"title": null, "icon": "features/icoref_adverts_dlEGpXx.png", "description": "Как делать более 200,000р в год, умно используя банковские продукты", "ref": null, "block": null}}, {"model": "blocks.feature", "pk": 10, "fields": {"title": null, "icon": "features/icoref_buxers_7nuc0c0.png", "description": "Как за одну неделю создать пассивный доход до 700,000р в месяц", "ref": null, "block": null}}, {"model": "blocks.feature", "pk": 11, "fields": {"title": null, "icon": "images/features/icopro_dcards_wCfSqzB.png", "description": "Деньги в подарок за дебетовые карты", "ref": null, "block": 3}}, {"model": "blocks.feature", "pk": 12, "fields": {"title": null, "icon": "images/features/icopro_ccards_DiEBTXa.png", "description": "Деньги в подарок за кредитные карты", "ref": null, "block": 3}}, {"model": "blocks.feature", "pk": 13, "fields": {"title": null, "icon": "images/features/icopro_cashback_bK1d9JO.png", "description": "Карты с лучшим кэшбэком на все покупки", "ref": null, "block": 3}}, {"model": "blocks.feature", "pk": 14, "fields": {"title": null, "icon": "images/features/icopro_refinance_78zb8xx.png", "description": "Рефинансирование кредитов под 0%", "ref": null, "block": 3}}, {"model": "blocks.feature", "pk": 15, "fields": {"title": null, "icon": "images/features/icopro_cash_l2N6s0A.png", "description": "Кредитки с бесплатным снятием наличных", "ref": null, "block": 3}}, {"model": "blocks.feature", "pk": 16, "fields": {"title": "Самозанятым", "icon": "images/features/icoref_freelance_SOx1Z33.png", "description": "Общаетесь с большим числом клиентов? Каждый из них - аудитория вашего сайта", "ref": null, "block": 1}}, {"model": "blocks.feature", "pk": 17, "fields": {"title": "Молодежи", "icon": "images/features/icoref_students_ijU90k1.png", "description": "У вас много знакомых по универу или тусовкам? Они вам скажут спасибо за легкие деньги", "ref": null, "block": 1}}, {"model": "blocks.feature", "pk": 18, "fields": {"title": "Мамочкам в декрете", "icon": "images/features/icoref_moms_G2M041A.png", "description": "Выдалась свободная минутка? Используйте ее с толком и забудьте про экономию", "ref": null, "block": 1}}, {"model": "blocks.feature", "pk": 19, "fields": {"title": "Всем, кто хочет денег", "icon": "images/features/icoref_all_NMNKMLd.png", "description": "Если вы готовы тратить несколько часов в неделю, чтобы создать свой доходный бизнес", "ref": null, "block": 1}}, {"model": "blocks.feature", "pk": 20, "fields": {"title": null, "icon": "images/features/icopro_grace_QAKpwRK.png", "description": "Кредитки с лучшим льготным периодом", "ref": null, "block": 3}}, {"model": "blocks.feature", "pk": 21, "fields": {"title": null, "icon": "images/features/icobon_cashback_7No9NCK.png", "description": "Как всегда тратить на 3,000-5,000р в месяц меньше не экономя", "ref": null, "block": 4}}, {"model": "blocks.feature", "pk": 22, "fields": {"title": null, "icon": "images/features/icobon_cards_sVsvTJ3.png", "description": "Как с помощью кредитных карт зарабатывать по 60,000р и более в год", "ref": null, "block": 4}}, {"model": "blocks.feature", "pk": 23, "fields": {"title": null, "icon": "images/features/icobon_cash_fJlrNHp.png", "description": "Как разово получить 30,000-50,000р чистыми за счет банков", "ref": null, "block": 4}}, {"model": "blocks.feature", "pk": 24, "fields": {"title": null, "icon": "images/features/icobon_food_NA5MnWZ.png", "description": "Как постоянно покупать привычные продукты с 20-30% кэшбэка", "ref": null, "block": 4}}, {"model": "blocks.feature", "pk": 25, "fields": {"title": null, "icon": "images/features/icobon_carusel_cRqbrz8.png", "description": "Как делать более 200,000р в год, грамотно используя банковские продукты", "ref": null, "block": 4}}, {"model": "blocks.feature", "pk": 26, "fields": {"title": null, "icon": "images/features/icobon_business_rqMdAyf.png", "description": "Как за одну неделю создать пассивный доход до 700,000р в месяц", "ref": null, "block": 4}}, {"model": "blocks.feature", "pk": 27, "fields": {"title": null, "icon": "images/features/icoben_visitors_tgEqjG8.png", "description": "До 7% посетителей оформляют карты и счета по вашим партнерским ссылкам", "ref": null, "block": 5}}, {"model": "blocks.feature", "pk": 28, "fields": {"title": null, "icon": "images/features/icoben_profit_ZJkIH1v.png", "description": "Каждый активный посетитель сайта приносит вам около 3000р дохода", "ref": null, "block": 5}}, {"model": "blocks.feature", "pk": 29, "fields": {"title": null, "icon": "images/features/icoben_refs_3jijRqe.png", "description": "Примерно 1% посетителей становятся вашими активными рефералами", "ref": null, "block": 5}}, {"model": "blocks.feature", "pk": 30, "fields": {"title": null, "icon": "images/features/icoben_site_ukS6PIi.png", "description": "Полностью бесплатный партнерский сайт и маркетинговая поддержка", "ref": null, "block": 5}}, {"model": "blocks.feature", "pk": 31, "fields": {"title": null, "icon": "images/features/icoben_3tiers_i5HNLzG.png", "description": "Три уровня рефералов, генерирующих для вас пассивный доход", "ref": null, "block": 5}}, {"model": "blocks.feature", "pk": 32, "fields": {"title": null, "icon": "images/features/icoben_auto_eAXHDh9.png", "description": "Автоматическое обновление актуальных акций банков на сайте", "ref": null, "block": 5}}, {"model": "blocks.feature", "pk": 33, "fields": {"title": null, "icon": "images/features/icopro_stocks_fgbnOrp.png", "description": "Акции российских компаний в подарок", "ref": null, "block": 3}}, {"model": "blocks.feature", "pk": 34, "fields": {"title": null, "icon": "images/features/icopro_prizes_9zZNZJ0.png", "description": "Розыгрыши призов от 100,000 до 1,000,000", "ref": null, "block": 3}}, {"model": "blocks.feature", "pk": 35, "fields": {"title": null, "icon": "images/features/icopro_foreign_lX3LzJe.png", "description": "Карты для оплаты покупок зарубежом", "ref": null, "block": 3}}, {"model": "blocks.feature", "pk": 36, "fields": {"title": null, "icon": "images/features/icopro_credit_Ipr4eL0.png", "description": "Лучшие условия по кредитам и ипотеке", "ref": null, "block": 3}}, {"model": "blocks.feature", "pk": 37, "fields": {"title": null, "icon": "images/features/icopro_saving2_ijrGVAC.png", "description": "Накопление под максимальный процент", "ref": null, "block": 3}}, {"model": "blocks.feature", "pk": 38, "fields": {"title": null, "icon": "images/features/icopro_insurance_kdqVTkr.png", "description": "Самые большие скидки на страховые полисы", "ref": null, "block": 3}}, {"model": "blocks.feature", "pk": 39, "fields": {"title": null, "icon": "images/features/icobon_cashback_oy349Xd.png", "description": "Как всегда тратить на 3,000-5,000р в месяц меньше не экономя", "ref": null, "block": 6}}, {"model": "blocks.feature", "pk": 40, "fields": {"title": null, "icon": "images/features/icobon_cards_HQ0dOrn.png", "description": "Как с помощью кредитных карт зарабатывать по 60,000р и более в год", "ref": null, "block": 6}}, {"model": "blocks.feature", "pk": 41, "fields": {"title": null, "icon": "images/features/icobon_cash_ssZvfij.png", "description": "Как разово получить 30,000-50,000р чистыми за счет банков", "ref": null, "block": 6}}, {"model": "blocks.feature", "pk": 42, "fields": {"title": null, "icon": "images/features/icobon_food_BOk79F2.png", "description": "Как постоянно покупать привычные продукты с 20-30% кэшбэка", "ref": null, "block": 6}}, {"model": "blocks.feature", "pk": 43, "fields": {"title": null, "icon": "images/features/icobon_carusel_Gb38WiJ.png", "description": "Как делать более 200,000р в год, грамотно используя банковские продукты", "ref": null, "block": 6}}, {"model": "blocks.feature", "pk": 44, "fields": {"title": null, "icon": "images/features/icobon_business_rmD1wy3.png", "description": "Как за одну неделю создать пассивный доход до 700,000р в месяц", "ref": null, "block": 6}}, {"model": "blocks.feature", "pk": 45, "fields": {"title": null, "icon": "images/features/icobon_cashback_olc0adZ.png", "description": "Как всегда тратить на 3,000-5,000р в месяц меньше не экономя", "ref": "http://127.0.0.1:8000/partners", "block": 7}}, {"model": "blocks.feature", "pk": 46, "fields": {"title": null, "icon": "images/features/icobon_cards_lnulnll.png", "description": "Как с помощью кредитных карт зарабатывать по 60,000р и более в год", "ref": null, "block": 7}}, {"model": "blocks.feature", "pk": 47, "fields": {"title": null, "icon": "images/features/icobon_cash_q55lC61.png", "description": "Как разово получить 30,000-50,000р чистыми за счет банков", "ref": null, "block": 7}}, {"model": "blocks.feature", "pk": 48, "fields": {"title": null, "icon": "images/features/icobon_food_h1ncvPx.png", "description": "Как постоянно покупать привычные продукты с 20-30% кэшбэка", "ref": null, "block": 7}}, {"model": "blocks.feature", "pk": 49, "fields": {"title": null, "icon": "images/features/icobon_carusel_gG7JteP.png", "description": "Как делать более 200,000р в год, грамотно используя банковские продукты", "ref": null, "block": 7}}, {"model": "blocks.feature", "pk": 50, "fields": {"title": null, "icon": "images/features/icobon_business_8GyRMN7.png", "description": "Как за одну неделю создать пассивный доход до 700,000р в месяц", "ref": null, "block": 7}}, {"model": "blocks.socialmediabutton", "pk": 1, "fields": {"ref": "https://t.me/bankomag", "social_network": 1, "block": 1}}, {"model": "blocks.socialmediabutton", "pk": 2, "fields": {"ref": "https://vk.com/bankomag", "social_network": 2, "block": 1}}, {"model": "blocks.socialmediabutton", "pk": 3, "fields": {"ref": "https://zen.ru/bankomag", "social_network": 3, "block": 1}}, {"model": "blocks.question", "pk": 1, "fields": {"title": "Слишком красиво звучит, в чем подвох?", "text": "<p>Нет подвоха. Банки с каждым годом все жестче бьются за клиентов, чтобы выиграть конкуренцию, нарастить портфель активов, увеличить капитализацию, и пр. Сейчас привлечение одного клиента через рекламу обходится банкам более 10,000 руб. Поэтому им намного дешевле заинтересовать вас приветственным бонусом на 1000-3000 руб. по акции, чем доставать вас дорогущей рекламой. Все в выигрыше - вы получили свой подарок, мы - свой, банк - клиента.</p>", "block": 1}}, {"model": "blocks.question", "pk": 2, "fields": {"title": "Можно ли оформлять карты онлайн?", "text": "<p>Нужно. Чтобы получить приветственный бонус вам необходимо зарегистрироваться по нашей акционной ссылке. При оформлении карт в офисе или просто на сайте банка вы не только не получите подарка, но у вашей карты может оказаться еще и платное обслуживание.</p>", "block": 1}}, {"model": "blocks.question", "pk": 3, "fields": {"title": "Как получить деньги за моих друзей?", "text": "<p>Можно просто пригласить их через банковские приложения и банки начислят вам вознаграждение. Но умнее будет получить такой же сайт как этот, только уже с вашими пригласительными кодами. Тогда вы сможете получить деньги не только за своих близких друзей и родственников, но и за десятки и сотни случайных знакомых и просто посторонних людей. Зарегистрируйтесь на сайте и начинайте зарабатывать прямо сейчас.</p>", "block": 1}}, {"model": "blocks.question", "pk": 4, "fields": {"title": "Зачем вам партнеры, если все так круто?", "text": "<p>Предложение сайта может найти отклик почти у 100 млн. россиян. У нас никогда не хватит ресурсов, чтобы добраться до всех. А вот с несколькими тысячами активных партнеров это более чем реально. Поэтому мы предпочитаем получить 20% выгоды с сотен тысяч человек, а остальным поделиться с вами, чем все 100% забрать себе, но всего с нескольких тысяч человек. Как говорится, лучше есть пирог с друзьями, чем г... в одиночку :)</p>", "block": 1}}, {"model": "blocks.question", "pk": 5, "fields": {"title": "Что потом делать с картой, если она не нужна?", "text": "<p>Можете закрыть ее в приложении банка. Дебитные карты и связанные с ними текущие счета закрываются мгновенно. Процесс закрытия договора по кредитной карте в разных банках может занимать до 45 дней.</p>", "block": 1}}, {"model": "blocks.stage", "pk": 1, "fields": {"title": "Регистрация", "text": "<p>Бесплатно зарегистрируйтесь в нашей партнерской программе. Ваш сайт и лендинги будут созданы автоматически. В качестве бонуса вы получите уникальную инструкцию, как грамотно использовать доступные вам банковские продукты, чтобы быстро улучшить свое финансовое положение.</p>", "period": "1 минута", "num": 1, "block": 1}}, {"model": "blocks.stage", "pk": 2, "fields": {"title": "Оформление карт", "text": "<p>Оформите дебетовые или кредитные карты во всех банках, в каких возможно, чтобы получать партнерское вознаграждение за максимальное число акций. Для заказа карт используйте только ссылки на сайте, иначе ваш процент дохода будет существенно ниже. Если у вас уже есть карта конкретного банка, можно оформить на кого-то из семьи.</p>", "period": "1 неделя", "num": 2, "block": 1}}, {"model": "blocks.stage", "pk": 3, "fields": {"title": "Запуск вашего сайта", "text": "<p>Скопируйте свои партнерские ссылки или коды в приложениях банков и впишите их в администраторской панели вместо системных. Посетители вашего сайта теперь начнут переходить в банки по вашим ссылкам и вознаграждение за них будет зачисляться прямо на ваши счета в этих банках.</p>", "period": "1 день", "num": 3, "block": 1}}, {"model": "blocks.stage", "pk": 4, "fields": {"title": "Продвижение", "text": "<p>Как только сайт начнет работать, мы бесплатно дадим вам готовый Телеграм канал с 500+ активных подписчиков, который вы сможете развивать самостоятельно. В личном кабинете вы найдете подробные инструкции и методики, как раскрутить сайт через Телеграм, ВК, Дзен, Яндекс Директ и пр. Кроме того, у вас будут кураторы, которые будут давать вам полезные советы и подсказки по продвижению сайта.</p>", "period": "1 месяц", "num": 4, "block": 1}}, {"model": "blocks.stage", "pk": 5, "fields": {"title": "Профит", "text": "<p>Уже первые посетители начнут приносить вам деньги от банков за новых клиентов. Вам нужно будет только усиливать продвижение сайта по нашей методике, пока вы не выйдете на ежемесячный доход, который вас устраивает. И, после этого, просто поддерживать достигнутые результаты и жить в свое удовольствие.</p>", "period": "10 лет", "num": 5, "block": 1}}, {"model": "blocks.catalogproduct", "pk": 1, "fields": {"my_order": 1, "block": 1, "product": 1}}, {"model": "blocks.catalogproduct", "pk": 2, "fields": {"my_order": 3, "block": 1, "product": 1}}, {"model": "blocks.catalogproduct", "pk": 12, "fields": {"my_order": 2, "block": 1, "product": 4}}, {"model": "blocks.catalogproduct", "pk": 13, "fields": {"my_order": 4, "block": 1, "product": 1}}, {"model": "blocks.catalogproduct", "pk": 14, "fields": {"my_order": 5, "block": 1, "product": 4}}, {"model": "blocks.catalogproduct", "pk": 15, "fields": {"my_order": 6, "block": 1, "product": 4}}, {"model": "blocks.catalogproduct", "pk": 40, "fields": {"my_order": 7, "block": 1, "product": 4}}, {"model": "blocks.catalogproducttype", "pk": 1, "fields": {"my_order": 1, "block": 1, "product": 1}}, {"model": "blocks.catalogproducttype", "pk": 3, "fields": {"my_order": 3, "block": 1, "product": 9}}, {"model": "blocks.catalogproducttype", "pk": 5, "fields": {"my_order": 1, "block": 2, "product": 1}}, {"model": "blocks.catalogproducttype", "pk": 7, "fields": {"my_order": 3, "block": 2, "product": 1}}, {"model": "blocks.catalogproducttype", "pk": 9, "fields": {"my_order": 5, "block": 1, "product": 10}}, {"model": "blocks.catalogproducttype", "pk": 11, "fields": {"my_order": 7, "block": 1, "product": 9}}, {"model": "blocks.catalogproducttype", "pk": 13, "fields": {"my_order": 8, "block": 1, "product": 1}}, {"model": "blocks.catalogproducttype", "pk": 14, "fields": {"my_order": 9, "block": 1, "product": 1}}, {"model": "blocks.additionalcatalogproducttype", "pk": 1, "fields": {"my_order": 1, "block": 1, "product": 1}}, {"model": "blocks.additionalcatalogproducttype", "pk": 2, "fields": {"my_order": 2, "block": 1, "product": 10}}, {"model": "blocks.additionalcatalogproducttype", "pk": 3, "fields": {"my_order": 3, "block": 1, "product": 9}}, {"model": "blocks.additionalcatalogproducttype", "pk": 4, "fields": {"my_order": 4, "block": 1, "product": 1}}, {"model": "blocks.additionalcatalogproducttype", "pk": 5, "fields": {"my_order": 5, "block": 1, "product": 1}}, {"model": "blocks.additionalcatalogproducttype", "pk": 6, "fields": {"my_order": 6, "block": 1, "product": 1}}, {"model": "styles.globalstyles", "pk": 1, "fields": {}}, {"model": "styles.navbarcustomstyles", "pk": 1, "fields": {"margin_top": "10px", "margin_bottom": "10px", "background_color": null, "photo_darkness": null, "header_size": null, "header_size_mobile": null, "header_thickness": null, "header_thickness_mobile": "500", "header_color": null, "main_text_size": "14", "main_text_size_mobile": "18", "main_text_thickness": null, "main_text_thickness_mobile": null, "main_text_color": null, "block": 1}}, {"model": "styles.contentcustomstyles", "pk": 1, "fields": {"margin_top": null, "margin_bottom": null, "background_color": "#FFFFFF", "photo_darkness": 0, "header_size": null, "header_size_mobile": null, "header_thickness": null, "header_thickness_mobile": null, "header_color": null, "main_text_size": null, "main_text_size_mobile": null, "main_text_thickness": null, "main_text_thickness_mobile": null, "main_text_color": null, "block": 2, "border_radius": "10px"}}, {"model": "styles.contentcustomstyles", "pk": 2, "fields": {"margin_top": null, "margin_bottom": null, "background_color": "#F0F0F0", "photo_darkness": null, "header_size": null, "header_size_mobile": null, "header_thickness": null, "header_thickness_mobile": null, "header_color": null, "main_text_size": null, "main_text_size_mobile": null, "main_text_thickness": null, "main_text_thickness_mobile": null, "main_text_color": null, "block": 1, "border_radius": "100%"}}, {"model": "styles.contentcustomstyles", "pk": 3, "fields": {"margin_top": null, "margin_bottom": null, "background_color": null, "photo_darkness": 70, "header_size": null, "header_size_mobile": null, "header_thickness": null, "header_thickness_mobile": null, "header_color": null, "main_text_size": null, "main_text_size_mobile": null, "main_text_thickness": null, "main_text_thickness_mobile": null, "main_text_color": null, "block": 3, "border_radius": null}}, {"model": "styles.contentcustomstyles", "pk": 4, "fields": {"margin_top": null, "margin_bottom": null, "background_color": "#FFFFFF", "photo_darkness": null, "header_size": null, "header_size_mobile": null, "header_thickness": null, "header_thickness_mobile": null, "header_color": null, "main_text_size": null, "main_text_size_mobile": null, "main_text_thickness": null, "main_text_thickness_mobile": null, "main_text_color": null, "block": 4, "border_radius": null}}, {"model": "styles.covercustomstyles", "pk": 1, "fields": {"margin_top": null, "margin_bottom": null, "background_color": "#FFFFFF", "photo_darkness": 50, "header_size": "54", "header_size_mobile": "36", "header_thickness": null, "header_thickness_mobile": null, "header_color": null, "main_text_size": "18", "main_text_size_mobile": null, "main_text_thickness": "400", "main_text_thickness_mobile": null, "main_text_color": null, "block": 1}}, {"model": "styles.covercustomstyles", "pk": 2, "fields": {"margin_top": null, "margin_bottom": null, "background_color": null, "photo_darkness": 50, "header_size": "54", "header_size_mobile": "36", "header_thickness": null, "header_thickness_mobile": null, "header_color": null, "main_text_size": "18", "main_text_size_mobile": null, "main_text_thickness": "400", "main_text_thickness_mobile": null, "main_text_color": null, "block": 3}}, {"model": "styles.covercustomstyles", "pk": 3, "fields": {"margin_top": null, "margin_bottom": null, "background_color": null, "photo_darkness": 50, "header_size": "54", "header_size_mobile": "36", "header_thickness": null, "header_thickness_mobile": null, "header_color": null, "main_text_size": "18", "main_text_size_mobile": null, "main_text_thickness": "400", "main_text_thickness_mobile": null, "main_text_color": null, "block": 4}}, {"model": "styles.featurescustomstyles", "pk": 1, "fields": {"explanation_text_size": null, "explanation_text_size_mobile": null, "explanation_text_thickness": null, "explanation_text_thickness_mobile": null, "explanation_text_color": null, "subheader_size": null, "subheader_size_mobile": null, "subheader_thickness": null, "subheader_thickness_mobile": null, "subheader_color": null, "margin_top": null, "margin_bottom": null, "background_color": null, "photo_darkness": null, "header_size": null, "header_size_mobile": null, "header_thickness": null, "header_thickness_mobile": null, "header_color": null, "main_text_size": null, "main_text_size_mobile": null, "main_text_thickness": null, "main_text_thickness_mobile": null, "main_text_color": null, "block": 1, "columns": 4, "icon_color": "#689F38", "icon_background_color": "#FFFFFF", "icon_width": "64", "icon_height": "64"}}, {"model": "styles.featurescustomstyles", "pk": 3, "fields": {"explanation_text_size": "16", "explanation_text_size_mobile": "16", "explanation_text_thickness": "300", "explanation_text_thickness_mobile": "300", "explanation_text_color": null, "subheader_size": null, "subheader_size_mobile": null, "subheader_thickness": null, "subheader_thickness_mobile": null, "subheader_color": null, "margin_top": null, "margin_bottom": null, "background_color": "#FFFFFF", "photo_darkness": null, "header_size": null, "header_size_mobile": null, "header_thickness": null, "header_thickness_mobile": null, "header_color": null, "main_text_size": null, "main_text_size_mobile": null, "main_text_thickness": null, "main_text_thickness_mobile": null, "main_text_color": null, "block": 3, "columns": 4, "icon_color": "#689F38", "icon_background_color": "#FFFFFF", "icon_width": "48", "icon_height": "48"}}, {"model": "styles.featurescustomstyles", "pk": 4, "fields": {"explanation_text_size": null, "explanation_text_size_mobile": null, "explanation_text_thickness": null, "explanation_text_thickness_mobile": null, "explanation_text_color": "#FFFFFF", "subheader_size": null, "subheader_size_mobile": null, "subheader_thickness": null, "subheader_thickness_mobile": null, "subheader_color": null, "margin_top": null, "margin_bottom": null, "background_color": "#689F38", "photo_darkness": null, "header_size": null, "header_size_mobile": null, "header_thickness": null, "header_thickness_mobile": null, "header_color": "#FFFFFF", "main_text_size": null, "main_text_size_mobile": null, "main_text_thickness": null, "main_text_thickness_mobile": null, "main_text_color": "#FFFFFF", "block": 4, "columns": 3, "icon_color": "#689F38", "icon_background_color": "#FFFFFF", "icon_width": "64", "icon_height": "64"}}, {"model": "styles.featurescustomstyles", "pk": 5, "fields": {"explanation_text_size": null, "explanation_text_size_mobile": null, "explanation_text_thickness": null, "explanation_text_thickness_mobile": null, "explanation_text_color": "#FFFFFF", "subheader_size": null, "subheader_size_mobile": null, "subheader_thickness": null, "subheader_thickness_mobile": null, "subheader_color": "#FFFFFF", "margin_top": null, "margin_bottom": null, "background_color": "#689F38", "photo_darkness": null, "header_size": null, "header_size_mobile": null, "header_thickness": null, "header_thickness_mobile": null, "header_color": "#FFFFFF", "main_text_size": null, "main_text_size_mobile": null, "main_text_thickness": null, "main_text_thickness_mobile": null, "main_text_color": "#FFFFFF", "block": 5, "columns": 3, "icon_color": "#FFFFFF", "icon_background_color": "#689F38", "icon_width": "64", "icon_height": "64"}}, {"model": "styles.featurescustomstyles", "pk": 6, "fields": {"explanation_text_size": null, "explanation_text_size_mobile": null, "explanation_text_thickness": null, "explanation_text_thickness_mobile": null, "explanation_text_color": "#FFFFFF", "subheader_size": null, "subheader_size_mobile": null, "subheader_thickness": null, "subheader_thickness_mobile": null, "subheader_color": null, "margin_top": null, "margin_bottom": null, "background_color": "#689F38", "photo_darkness": null, "header_size": null, "header_size_mobile": null, "header_thickness": null, "header_thickness_mobile": null, "header_color": "#FFFFFF", "main_text_size": null, "main_text_size_mobile": null, "main_text_thickness": null, "main_text_thickness_mobile": null, "main_text_color": "#FFFFFF", "block": 6, "columns": 3, "icon_color": "#689F38", "icon_background_color": "#FFFFFF", "icon_width": "64", "icon_height": "64"}}, {"model": "styles.featurescustomstyles", "pk": 7, "fields": {"explanation_text_size": null, "explanation_text_size_mobile": null, "explanation_text_thickness": null, "explanation_text_thickness_mobile": null, "explanation_text_color": "#FFFFFF", "subheader_size": null, "subheader_size_mobile": null, "subheader_thickness": null, "subheader_thickness_mobile": null, "subheader_color": null, "margin_top": null, "margin_bottom": null, "background_color": "#689F38", "photo_darkness": null, "header_size": null, "header_size_mobile": null, "header_thickness": null, "header_thickness_mobile": null, "header_color": "#FFFFFF", "main_text_size": null, "main_text_size_mobile": null, "main_text_thickness": null, "main_text_thickness_mobile": null, "main_text_color": "#FFFFFF", "block": 7, "columns": 3, "icon_color": "#689F38", "icon_background_color": "#FFFFFF", "icon_width": "48", "icon_height": "48"}}, {"model": "styles.registercustomstyles", "pk": 1, "fields": {"explanation_text_size": "11px", "explanation_text_size_mobile": null, "explanation_text_thickness": null, "explanation_text_thickness_mobile": null, "explanation_text_color": null, "margin_top": null, "margin_bottom": null, "background_color": null, "photo_darkness": null, "header_size": null, "header_size_mobile": null, "header_thickness": null, "header_thickness_mobile": null, "header_color": null, "main_text_size": null, "main_text_size_mobile": null, "main_text_thickness": null, "main_text_thickness_mobile": null, "main_text_color": null, "block": 1, "button_color": null}}, {"model": "styles.registercustomstyles", "pk": 2, "fields": {"explanation_text_size": "11", "explanation_text_size_mobile": null, "explanation_text_thickness": null, "explanation_text_thickness_mobile": null, "explanation_text_color": null, "margin_top": "20", "margin_bottom": "20", "background_color": "#F0F0F0", "photo_darkness": null, "header_size": null, "header_size_mobile": null, "header_thickness": null, "header_thickness_mobile": null, "header_color": null, "main_text_size": null, "main_text_size_mobile": null, "main_text_thickness": null, "main_text_thickness_mobile": null, "main_text_color": null, "block": 2, "button_color": null}}, {"model": "styles.registercustomstyles", "pk": 3, "fields": {"explanation_text_size": "11px", "explanation_text_size_mobile": null, "explanation_text_thickness": null, "explanation_text_thickness_mobile": null, "explanation_text_color": "#FFFFFF", "margin_top": "0", "margin_bottom": null, "background_color": "#689F38", "photo_darkness": null, "header_size": null, "header_size_mobile": null, "header_thickness": null, "header_thickness_mobile": null, "header_color": null, "main_text_size": null, "main_text_size_mobile": null, "main_text_thickness": null, "main_text_thickness_mobile": null, "main_text_color": "#FFFFFF", "block": 3, "button_color": "#FFA000"}}, {"model": "styles.registercustomstyles", "pk": 4, "fields": {"explanation_text_size": "11px", "explanation_text_size_mobile": null, "explanation_text_thickness": null, "explanation_text_thickness_mobile": null, "explanation_text_color": null, "margin_top": null, "margin_bottom": null, "background_color": "#F0F0F0", "photo_darkness": null, "header_size": null, "header_size_mobile": null, "header_thickness": null, "header_thickness_mobile": null, "header_color": null, "main_text_size": null, "main_text_size_mobile": null, "main_text_thickness": null, "main_text_thickness_mobile": null, "main_text_color": null, "block": 4, "button_color": null}}, {"model": "styles.questionscustomstyles", "pk": 1, "fields": {"explanation_text_size": null, "explanation_text_size_mobile": null, "explanation_text_thickness": null, "explanation_text_thickness_mobile": null, "explanation_text_color": null, "margin_top": null, "margin_bottom": null, "background_color": null, "photo_darkness": null, "header_size": null, "header_size_mobile": null, "header_thickness": null, "header_thickness_mobile": null, "header_color": null, "main_text_size": null, "main_text_size_mobile": null, "main_text_thickness": null, "main_text_thickness_mobile": null, "main_text_color": null, "block": 1}}, {"model": "styles.stagescustomstyles", "pk": 1, "fields": {"explanation_text_size": null, "explanation_text_size_mobile": null, "explanation_text_thickness": null, "explanation_text_thickness_mobile": null, "explanation_text_color": null, "margin_top": null, "margin_bottom": "30", "background_color": null, "photo_darkness": null, "header_size": null, "header_size_mobile": null, "header_thickness": null, "header_thickness_mobile": null, "header_color": null, "main_text_size": null, "main_text_size_mobile": null, "main_text_thickness": null, "main_text_thickness_mobile": null, "main_text_color": null, "block": 1}}, {"model": "styles.catalogcustomstyles", "pk": 1, "fields": {"subheader_size": null, "subheader_size_mobile": null, "subheader_thickness": null, "subheader_thickness_mobile": null, "subheader_color": null, "margin_top": null, "margin_bottom": null, "background_color": null, "photo_darkness": null, "header_size": null, "header_size_mobile": null, "header_thickness": null, "header_thickness_mobile": null, "header_color": null, "main_text_size": null, "main_text_size_mobile": null, "main_text_thickness": null, "main_text_thickness_mobile": null, "main_text_color": null, "block": 1, "columns": 4}}, {"model": "styles.mainpagecatalogcustomstyles", "pk": 1, "fields": {"subheader_size": null, "subheader_size_mobile": null, "subheader_thickness": null, "subheader_thickness_mobile": null, "subheader_color": null, "margin_top": null, "margin_bottom": null, "background_color": null, "photo_darkness": null, "header_size": null, "header_size_mobile": null, "header_thickness": null, "header_thickness_mobile": null, "header_color": null, "main_text_size": null, "main_text_size_mobile": null, "main_text_thickness": null, "main_text_thickness_mobile": null, "main_text_color": null, "block": 1, "columns": 4}}, {"model": "styles.mainpagecatalogcustomstyles", "pk": 2, "fields": {"subheader_size": null, "subheader_size_mobile": null, "subheader_thickness": null, "subheader_thickness_mobile": null, "subheader_color": null, "margin_top": null, "margin_bottom": null, "background_color": null, "photo_darkness": null, "header_size": null, "header_size_mobile": null, "header_thickness": null, "header_thickness_mobile": null, "header_color": null, "main_text_size": null, "main_text_size_mobile": null, "main_text_thickness": null, "main_text_thickness_mobile": null, "main_text_color": null, "block": 2, "columns": 4}}, {"model": "styles.promocatalogcustomstyles", "pk": 1, "fields": {"margin_top": null, "margin_bottom": null, "background_color": "#F0F0F0", "photo_darkness": null, "header_size": null, "header_size_mobile": null, "header_thickness": null, "header_thickness_mobile": null, "header_color": null, "main_text_size": null, "main_text_size_mobile": null, "main_text_thickness": null, "main_text_thickness_mobile": null, "main_text_color": null, "block": 1, "swiper_columns": 4}}, {"model": "styles.additionalcatalogcustomstyles", "pk": 1, "fields": {"margin_top": null, "margin_bottom": null, "background_color": null, "photo_darkness": null, "header_size": "18px", "header_size_mobile": null, "header_thickness": null, "header_thickness_mobile": null, "header_color": null, "main_text_size": null, "main_text_size_mobile": null, "main_text_thickness": null, "main_text_thickness_mobile": null, "main_text_color": null, "block": 1, "columns": 4, "darkness_bottom": 80}}, {"model": "styles.basecolor", "pk": 1, "fields": {"color": "#689F38", "name": "main_color"}}, {"model": "styles.basecolor", "pk": 2, "fields": {"color": "#FFA000", "name": "secondary_color"}}, {"model": "styles.basecolor", "pk": 3, "fields": {"color": "#F0F0F0", "name": "background_color"}}, {"model": "styles.basecolor", "pk": 4, "fields": {"color": "#FFFFFF", "name": "second_background_color"}}, {"model": "styles.colorstyles", "pk": 1, "fields": {"global_styles": 1, "main_color": "#689F38", "secondary_color": "#FFA000", "background_color": "#F0F0F0", "second_background_color": "#FFFFFF"}}, {"model": "styles.marginblock", "pk": 1, "fields": {"margin_top": "60px", "margin_bottom": "60px", "global_styles": 1}}, {"model": "styles.iconsize", "pk": 1, "fields": {"global_styles": 1, "height": "44px", "width": "44px"}}, {"model": "styles.font", "pk": 1, "fields": {"name": "Roboto Condensed", "link": "https://fonts.googleapis.com/css2?family=Roboto+Condensed&display=swap"}}, {"model": "styles.font", "pk": 2, "fields": {"name": "Open Sans", "link": "https://fonts.googleapis.com/css2?family=Open+Sans:ital,wght@0,300..800;1,300..800&family=Roboto&display=swap"}}, {"model": "styles.font", "pk": 4, "fields": {"name": "Playfair Display", "link": "https://fonts.googleapis.com/css?family=Playfair+Display"}}, {"model": "styles.font", "pk": 5, "fields": {"name": "Arial", "link": null}}, {"model": "styles.headertext", "pk": 1, "fields": {"color": "#1A1A1A", "fontWeight": "400", "fontWeightMobile": "400", "fontSize": "40px", "fontSizeMobile": "28px", "fontColorInverted": "#FFFFFF", "global_styles": 1, "font": 1}}, {"model": "styles.subheadertext", "pk": 1, "fields": {"color": "#161616", "fontWeight": "400", "fontWeightMobile": "400", "fontSize": "20px", "fontSizeMobile": "18px", "fontColorInverted": "#FFFFFF", "global_styles": 1, "font": 2}}, {"model": "styles.maintext", "pk": 1, "fields": {"color": "#242424", "fontWeight": "200", "fontWeightMobile": "200", "fontSize": "16px", "fontSizeMobile": "16px", "fontColorInverted": "#FFFFFF", "global_styles": 1, "font": 2}}, {"model": "styles.explanationtext", "pk": 1, "fields": {"color": "#4D4D4D", "fontWeight": "200", "fontWeightMobile": "200", "fontSize": "14px", "fontSizeMobile": "13px", "fontColorInverted": "#FFFFFF", "global_styles": 1, "font": 2}}, {"model": "settings.sitesettings", "pk": 1, "fields": {"disable_partners_sites": false, "default_users_font_size": 14}}, {"model": "settings.logo", "pk": 1, "fields": {"image": "images/logo/logo1_JQjQip3.png", "width": "142px", "height": "24px", "width_mobile": "142px", "height_mobile": "24px", "settings": 1}}, {"model": "settings.formlogo", "pk": 1, "fields": {"image": "images/logo/logogreen36.png", "width": "142px", "height": "24px", "width_mobile": "135px", "height_mobile": "35px", "settings": 1}}, {"model": "settings.icon", "pk": 1, "fields": {"image": "images/icon/favicon.png", "settings": 1}}, {"model": "common.blockrelationship", "pk": 6, "fields": {"block_name": "Навбар (Партнерам)", "block": "Navbar1"}}, {"model": "common.blockrelationship", "pk": 7, "fields": {"block_name": "Обложка (Партнерам)", "block": "Cover1"}}, {"model": "common.blockrelationship", "pk": 10, "fields": {"block_name": "Кому подойдет (Партнерам)", "block": "FeaturesBlock1"}}, {"model": "common.blockrelationship", "pk": 11, "fields": {"block_name": "второй блок с фичами", "block": "FeaturesBlock2"}}, {"model": "common.blockrelationship", "pk": 12, "fields": {"block_name": "Продукты (Партнерам)", "block": "FeaturesBlock3"}}, {"model": "common.blockrelationship", "pk": 13, "fields": {"block_name": "Бонус (Партнерам)", "block": "FeaturesBlock4"}}, {"model": "common.blockrelationship", "pk": 14, "fields": {"block_name": "Выгоды (Партнерам)", "block": "FeaturesBlock5"}}, {"model": "common.blockrelationship", "pk": 15, "fields": {"block_name": "Траффик (Партнерам)", "block": "ContentBlock2"}}, {"model": "common.blockrelationship", "pk": 16, "fields": {"block_name": "Рефералка (Партнерам)", "block": "ContentBlock1"}}, {"model": "common.blockrelationship", "pk": 17, "fields": {"block_name": "контент без фоток", "block": "ContentBlock3"}}, {"model": "common.blockrelationship", "pk": 18, "fields": {"block_name": "Регистрация финал (Партнерам)", "block": "RegisterBlock1"}}, {"model": "common.blockrelationship", "pk": 19, "fields": {"block_name": "Регистрация главная (Партнерам)", "block": "RegisterBlock2"}}, {"model": "common.blockrelationship", "pk": 20, "fields": {"block_name": "Соцсети (Главная)", "block": "SocialMediaBlock1"}}, {"model": "common.blockrelationship", "pk": 21, "fields": {"block_name": "FAQ", "block": "QuestionsBlock1"}}, {"model": "common.blockrelationship", "pk": 22, "fields": {"block_name": "Этапы (Патнерам)", "block": "StagesBlock1"}}, {"model": "common.blockrelationship", "pk": 23, "fields": {"block_name": "Регистрация поддон (Партнерам)", "block": "RegisterBlock3"}}, {"model": "common.blockrelationship", "pk": 24, "fields": {"block_name": "Регистрация центр (Партнерам)", "block": "RegisterBlock4"}}, {"model": "common.blockrelationship", "pk": 26, "fields": {"block_name": "Обложка-заглушка (Каталог)", "block": "Cover2"}}, {"model": "common.blockrelationship", "pk": 28, "fields": {"block_name": "Каталог (tytytytytyt)", "block": "CatalogBlock3"}}, {"model": "common.blockrelationship", "pk": 29, "fields": {"block_name": "Партнерам (Главная)", "block": "ContentBlock4"}}, {"model": "common.blockrelationship", "pk": 30, "fields": {"block_name": "Каталог (Дебетовые карты с бонусом)(1)(1)", "block": "CatalogBlock4"}}, {"model": "common.blockrelationship", "pk": 31, "fields": {"block_name": "Главная витрина", "block": "MainPageCatalogBlock1"}}, {"model": "common.blockrelationship", "pk": 32, "fields": {"block_name": "Промо акции", "block": "PromoCatalog1"}}, {"model": "common.blockrelationship", "pk": 33, "fields": {"block_name": "Обложка (Главная)", "block": "Cover3"}}, {"model": "common.blockrelationship", "pk": 34, "fields": {"block_name": "Дополнительная витрина", "block": "MainPageCatalogBlock2"}}, {"model": "common.blockrelationship", "pk": 35, "fields": {"block_name": "Бонус (Каталог)", "block": "FeaturesBlock6"}}, {"model": "common.blockrelationship", "pk": 36, "fields": {"block_name": "Бонус (Главная)", "block": "FeaturesBlock7"}}, {"model": "common.blockrelationship", "pk": 37, "fields": {"block_name": "Обложка каталога (Дебетовые+бонус)", "block": "Cover4"}}, {"model": "common.blockrelationship", "pk": 38, "fields": {"block_name": "Партнерам (Каталог)", "block": "ContentBlock5"}}, {"model": "common.blockrelationship", "pk": 39, "fields": {"block_name": "доп. витрина", "block": "AdditionalCatalogBlock1"}}, {"model": "common.blockrelationship", "pk": 40, "fields": {"block_name": "Каталог (Дебетовые карты с бонусом)(1)(1)(1)", "block": "CatalogBlock5"}}, {"model": "common.blockrelationship", "pk": 46, "fields": {"block_name": "Каталог (Дебетовые карты с бонусом)", "block": "CatalogBlock1"}}, {"model": "common.socialnetwork", "pk": 1, "fields": {"name": "Телеграм", "domain": "https://t.me/", "icon": "images/social/icons/icosoc_tg.png", "button_color": "#1B4EBA"}}, {"model": "common.socialnetwork", "pk": 2, "fields": {"name": "Вконтакте", "domain": "https://vk.com/", "icon": "images/social/icons/icosoc_vk.png", "button_color": "#4F95FF"}}, {"model": "common.socialnetwork", "pk": 3, "fields": {"name": "Дзен", "domain": "https://zen.ru/", "icon": "images/social/icons/icosoc_zen.png", "button_color": "#3B3B3B"}}, {"model": "common.socialnetwork", "pk": 4, "fields": {"name": "Ютуб", "domain": "https://www.youtube.com/", "icon": "images/social/icons/icosoc_yt.png", "button_color": "#FF1B1B"}}, {"model": "common.socialnetwork", "pk": 5, "fields": {"name": "WhatsApp", "domain": "WhatsApp", "icon": "images/social/icons/icosoc_telegram.png", "button_color": "#29D346"}}, {"model": "catalog.producttype", "pk": 1, "fields": {"name": "Дебетовые карты с бонусом", "slug": "debetbonus", "title": "Дебетовые карты с бонусом за оформление", "image": "organizations/covers/cat-debetbonus.jpg", "cover": 4, "description": "<p>Оформляйте карты и получайте приветственные бонусы рублями или супер-кэшбэком.</p>", "profit": "37%"}}, {"model": "catalog.producttype", "pk": 9, "fields": {"name": "Кредитные карты с бонусом", "slug": "creditbonus", "title": "Кредитные карты с бонусом за оформление", "image": "organizations/covers/cat-creditbonus_uwZQ4RZ.jpg", "cover": 4, "description": "<p>Открывайте кредитные карты по ссылкам на сайте и получайте за это деньги в подарок.</p>", "profit": "0"}}, {"model": "catalog.producttype", "pk": 10, "fields": {"name": "Карты с кэшбэком", "slug": "cashback", "title": "Банковские карты с лучшим кэшбэком", "image": "organizations/covers/cashback-1000x600.jpg", "cover": 2, "description": "<p>Начните получать 5-20% кэшбэка на все ваши текущие расходы от продуктов и одежды до аптек и ЖКХ.</p>", "profit": "0"}}, {"model": "catalog.organizationtype", "pk": 1, "fields": {"name": "Банк"}}, {"model": "catalog.organizationtype", "pk": 2, "fields": {"name": "Брокер"}}, {"model": "catalog.organizationtype", "pk": 3, "fields": {"name": "Страховая компания"}}, {"model": "catalog.organizationtype", "pk": 4, "fields": {"name": "МФО"}}, {"model": "catalog.organization", "pk": 1, "fields": {"name": "Альфа Банк", "type": 1, "logo": "organizations/logos/logo_alfa.jpg", "site": "https://alfabank.ru/", "admin_hint": "<p>Альфа банк</p>"}}, {"model": "catalog.organization", "pk": 2, "fields": {"name": "Сбербанк", "type": 1, "logo": "organizations/logos/сбер_лого.png", "site": "http://sberbank.ru", "admin_hint": "<p>пояснение</p>"}}, {"model": "catalog.organization", "pk": 3, "fields": {"name": "Т-Банк", "type": 1, "logo": "organizations/logos/logo_alfa_anlSJTU.jpg", "site": "https://www.tbank.ru/", "admin_hint": "<p>Тинькофф</p>"}}, {"model": "catalog.product", "pk": 1, "fields": {"organization": 1, "cover": "products/covers/krieditnaia-karta-100-dniei-biez-996190733_large.png", "name": "Альфа-Карта", "type": 1, "annotation": "Получайте по 500₽ вознаграждения в первые 3 месяца", "description": "<p>при оформлении карты вы и ваш друг получат 1000 и 1500 рублей</p>\r\n\r\n<p>при оформлении карты вы и ваш друг получат 1000 и 1500 рублей</p>\r\n\r\n<p>при оформлении карты вы и ваш друг получат 1000 и 1500 рублей</p>\r\n\r\n<p>при оформлении карты вы и ваш друг получат 1000 и 1500 рублейпри оформлении карты вы и ваш друг получат 1000 и 1500 рублей</p>\r\n\r\n<p>при оформлении карты вы и ваш друг получат 1000 и 1500 рублейпри оформлении карты вы и ваш друг получат 1000 и 1500 рублейпри оформлении карты вы и ваш друг получат 1000 и 1500 рублейпри оформлении карты вы и ваш друг получат 1000 и 1500 рублейпри оформлении карты вы и ваш друг получат 1000 и 1500 рублейпри оформлении карты вы и ваш друг получат 1000 и 1500 рублейпри оформлении карты вы и ваш друг получат 1000 и 1500 рублейпри оформлении карты вы и ваш друг получат 1000 и 1500 рублей</p>\r\n\r\n<p>при оформлении карты вы и ваш друг получат 1000 и 1500 рублей</p>\r\n\r\n<p>при оформлении карты вы и ваш друг получат 1000 и 1500 рублей</p>\r\n\r\n<p>при оформлении карты вы и ваш друг получат 1000 и 1500 рублейпри оформлении карты вы и ваш друг получат 1000 и 1500 рублейпри оформлении карты вы и ваш друг получат 1000 и 1500 рублейпри оформлении карты вы и ваш друг получат 1000 и 1500 рублейпри оформлении карты вы и ваш друг получат 1000 и 1500 рублейvпри оформлении карты вы и ваш друг получат 1000 и 1500 рублейпри оформлении карты вы и ваш друг получат 1000 и 1500 рублейпри оформлении карты вы и ваш друг получат 1000 и 1500 рублейпри оформлении карты вы и ваш друг получат 1000 и 1500 рублей</p>\r\n\r\n<p>при оформлении карты вы и ваш друг получат 1000 и 1500 рублей</p>", "banner": "products/banners/banner_raif_mM0Dw7D.jpg", "promote": "2024-06-24", "private": false, "promotion": false, "profit": "1500 ₽", "start_promotion": "2024-06-02", "end_promotion": null, "created_at": "2024-06-08T13:04:43.307Z", "status": "Опубликовано"}}, {"model": "catalog.product", "pk": 4, "fields": {"organization": 2, "cover": "products/covers/debit_otp.png", "name": "СберКарта", "type": 1, "annotation": "Получайте до 5% кешбэка в категориях на выбор", "description": "<p>дебетовая карта сбер с бонусами&nbsp;дебетовая карта сбер с бонусами</p>", "banner": "products/banners/banner_ren_KFIdVHc.jpg", "promote": "2024-06-25", "private": false, "promotion": false, "profit": "1000 ₽", "start_promotion": null, "end_promotion": "2024-06-23", "created_at": "2024-06-23T12:20:06.918Z", "status": "Опубликовано"}}, {"model": "catalog.link", "pk": 1, "fields": {"text": "https://idri.ru/kjfbjkdbgjdbgbdfgbjdbgjdbgbdj", "percent": 50, "info": null, "product": 1}}, {"model": "catalog.link", "pk": 2, "fields": {"text": "https://idri.ru/kjfbjkdbgjdbgbdfgbjdbgjdbgbdj", "percent": 50, "info": null, "product": 1}}, {"model": "catalog.link", "pk": 5, "fields": {"text": "https://idri.ru/kjfbjkdbgjdbgbdfgbjdbgjdbgbdj", "percent": 100, "info": "ссылка", "product": 4}}, {"model": "catalog.exclusivecard", "pk": 1, "fields": {"button_text": "Регистрация", "button_ref": "#register", "image": "images/exclusive/debit_mts_weekend.png", "bonus": "5000", "annotation": "Только для зарегистрированных пользователей сайта"}}, {"model": "catalog.catalogpagetemplate", "pk": 1, "fields": {"title": "Шаблон каталога"}}, {"model": "catalog.block", "pk": 2, "fields": {"my_order": 1, "name": 6, "page": 1}}, {"model": "catalog.block", "pk": 3, "fields": {"my_order": 2, "name": 26, "page": 1}}, {"model": "catalog.block", "pk": 4, "fields": {"my_order": 8, "name": 35, "page": 1}}, {"model": "catalog.block", "pk": 5, "fields": {"my_order": 3, "name": 19, "page": 1}}, {"model": "catalog.block", "pk": 6, "fields": {"my_order": 7, "name": 38, "page": 1}}, {"model": "catalog.block", "pk": 7, "fields": {"my_order": 5, "name": 20, "page": 1}}, {"model": "catalog.block", "pk": 8, "fields": {"my_order": 9, "name": 23, "page": 1}}, {"model": "catalog.block", "pk": 9, "fields": {"my_order": 10, "name": 21, "page": 1}}, {"model": "catalog.block", "pk": 10, "fields": {"my_order": 6, "name": 12, "page": 1}}, {"model": "catalog.block", "pk": 11, "fields": {"my_order": 4, "name": 46, "page": 1}}, {"model": "domens.domain", "pk": 1, "fields": {"domain": "idri.ru", "is_partners": true}}, {"model": "domens.domain", "pk": 2, "fields": {"domain": "bankomag.ru", "is_partners": false}}, {"model": "account.userfont", "pk": 1, "fields": {"name": "Arial", "link": null}}, {"model": "account.userfont", "pk": 2, "fields": {"name": "Playfair Display", "link": "https://fonts.googleapis.com/css?family=Playfair+Display"}}, {"model": "account.userfont", "pk": 3, "fields": {"name": "Open Sans", "link": "https://fonts.googleapis.com/css2?family=Open+Sans:ital,wght@0,300..800;1,300..800&family=Roboto&display=swap"}}, {"model": "account.userfont", "pk": 4, "fields": {"name": "Roboto Condensed", "link": "https://fonts.googleapis.com/css2?family=Roboto+Condensed&display=swap"}}, {"model": "account.userfont", "pk": 5, "fields": {"name": "Pacifico", "link": "https://fonts.googleapis.com/css2?family=Pacifico&display=swap"}}, {"model": "account.userfont", "pk": 6, "fields": {"name": "Bona Nova", "link": "https://fonts.googleapis.com/css2?family=Bona+Nova+SC:ital,wght@0,400;0,700;1,400&display=swap"}}, {"model": "account.usersocialnetwork", "pk": 63, "fields": {"social_network": 2, "adress": "dsds", "site": 8}}, {"model": "account.usersocialnetwork", "pk": 64, "fields": {"social_network": 1, "adress": "dsds", "site": 8}}, {"model": "account.messanger", "pk": 1, "fields": {"social_network": 1}}, {"model": "account.messanger", "pk": 2, "fields": {"social_network": 5}}, {"model": "notifications.trigger", "pk": 1, "fields": {"name": "SIGNEDUP"}}, {"model": "notifications.trigger", "pk": 2, "fields": {"name": "EMAILVERIFIED"}}, {"model": "notifications.trigger", "pk": 3, "fields": {"name": "SITECREATED"}}, {"model": "notifications.notification", "pk": 1, "fields": {"name": "создание сайта", "message": "Ваш партнёрский сайт [user.site] успешно создан", "status": "info", "trigger": 3}}, {"model": "notifications.notification", "pk": 2, "fields": {"name": "пользователь подтвердил почту", "message": "вы подтвердили почту!", "status": "info", "trigger": 2}}, {"model": "notifications.notification", "pk": 3, "fields": {"name": "Пользователь зарегистрировался", "message": "Подтвердите свою почту", "status": "warning", "trigger": 1}}, {"model": "auth.permission", "fields": {"name": "Can add log entry", "content_type": ["admin", "logentry"], "codename": "add_logentry"}}, {"model": "auth.permission", "fields": {"name": "Can change log entry", "content_type": ["admin", "logentry"], "codename": "change_logentry"}}, {"model": "auth.permission", "fields": {"name": "Can delete log entry", "content_type": ["admin", "logentry"], "codename": "delete_logentry"}}, {"model": "auth.permission", "fields": {"name": "Can view log entry", "content_type": ["admin", "logentry"], "codename": "view_logentry"}}, {"model": "auth.permission", "fields": {"name": "Can add permission", "content_type": ["auth", "permission"], "codename": "add_permission"}}, {"model": "auth.permission", "fields": {"name": "Can change permission", "content_type": ["auth", "permission"], "codename": "change_permission"}}, {"model": "auth.permission", "fields": {"name": "Can delete permission", "content_type": ["auth", "permission"], "codename": "delete_permission"}}, {"model": "auth.permission", "fields": {"name": "Can view permission", "content_type": ["auth", "permission"], "codename": "view_permission"}}, {"model": "auth.permission", "fields": {"name": "Can add group", "content_type": ["auth", "group"], "codename": "add_group"}}, {"model": "auth.permission", "fields": {"name": "Can change group", "content_type": ["auth", "group"], "codename": "change_group"}}, {"model": "auth.permission", "fields": {"name": "Can delete group", "content_type": ["auth", "group"], "codename": "delete_group"}}, {"model": "auth.permission", "fields": {"name": "Can view group", "content_type": ["auth", "group"], "codename": "view_group"}}, {"model": "auth.permission", "fields": {"name": "Can add content type", "content_type": ["contenttypes", "contenttype"], "codename": "add_contenttype"}}, {"model": "auth.permission", "fields": {"name": "Can change content type", "content_type": ["contenttypes", "contenttype"], "codename": "change_contenttype"}}, {"model": "auth.permission", "fields": {"name": "Can delete content type", "content_type": ["contenttypes", "contenttype"], "codename": "delete_contenttype"}}, {"model": "auth.permission", "fields": {"name": "Can view content type", "content_type": ["contenttypes", "contenttype"], "codename": "view_contenttype"}}, {"model": "auth.permission", "fields": {"name": "Can add session", "content_type": ["sessions", "session"], "codename": "add_session"}}, {"model": "auth.permission", "fields": {"name": "Can change session", "content_type": ["sessions", "session"], "codename": "change_session"}}, {"model": "auth.permission", "fields": {"name": "Can delete session", "content_type": ["sessions", "session"], "codename": "delete_session"}}, {"model": "auth.permission", "fields": {"name": "Can view session", "content_type": ["sessions", "session"], "codename": "view_session"}}, {"model": "auth.permission", "fields": {"name": "Can add Пользователь", "content_type": ["user", "user"], "codename": "add_user"}}, {"model": "auth.permission", "fields": {"name": "Can change Пользователь", "content_type": ["user", "user"], "codename": "change_user"}}, {"model": "auth.permission", "fields": {"name": "Can delete Пользователь", "content_type": ["user", "user"], "codename": "delete_user"}}, {"model": "auth.permission", "fields": {"name": "Can view Пользователь", "content_type": ["user", "user"], "codename": "view_user"}}, {"model": "auth.permission", "fields": {"name": "Can add Блок каталога на главной", "content_type": ["blocks", "additionalcatalogblock"], "codename": "add_additionalcatalogblock"}}, {"model": "auth.permission", "fields": {"name": "Can change Блок каталога на главной", "content_type": ["blocks", "additionalcatalogblock"], "codename": "change_additionalcatalogblock"}}, {"model": "auth.permission", "fields": {"name": "Can delete Блок каталога на главной", "content_type": ["blocks", "additionalcatalogblock"], "codename": "delete_additionalcatalogblock"}}, {"model": "auth.permission", "fields": {"name": "Can view Блок каталога на главной", "content_type": ["blocks", "additionalcatalogblock"], "codename": "view_additionalcatalogblock"}}, {"model": "auth.permission", "fields": {"name": "Can add additional catalog product type", "content_type": ["blocks", "additionalcatalogproducttype"], "codename": "add_additionalcatalogproducttype"}}, {"model": "auth.permission", "fields": {"name": "Can change additional catalog product type", "content_type": ["blocks", "additionalcatalogproducttype"], "codename": "change_additionalcatalogproducttype"}}, {"model": "auth.permission", "fields": {"name": "Can delete additional catalog product type", "content_type": ["blocks", "additionalcatalogproducttype"], "codename": "delete_additionalcatalogproducttype"}}, {"model": "auth.permission", "fields": {"name": "Can view additional catalog product type", "content_type": ["blocks", "additionalcatalogproducttype"], "codename": "view_additionalcatalogproducttype"}}, {"model": "auth.permission", "fields": {"name": "Can add Блок", "content_type": ["blocks", "block"], "codename": "add_block"}}, {"model": "auth.permission", "fields": {"name": "Can change Блок", "content_type": ["blocks", "block"], "codename": "change_block"}}, {"model": "auth.permission", "fields": {"name": "Can delete Блок", "content_type": ["blocks", "block"], "codename": "delete_block"}}, {"model": "auth.permission", "fields": {"name": "Can view Блок", "content_type": ["blocks", "block"], "codename": "view_block"}}, {"model": "auth.permission", "fields": {"name": "Can add Блок каталога", "content_type": ["blocks", "catalogblock"], "codename": "add_catalogblock"}}, {"model": "auth.permission", "fields": {"name": "Can change Блок каталога", "content_type": ["blocks", "catalogblock"], "codename": "change_catalogblock"}}, {"model": "auth.permission", "fields": {"name": "Can delete Блок каталога", "content_type": ["blocks", "catalogblock"], "codename": "delete_catalogblock"}}, {"model": "auth.permission", "fields": {"name": "Can view Блок каталога", "content_type": ["blocks", "catalogblock"], "codename": "view_catalogblock"}}, {"model": "auth.permission", "fields": {"name": "Can add catalog product", "content_type": ["blocks", "catalogproduct"], "codename": "add_catalogproduct"}}, {"model": "auth.permission", "fields": {"name": "Can change catalog product", "content_type": ["blocks", "catalogproduct"], "codename": "change_catalogproduct"}}, {"model": "auth.permission", "fields": {"name": "Can delete catalog product", "content_type": ["blocks", "catalogproduct"], "codename": "delete_catalogproduct"}}, {"model": "auth.permission", "fields": {"name": "Can view catalog product", "content_type": ["blocks", "catalogproduct"], "codename": "view_catalogproduct"}}, {"model": "auth.permission", "fields": {"name": "Can add навбар", "content_type": ["blocks", "navbar"], "codename": "add_navbar"}}, {"model": "auth.permission", "fields": {"name": "Can change навбар", "content_type": ["blocks", "navbar"], "codename": "change_navbar"}}, {"model": "auth.permission", "fields": {"name": "Can delete навбар", "content_type": ["blocks", "navbar"], "codename": "delete_navbar"}}, {"model": "auth.permission", "fields": {"name": "Can view навбар", "content_type": ["blocks", "navbar"], "codename": "view_navbar"}}, {"model": "auth.permission", "fields": {"name": "Can add Страница", "content_type": ["blocks", "page"], "codename": "add_page"}}, {"model": "auth.permission", "fields": {"name": "Can change Страница", "content_type": ["blocks", "page"], "codename": "change_page"}}, {"model": "auth.permission", "fields": {"name": "Can delete Страница", "content_type": ["blocks", "page"], "codename": "delete_page"}}, {"model": "auth.permission", "fields": {"name": "Can view Страница", "content_type": ["blocks", "page"], "codename": "view_page"}}, {"model": "auth.permission", "fields": {"name": "Can add Блок подписок на соц сети", "content_type": ["blocks", "socialmediablock"], "codename": "add_socialmediablock"}}, {"model": "auth.permission", "fields": {"name": "Can change Блок подписок на соц сети", "content_type": ["blocks", "socialmediablock"], "codename": "change_socialmediablock"}}, {"model": "auth.permission", "fields": {"name": "Can delete Блок подписок на соц сети", "content_type": ["blocks", "socialmediablock"], "codename": "delete_socialmediablock"}}, {"model": "auth.permission", "fields": {"name": "Can view Блок подписок на соц сети", "content_type": ["blocks", "socialmediablock"], "codename": "view_socialmediablock"}}, {"model": "auth.permission", "fields": {"name": "Can add Html шаблон", "content_type": ["blocks", "template"], "codename": "add_template"}}, {"model": "auth.permission", "fields": {"name": "Can change Html шаблон", "content_type": ["blocks", "template"], "codename": "change_template"}}, {"model": "auth.permission", "fields": {"name": "Can delete Html шаблон", "content_type": ["blocks", "template"], "codename": "delete_template"}}, {"model": "auth.permission", "fields": {"name": "Can view Html шаблон", "content_type": ["blocks", "template"], "codename": "view_template"}}, {"model": "auth.permission", "fields": {"name": "Can add Блок этапов", "content_type": ["blocks", "stagesblock"], "codename": "add_stagesblock"}}, {"model": "auth.permission", "fields": {"name": "Can change Блок этапов", "content_type": ["blocks", "stagesblock"], "codename": "change_stagesblock"}}, {"model": "auth.permission", "fields": {"name": "Can delete Блок этапов", "content_type": ["blocks", "stagesblock"], "codename": "delete_stagesblock"}}, {"model": "auth.permission", "fields": {"name": "Can view Блок этапов", "content_type": ["blocks", "stagesblock"], "codename": "view_stagesblock"}}, {"model": "auth.permission", "fields": {"name": "Can add Этап", "content_type": ["blocks", "stage"], "codename": "add_stage"}}, {"model": "auth.permission", "fields": {"name": "Can change Этап", "content_type": ["blocks", "stage"], "codename": "change_stage"}}, {"model": "auth.permission", "fields": {"name": "Can delete Этап", "content_type": ["blocks", "stage"], "codename": "delete_stage"}}, {"model": "auth.permission", "fields": {"name": "Can view Этап", "content_type": ["blocks", "stage"], "codename": "view_stage"}}, {"model": "auth.permission", "fields": {"name": "Can add Социальная сеть", "content_type": ["blocks", "socialmediabutton"], "codename": "add_socialmediabutton"}}, {"model": "auth.permission", "fields": {"name": "Can change Социальная сеть", "content_type": ["blocks", "socialmediabutton"], "codename": "change_socialmediabutton"}}, {"model": "auth.permission", "fields": {"name": "Can delete Социальная сеть", "content_type": ["blocks", "socialmediabutton"], "codename": "delete_socialmediabutton"}}, {"model": "auth.permission", "fields": {"name": "Can view Социальная сеть", "content_type": ["blocks", "socialmediabutton"], "codename": "view_socialmediabutton"}}, {"model": "auth.permission", "fields": {"name": "Can add Блок регистрации", "content_type": ["blocks", "registerblock"], "codename": "add_registerblock"}}, {"model": "auth.permission", "fields": {"name": "Can change Блок регистрации", "content_type": ["blocks", "registerblock"], "codename": "change_registerblock"}}, {"model": "auth.permission", "fields": {"name": "Can delete Блок регистрации", "content_type": ["blocks", "registerblock"], "codename": "delete_registerblock"}}, {"model": "auth.permission", "fields": {"name": "Can view Блок регистрации", "content_type": ["blocks", "registerblock"], "codename": "view_registerblock"}}, {"model": "auth.permission", "fields": {"name": "Can add Блок с вопросами", "content_type": ["blocks", "questionsblock"], "codename": "add_questionsblock"}}, {"model": "auth.permission", "fields": {"name": "Can change Блок с вопросами", "content_type": ["blocks", "questionsblock"], "codename": "change_questionsblock"}}, {"model": "auth.permission", "fields": {"name": "Can delete Блок с вопросами", "content_type": ["blocks", "questionsblock"], "codename": "delete_questionsblock"}}, {"model": "auth.permission", "fields": {"name": "Can view Блок с вопросами", "content_type": ["blocks", "questionsblock"], "codename": "view_questionsblock"}}, {"model": "auth.permission", "fields": {"name": "Can add Вопрос", "content_type": ["blocks", "question"], "codename": "add_question"}}, {"model": "auth.permission", "fields": {"name": "Can change Вопрос", "content_type": ["blocks", "question"], "codename": "change_question"}}, {"model": "auth.permission", "fields": {"name": "Can delete Вопрос", "content_type": ["blocks", "question"], "codename": "delete_question"}}, {"model": "auth.permission", "fields": {"name": "Can view Вопрос", "content_type": ["blocks", "question"], "codename": "view_question"}}, {"model": "auth.permission", "fields": {"name": "Can add Промо акции", "content_type": ["blocks", "promocatalog"], "codename": "add_promocatalog"}}, {"model": "auth.permission", "fields": {"name": "Can change Промо акции", "content_type": ["blocks", "promocatalog"], "codename": "change_promocatalog"}}, {"model": "auth.permission", "fields": {"name": "Can delete Промо акции", "content_type": ["blocks", "promocatalog"], "codename": "delete_promocatalog"}}, {"model": "auth.permission", "fields": {"name": "Can view Промо акции", "content_type": ["blocks", "promocatalog"], "codename": "view_promocatalog"}}, {"model": "auth.permission", "fields": {"name": "Can add nav menu item", "content_type": ["blocks", "navmenuitem"], "codename": "add_navmenuitem"}}, {"model": "auth.permission", "fields": {"name": "Can change nav menu item", "content_type": ["blocks", "navmenuitem"], "codename": "change_navmenuitem"}}, {"model": "auth.permission", "fields": {"name": "Can delete nav menu item", "content_type": ["blocks", "navmenuitem"], "codename": "delete_navmenuitem"}}, {"model": "auth.permission", "fields": {"name": "Can view nav menu item", "content_type": ["blocks", "navmenuitem"], "codename": "view_navmenuitem"}}, {"model": "auth.permission", "fields": {"name": "Can add Блок каталога на главной", "content_type": ["blocks", "mainpagecatalogblock"], "codename": "add_mainpagecatalogblock"}}, {"model": "auth.permission", "fields": {"name": "Can change Блок каталога на главной", "content_type": ["blocks", "mainpagecatalogblock"], "codename": "change_mainpagecatalogblock"}}, {"model": "auth.permission", "fields": {"name": "Can delete Блок каталога на главной", "content_type": ["blocks", "mainpagecatalogblock"], "codename": "delete_mainpagecatalogblock"}}, {"model": "auth.permission", "fields": {"name": "Can view Блок каталога на главной", "content_type": ["blocks", "mainpagecatalogblock"], "codename": "view_mainpagecatalogblock"}}, {"model": "auth.permission", "fields": {"name": "Can add Блок с фичами", "content_type": ["blocks", "featuresblock"], "codename": "add_featuresblock"}}, {"model": "auth.permission", "fields": {"name": "Can change Блок с фичами", "content_type": ["blocks", "featuresblock"], "codename": "change_featuresblock"}}, {"model": "auth.permission", "fields": {"name": "Can delete Блок с фичами", "content_type": ["blocks", "featuresblock"], "codename": "delete_featuresblock"}}, {"model": "auth.permission", "fields": {"name": "Can view Блок с фичами", "content_type": ["blocks", "featuresblock"], "codename": "view_featuresblock"}}, {"model": "auth.permission", "fields": {"name": "Can add feature", "content_type": ["blocks", "feature"], "codename": "add_feature"}}, {"model": "auth.permission", "fields": {"name": "Can change feature", "content_type": ["blocks", "feature"], "codename": "change_feature"}}, {"model": "auth.permission", "fields": {"name": "Can delete feature", "content_type": ["blocks", "feature"], "codename": "delete_feature"}}, {"model": "auth.permission", "fields": {"name": "Can view feature", "content_type": ["blocks", "feature"], "codename": "view_feature"}}, {"model": "auth.permission", "fields": {"name": "Can add Обложка", "content_type": ["blocks", "cover"], "codename": "add_cover"}}, {"model": "auth.permission", "fields": {"name": "Can change Обложка", "content_type": ["blocks", "cover"], "codename": "change_cover"}}, {"model": "auth.permission", "fields": {"name": "Can delete Обложка", "content_type": ["blocks", "cover"], "codename": "delete_cover"}}, {"model": "auth.permission", "fields": {"name": "Can view Обложка", "content_type": ["blocks", "cover"], "codename": "view_cover"}}, {"model": "auth.permission", "fields": {"name": "Can add Контентный блок", "content_type": ["blocks", "contentblock"], "codename": "add_contentblock"}}, {"model": "auth.permission", "fields": {"name": "Can change Контентный блок", "content_type": ["blocks", "contentblock"], "codename": "change_contentblock"}}, {"model": "auth.permission", "fields": {"name": "Can delete Контентный блок", "content_type": ["blocks", "contentblock"], "codename": "delete_contentblock"}}, {"model": "auth.permission", "fields": {"name": "Can view Контентный блок", "content_type": ["blocks", "contentblock"], "codename": "view_contentblock"}}, {"model": "auth.permission", "fields": {"name": "Can add catalog product type", "content_type": ["blocks", "catalogproducttype"], "codename": "add_catalogproducttype"}}, {"model": "auth.permission", "fields": {"name": "Can change catalog product type", "content_type": ["blocks", "catalogproducttype"], "codename": "change_catalogproducttype"}}, {"model": "auth.permission", "fields": {"name": "Can delete catalog product type", "content_type": ["blocks", "catalogproducttype"], "codename": "delete_catalogproducttype"}}, {"model": "auth.permission", "fields": {"name": "Can view catalog product type", "content_type": ["blocks", "catalogproducttype"], "codename": "view_catalogproducttype"}}, {"model": "auth.permission", "fields": {"name": "Can add base color", "content_type": ["styles", "basecolor"], "codename": "add_basecolor"}}, {"model": "auth.permission", "fields": {"name": "Can change base color", "content_type": ["styles", "basecolor"], "codename": "change_basecolor"}}, {"model": "auth.permission", "fields": {"name": "Can delete base color", "content_type": ["styles", "basecolor"], "codename": "delete_basecolor"}}, {"model": "auth.permission", "fields": {"name": "Can view base color", "content_type": ["styles", "basecolor"], "codename": "view_basecolor"}}, {"model": "auth.permission", "fields": {"name": "Can add Шрифт", "content_type": ["styles", "font"], "codename": "add_font"}}, {"model": "auth.permission", "fields": {"name": "Can change Шрифт", "content_type": ["styles", "font"], "codename": "change_font"}}, {"model": "auth.permission", "fields": {"name": "Can delete Шрифт", "content_type": ["styles", "font"], "codename": "delete_font"}}, {"model": "auth.permission", "fields": {"name": "Can view Шрифт", "content_type": ["styles", "font"], "codename": "view_font"}}, {"model": "auth.permission", "fields": {"name": "Can add Глобальные стили", "content_type": ["styles", "globalstyles"], "codename": "add_globalstyles"}}, {"model": "auth.permission", "fields": {"name": "Can change Глобальные стили", "content_type": ["styles", "globalstyles"], "codename": "change_globalstyles"}}, {"model": "auth.permission", "fields": {"name": "Can delete Глобальные стили", "content_type": ["styles", "globalstyles"], "codename": "delete_globalstyles"}}, {"model": "auth.permission", "fields": {"name": "Can view Глобальные стили", "content_type": ["styles", "globalstyles"], "codename": "view_globalstyles"}}, {"model": "auth.permission", "fields": {"name": "Can add Подзаголовок", "content_type": ["styles", "subheadertext"], "codename": "add_subheadertext"}}, {"model": "auth.permission", "fields": {"name": "Can change Подзаголовок", "content_type": ["styles", "subheadertext"], "codename": "change_subheadertext"}}, {"model": "auth.permission", "fields": {"name": "Can delete Подзаголовок", "content_type": ["styles", "subheadertext"], "codename": "delete_subheadertext"}}, {"model": "auth.permission", "fields": {"name": "Can view Подзаголовок", "content_type": ["styles", "subheadertext"], "codename": "view_subheadertext"}}, {"model": "auth.permission", "fields": {"name": "Can add Кастомные стили", "content_type": ["styles", "stagescustomstyles"], "codename": "add_stagescustomstyles"}}, {"model": "auth.permission", "fields": {"name": "Can change Кастомные стили", "content_type": ["styles", "stagescustomstyles"], "codename": "change_stagescustomstyles"}}, {"model": "auth.permission", "fields": {"name": "Can delete Кастомные стили", "content_type": ["styles", "stagescustomstyles"], "codename": "delete_stagescustomstyles"}}, {"model": "auth.permission", "fields": {"name": "Can view Кастомные стили", "content_type": ["styles", "stagescustomstyles"], "codename": "view_stagescustomstyles"}}, {"model": "auth.permission", "fields": {"name": "Can add Кастомные стили", "content_type": ["styles", "socialcustomstyles"], "codename": "add_socialcustomstyles"}}, {"model": "auth.permission", "fields": {"name": "Can change Кастомные стили", "content_type": ["styles", "socialcustomstyles"], "codename": "change_socialcustomstyles"}}, {"model": "auth.permission", "fields": {"name": "Can delete Кастомные стили", "content_type": ["styles", "socialcustomstyles"], "codename": "delete_socialcustomstyles"}}, {"model": "auth.permission", "fields": {"name": "Can view Кастомные стили", "content_type": ["styles", "socialcustomstyles"], "codename": "view_socialcustomstyles"}}, {"model": "auth.permission", "fields": {"name": "Can add Кастомные стили", "content_type": ["styles", "registercustomstyles"], "codename": "add_registercustomstyles"}}, {"model": "auth.permission", "fields": {"name": "Can change Кастомные стили", "content_type": ["styles", "registercustomstyles"], "codename": "change_registercustomstyles"}}, {"model": "auth.permission", "fields": {"name": "Can delete Кастомные стили", "content_type": ["styles", "registercustomstyles"], "codename": "delete_registercustomstyles"}}, {"model": "auth.permission", "fields": {"name": "Can view Кастомные стили", "content_type": ["styles", "registercustomstyles"], "codename": "view_registercustomstyles"}}, {"model": "auth.permission", "fields": {"name": "Can add Кастомные стили", "content_type": ["styles", "questionscustomstyles"], "codename": "add_questionscustomstyles"}}, {"model": "auth.permission", "fields": {"name": "Can change Кастомные стили", "content_type": ["styles", "questionscustomstyles"], "codename": "change_questionscustomstyles"}}, {"model": "auth.permission", "fields": {"name": "Can delete Кастомные стили", "content_type": ["styles", "questionscustomstyles"], "codename": "delete_questionscustomstyles"}}, {"model": "auth.permission", "fields": {"name": "Can view Кастомные стили", "content_type": ["styles", "questionscustomstyles"], "codename": "view_questionscustomstyles"}}, {"model": "auth.permission", "fields": {"name": "Can add Кастомные стили", "content_type": ["styles", "promocatalogcustomstyles"], "codename": "add_promocatalogcustomstyles"}}, {"model": "auth.permission", "fields": {"name": "Can change Кастомные стили", "content_type": ["styles", "promocatalogcustomstyles"], "codename": "change_promocatalogcustomstyles"}}, {"model": "auth.permission", "fields": {"name": "Can delete Кастомные стили", "content_type": ["styles", "promocatalogcustomstyles"], "codename": "delete_promocatalogcustomstyles"}}, {"model": "auth.permission", "fields": {"name": "Can view Кастомные стили", "content_type": ["styles", "promocatalogcustomstyles"], "codename": "view_promocatalogcustomstyles"}}, {"model": "auth.permission", "fields": {"name": "Can add Кастомные стили", "content_type": ["styles", "navbarcustomstyles"], "codename": "add_navbarcustomstyles"}}, {"model": "auth.permission", "fields": {"name": "Can change Кастомные стили", "content_type": ["styles", "navbarcustomstyles"], "codename": "change_navbarcustomstyles"}}, {"model": "auth.permission", "fields": {"name": "Can delete Кастомные стили", "content_type": ["styles", "navbarcustomstyles"], "codename": "delete_navbarcustomstyles"}}, {"model": "auth.permission", "fields": {"name": "Can view Кастомные стили", "content_type": ["styles", "navbarcustomstyles"], "codename": "view_navbarcustomstyles"}}, {"model": "auth.permission", "fields": {"name": "Can add Отступы в блоке", "content_type": ["styles", "marginblock"], "codename": "add_marginblock"}}, {"model": "auth.permission", "fields": {"name": "Can change Отступы в блоке", "content_type": ["styles", "marginblock"], "codename": "change_marginblock"}}, {"model": "auth.permission", "fields": {"name": "Can delete Отступы в блоке", "content_type": ["styles", "marginblock"], "codename": "delete_marginblock"}}, {"model": "auth.permission", "fields": {"name": "Can view Отступы в блоке", "content_type": ["styles", "marginblock"], "codename": "view_marginblock"}}, {"model": "auth.permission", "fields": {"name": "Can add Основной текст", "content_type": ["styles", "maintext"], "codename": "add_maintext"}}, {"model": "auth.permission", "fields": {"name": "Can change Основной текст", "content_type": ["styles", "maintext"], "codename": "change_maintext"}}, {"model": "auth.permission", "fields": {"name": "Can delete Основной текст", "content_type": ["styles", "maintext"], "codename": "delete_maintext"}}, {"model": "auth.permission", "fields": {"name": "Can view Основной текст", "content_type": ["styles", "maintext"], "codename": "view_maintext"}}, {"model": "auth.permission", "fields": {"name": "Can add Кастомные стили", "content_type": ["styles", "mainpagecatalogcustomstyles"], "codename": "add_mainpagecatalogcustomstyles"}}, {"model": "auth.permission", "fields": {"name": "Can change Кастомные стили", "content_type": ["styles", "mainpagecatalogcustomstyles"], "codename": "change_mainpagecatalogcustomstyles"}}, {"model": "auth.permission", "fields": {"name": "Can delete Кастомные стили", "content_type": ["styles", "mainpagecatalogcustomstyles"], "codename": "delete_mainpagecatalogcustomstyles"}}, {"model": "auth.permission", "fields": {"name": "Can view Кастомные стили", "content_type": ["styles", "mainpagecatalogcustomstyles"], "codename": "view_mainpagecatalogcustomstyles"}}, {"model": "auth.permission", "fields": {"name": "Can add Размер иконок", "content_type": ["styles", "iconsize"], "codename": "add_iconsize"}}, {"model": "auth.permission", "fields": {"name": "Can change Размер иконок", "content_type": ["styles", "iconsize"], "codename": "change_iconsize"}}, {"model": "auth.permission", "fields": {"name": "Can delete Размер иконок", "content_type": ["styles", "iconsize"], "codename": "delete_iconsize"}}, {"model": "auth.permission", "fields": {"name": "Can view Размер иконок", "content_type": ["styles", "iconsize"], "codename": "view_iconsize"}}, {"model": "auth.permission", "fields": {"name": "Can add Заголовок", "content_type": ["styles", "headertext"], "codename": "add_headertext"}}, {"model": "auth.permission", "fields": {"name": "Can change Заголовок", "content_type": ["styles", "headertext"], "codename": "change_headertext"}}, {"model": "auth.permission", "fields": {"name": "Can delete Заголовок", "content_type": ["styles", "headertext"], "codename": "delete_headertext"}}, {"model": "auth.permission", "fields": {"name": "Can view Заголовок", "content_type": ["styles", "headertext"], "codename": "view_headertext"}}, {"model": "auth.permission", "fields": {"name": "Can add Кастомные стили", "content_type": ["styles", "featurescustomstyles"], "codename": "add_featurescustomstyles"}}, {"model": "auth.permission", "fields": {"name": "Can change Кастомные стили", "content_type": ["styles", "featurescustomstyles"], "codename": "change_featurescustomstyles"}}, {"model": "auth.permission", "fields": {"name": "Can delete Кастомные стили", "content_type": ["styles", "featurescustomstyles"], "codename": "delete_featurescustomstyles"}}, {"model": "auth.permission", "fields": {"name": "Can view Кастомные стили", "content_type": ["styles", "featurescustomstyles"], "codename": "view_featurescustomstyles"}}, {"model": "auth.permission", "fields": {"name": "Can add Текст пояснний", "content_type": ["styles", "explanationtext"], "codename": "add_explanationtext"}}, {"model": "auth.permission", "fields": {"name": "Can change Текст пояснний", "content_type": ["styles", "explanationtext"], "codename": "change_explanationtext"}}, {"model": "auth.permission", "fields": {"name": "Can delete Текст пояснний", "content_type": ["styles", "explanationtext"], "codename": "delete_explanationtext"}}, {"model": "auth.permission", "fields": {"name": "Can view Текст пояснний", "content_type": ["styles", "explanationtext"], "codename": "view_explanationtext"}}, {"model": "auth.permission", "fields": {"name": "Can add Кастомные стили", "content_type": ["styles", "covercustomstyles"], "codename": "add_covercustomstyles"}}, {"model": "auth.permission", "fields": {"name": "Can change Кастомные стили", "content_type": ["styles", "covercustomstyles"], "codename": "change_covercustomstyles"}}, {"model": "auth.permission", "fields": {"name": "Can delete Кастомные стили", "content_type": ["styles", "covercustomstyles"], "codename": "delete_covercustomstyles"}}, {"model": "auth.permission", "fields": {"name": "Can view Кастомные стили", "content_type": ["styles", "covercustomstyles"], "codename": "view_covercustomstyles"}}, {"model": "auth.permission", "fields": {"name": "Can add Кастомные стили", "content_type": ["styles", "contentcustomstyles"], "codename": "add_contentcustomstyles"}}, {"model": "auth.permission", "fields": {"name": "Can change Кастомные стили", "content_type": ["styles", "contentcustomstyles"], "codename": "change_contentcustomstyles"}}, {"model": "auth.permission", "fields": {"name": "Can delete Кастомные стили", "content_type": ["styles", "contentcustomstyles"], "codename": "delete_contentcustomstyles"}}, {"model": "auth.permission", "fields": {"name": "Can view Кастомные стили", "content_type": ["styles", "contentcustomstyles"], "codename": "view_contentcustomstyles"}}, {"model": "auth.permission", "fields": {"name": "Can add Цвета", "content_type": ["styles", "colorstyles"], "codename": "add_colorstyles"}}, {"model": "auth.permission", "fields": {"name": "Can change Цвета", "content_type": ["styles", "colorstyles"], "codename": "change_colorstyles"}}, {"model": "auth.permission", "fields": {"name": "Can delete Цвета", "content_type": ["styles", "colorstyles"], "codename": "delete_colorstyles"}}, {"model": "auth.permission", "fields": {"name": "Can view Цвета", "content_type": ["styles", "colorstyles"], "codename": "view_colorstyles"}}, {"model": "auth.permission", "fields": {"name": "Can add Кастомные стили", "content_type": ["styles", "catalogcustomstyles"], "codename": "add_catalogcustomstyles"}}, {"model": "auth.permission", "fields": {"name": "Can change Кастомные стили", "content_type": ["styles", "catalogcustomstyles"], "codename": "change_catalogcustomstyles"}}, {"model": "auth.permission", "fields": {"name": "Can delete Кастомные стили", "content_type": ["styles", "catalogcustomstyles"], "codename": "delete_catalogcustomstyles"}}, {"model": "auth.permission", "fields": {"name": "Can view Кастомные стили", "content_type": ["styles", "catalogcustomstyles"], "codename": "view_catalogcustomstyles"}}, {"model": "auth.permission", "fields": {"name": "Can add Кастомные стили", "content_type": ["styles", "additionalcatalogcustomstyles"], "codename": "add_additionalcatalogcustomstyles"}}, {"model": "auth.permission", "fields": {"name": "Can change Кастомные стили", "content_type": ["styles", "additionalcatalogcustomstyles"], "codename": "change_additionalcatalogcustomstyles"}}, {"model": "auth.permission", "fields": {"name": "Can delete Кастомные стили", "content_type": ["styles", "additionalcatalogcustomstyles"], "codename": "delete_additionalcatalogcustomstyles"}}, {"model": "auth.permission", "fields": {"name": "Can view Кастомные стили", "content_type": ["styles", "additionalcatalogcustomstyles"], "codename": "view_additionalcatalogcustomstyles"}}, {"model": "auth.permission", "fields": {"name": "Can add Настройки сайта", "content_type": ["settings", "sitesettings"], "codename": "add_sitesettings"}}, {"model": "auth.permission", "fields": {"name": "Can change Настройки сайта", "content_type": ["settings", "sitesettings"], "codename": "change_sitesettings"}}, {"model": "auth.permission", "fields": {"name": "Can delete Настройки сайта", "content_type": ["settings", "sitesettings"], "codename": "delete_sitesettings"}}, {"model": "auth.permission", "fields": {"name": "Can view Настройки сайта", "content_type": ["settings", "sitesettings"], "codename": "view_sitesettings"}}, {"model": "auth.permission", "fields": {"name": "Can add Логотип", "content_type": ["settings", "logo"], "codename": "add_logo"}}, {"model": "auth.permission", "fields": {"name": "Can change Логотип", "content_type": ["settings", "logo"], "codename": "change_logo"}}, {"model": "auth.permission", "fields": {"name": "Can delete Логотип", "content_type": ["settings", "logo"], "codename": "delete_logo"}}, {"model": "auth.permission", "fields": {"name": "Can view Логотип", "content_type": ["settings", "logo"], "codename": "view_logo"}}, {"model": "auth.permission", "fields": {"name": "Can add Иконка", "content_type": ["settings", "icon"], "codename": "add_icon"}}, {"model": "auth.permission", "fields": {"name": "Can change Иконка", "content_type": ["settings", "icon"], "codename": "change_icon"}}, {"model": "auth.permission", "fields": {"name": "Can delete Иконка", "content_type": ["settings", "icon"], "codename": "delete_icon"}}, {"model": "auth.permission", "fields": {"name": "Can view Иконка", "content_type": ["settings", "icon"], "codename": "view_icon"}}, {"model": "auth.permission", "fields": {"name": "Can add Логотип для форм", "content_type": ["settings", "formlogo"], "codename": "add_formlogo"}}, {"model": "auth.permission", "fields": {"name": "Can change Логотип для форм", "content_type": ["settings", "formlogo"], "codename": "change_formlogo"}}, {"model": "auth.permission", "fields": {"name": "Can delete Логотип для форм", "content_type": ["settings", "formlogo"], "codename": "delete_formlogo"}}, {"model": "auth.permission", "fields": {"name": "Can view Логотип для форм", "content_type": ["settings", "formlogo"], "codename": "view_formlogo"}}, {"model": "auth.permission", "fields": {"name": "Can add Блок", "content_type": ["common", "blockrelationship"], "codename": "add_blockrelationship"}}, {"model": "auth.permission", "fields": {"name": "Can change Блок", "content_type": ["common", "blockrelationship"], "codename": "change_blockrelationship"}}, {"model": "auth.permission", "fields": {"name": "Can delete Блок", "content_type": ["common", "blockrelationship"], "codename": "delete_blockrelationship"}}, {"model": "auth.permission", "fields": {"name": "Can view Блок", "content_type": ["common", "blockrelationship"], "codename": "view_blockrelationship"}}, {"model": "auth.permission", "fields": {"name": "Can add Социальная сеть", "content_type": ["common", "socialnetwork"], "codename": "add_socialnetwork"}}, {"model": "auth.permission", "fields": {"name": "Can change Социальная сеть", "content_type": ["common", "socialnetwork"], "codename": "change_socialnetwork"}}, {"model": "auth.permission", "fields": {"name": "Can delete Социальная сеть", "content_type": ["common", "socialnetwork"], "codename": "delete_socialnetwork"}}, {"model": "auth.permission", "fields": {"name": "Can view Социальная сеть", "content_type": ["common", "socialnetwork"], "codename": "view_socialnetwork"}}, {"model": "auth.permission", "fields": {"name": "Can add Шаблон страницы каталога", "content_type": ["catalog", "catalogpagetemplate"], "codename": "add_catalogpagetemplate"}}, {"model": "auth.permission", "fields": {"name": "Can change Шаблон страницы каталога", "content_type": ["catalog", "catalogpagetemplate"], "codename": "change_catalogpagetemplate"}}, {"model": "auth.permission", "fields": {"name": "Can delete Шаблон страницы каталога", "content_type": ["catalog", "catalogpagetemplate"], "codename": "delete_catalogpagetemplate"}}, {"model": "auth.permission", "fields": {"name": "Can view Шаблон страницы каталога", "content_type": ["catalog", "catalogpagetemplate"], "codename": "view_catalogpagetemplate"}}, {"model": "auth.permission", "fields": {"name": "Can add Карточка Эксклюзив", "content_type": ["catalog", "exclusivecard"], "codename": "add_exclusivecard"}}, {"model": "auth.permission", "fields": {"name": "Can change Карточка Эксклюзив", "content_type": ["catalog", "exclusivecard"], "codename": "change_exclusivecard"}}, {"model": "auth.permission", "fields": {"name": "Can delete Карточка Эксклюзив", "content_type": ["catalog", "exclusivecard"], "codename": "delete_exclusivecard"}}, {"model": "auth.permission", "fields": {"name": "Can view Карточка Эксклюзив", "content_type": ["catalog", "exclusivecard"], "codename": "view_exclusivecard"}}, {"model": "auth.permission", "fields": {"name": "Can add Организация", "content_type": ["catalog", "organization"], "codename": "add_organization"}}, {"model": "auth.permission", "fields": {"name": "Can change Организация", "content_type": ["catalog", "organization"], "codename": "change_organization"}}, {"model": "auth.permission", "fields": {"name": "Can delete Организация", "content_type": ["catalog", "organization"], "codename": "delete_organization"}}, {"model": "auth.permission", "fields": {"name": "Can view Организация", "content_type": ["catalog", "organization"], "codename": "view_organization"}}, {"model": "auth.permission", "fields": {"name": "Can add Тип организации", "content_type": ["catalog", "organizationtype"], "codename": "add_organizationtype"}}, {"model": "auth.permission", "fields": {"name": "Can change Тип организации", "content_type": ["catalog", "organizationtype"], "codename": "change_organizationtype"}}, {"model": "auth.permission", "fields": {"name": "Can delete Тип организации", "content_type": ["catalog", "organizationtype"], "codename": "delete_organizationtype"}}, {"model": "auth.permission", "fields": {"name": "Can view Тип организации", "content_type": ["catalog", "organizationtype"], "codename": "view_organizationtype"}}, {"model": "auth.permission", "fields": {"name": "Can add Тип продукта/акции", "content_type": ["catalog", "producttype"], "codename": "add_producttype"}}, {"model": "auth.permission", "fields": {"name": "Can change Тип продукта/акции", "content_type": ["catalog", "producttype"], "codename": "change_producttype"}}, {"model": "auth.permission", "fields": {"name": "Can delete Тип продукта/акции", "content_type": ["catalog", "producttype"], "codename": "delete_producttype"}}, {"model": "auth.permission", "fields": {"name": "Can view Тип продукта/акции", "content_type": ["catalog", "producttype"], "codename": "view_producttype"}}, {"model": "auth.permission", "fields": {"name": "Can add продукт/акция", "content_type": ["catalog", "product"], "codename": "add_product"}}, {"model": "auth.permission", "fields": {"name": "Can change продукт/акция", "content_type": ["catalog", "product"], "codename": "change_product"}}, {"model": "auth.permission", "fields": {"name": "Can delete продукт/акция", "content_type": ["catalog", "product"], "codename": "delete_product"}}, {"model": "auth.permission", "fields": {"name": "Can view продукт/акция", "content_type": ["catalog", "product"], "codename": "view_product"}}, {"model": "auth.permission", "fields": {"name": "Can add ссылки", "content_type": ["catalog", "link"], "codename": "add_link"}}, {"model": "auth.permission", "fields": {"name": "Can change ссылки", "content_type": ["catalog", "link"], "codename": "change_link"}}, {"model": "auth.permission", "fields": {"name": "Can delete ссылки", "content_type": ["catalog", "link"], "codename": "delete_link"}}, {"model": "auth.permission", "fields": {"name": "Can view ссылки", "content_type": ["catalog", "link"], "codename": "view_link"}}, {"model": "auth.permission", "fields": {"name": "Can add Блок", "content_type": ["catalog", "block"], "codename": "add_block"}}, {"model": "auth.permission", "fields": {"name": "Can change Блок", "content_type": ["catalog", "block"], "codename": "change_block"}}, {"model": "auth.permission", "fields": {"name": "Can delete Блок", "content_type": ["catalog", "block"], "codename": "delete_block"}}, {"model": "auth.permission", "fields": {"name": "Can view Блок", "content_type": ["catalog", "block"], "codename": "view_block"}}, {"model": "auth.permission", "fields": {"name": "Can add домен", "content_type": ["domens", "domain"], "codename": "add_domain"}}, {"model": "auth.permission", "fields": {"name": "Can change домен", "content_type": ["domens", "domain"], "codename": "change_domain"}}, {"model": "auth.permission", "fields": {"name": "Can delete домен", "content_type": ["domens", "domain"], "codename": "delete_domain"}}, {"model": "auth.permission", "fields": {"name": "Can view домен", "content_type": ["domens", "domain"], "codename": "view_domain"}}, {"model": "auth.permission", "fields": {"name": "Can add сайт", "content_type": ["domens", "site"], "codename": "add_site"}}, {"model": "auth.permission", "fields": {"name": "Can change сайт", "content_type": ["domens", "site"], "codename": "change_site"}}, {"model": "auth.permission", "fields": {"name": "Can delete сайт", "content_type": ["domens", "site"], "codename": "delete_site"}}, {"model": "auth.permission", "fields": {"name": "Can view сайт", "content_type": ["domens", "site"], "codename": "view_site"}}, {"model": "auth.permission", "fields": {"name": "Can add Мессенджер", "content_type": ["account", "messanger"], "codename": "add_messanger"}}, {"model": "auth.permission", "fields": {"name": "Can change Мессенджер", "content_type": ["account", "messanger"], "codename": "change_messanger"}}, {"model": "auth.permission", "fields": {"name": "Can delete Мессенджер", "content_type": ["account", "messanger"], "codename": "delete_messanger"}}, {"model": "auth.permission", "fields": {"name": "Can view Мессенджер", "content_type": ["account", "messanger"], "codename": "view_messanger"}}, {"model": "auth.permission", "fields": {"name": "Can add пользовательский шрифт", "content_type": ["account", "userfont"], "codename": "add_userfont"}}, {"model": "auth.permission", "fields": {"name": "Can change пользовательский шрифт", "content_type": ["account", "userfont"], "codename": "change_userfont"}}, {"model": "auth.permission", "fields": {"name": "Can delete пользовательский шрифт", "content_type": ["account", "userfont"], "codename": "delete_userfont"}}, {"model": "auth.permission", "fields": {"name": "Can view пользовательский шрифт", "content_type": ["account", "userfont"], "codename": "view_userfont"}}, {"model": "auth.permission", "fields": {"name": "Can add user messanger", "content_type": ["account", "usermessanger"], "codename": "add_usermessanger"}}, {"model": "auth.permission", "fields": {"name": "Can change user messanger", "content_type": ["account", "usermessanger"], "codename": "change_usermessanger"}}, {"model": "auth.permission", "fields": {"name": "Can delete user messanger", "content_type": ["account", "usermessanger"], "codename": "delete_usermessanger"}}, {"model": "auth.permission", "fields": {"name": "Can view user messanger", "content_type": ["account", "usermessanger"], "codename": "view_usermessanger"}}, {"model": "auth.permission", "fields": {"name": "Can add пользовательская соц. сеть", "content_type": ["account", "usersocialnetwork"], "codename": "add_usersocialnetwork"}}, {"model": "auth.permission", "fields": {"name": "Can change пользовательская соц. сеть", "content_type": ["account", "usersocialnetwork"], "codename": "change_usersocialnetwork"}}, {"model": "auth.permission", "fields": {"name": "Can delete пользовательская соц. сеть", "content_type": ["account", "usersocialnetwork"], "codename": "delete_usersocialnetwork"}}, {"model": "auth.permission", "fields": {"name": "Can view пользовательская соц. сеть", "content_type": ["account", "usersocialnetwork"], "codename": "view_usersocialnetwork"}}, {"model": "auth.permission", "fields": {"name": "Can add уведомление", "content_type": ["notifications", "notification"], "codename": "add_notification"}}, {"model": "auth.permission", "fields": {"name": "Can change уведомление", "content_type": ["notifications", "notification"], "codename": "change_notification"}}, {"model": "auth.permission", "fields": {"name": "Can delete уведомление", "content_type": ["notifications", "notification"], "codename": "delete_notification"}}, {"model": "auth.permission", "fields": {"name": "Can view уведомление", "content_type": ["notifications", "notification"], "codename": "view_notification"}}, {"model": "auth.permission", "fields": {"name": "Can add триггер", "content_type": ["notifications", "trigger"], "codename": "add_trigger"}}, {"model": "auth.permission", "fields": {"name": "Can change триггер", "content_type": ["notifications", "trigger"], "codename": "change_trigger"}}, {"model": "auth.permission", "fields": {"name": "Can delete триггер", "content_type": ["notifications", "trigger"], "codename": "delete_trigger"}}, {"model": "auth.permission", "fields": {"name": "Can view триггер", "content_type": ["notifications", "trigger"], "codename": "view_trigger"}}, {"model": "auth.permission", "fields": {"name": "Can add пользовательское уведомление", "content_type": ["notifications", "usernotification"], "codename": "add_usernotification"}}, {"model": "auth.permission", "fields": {"name": "Can change пользовательское уведомление", "content_type": ["notifications", "usernotification"], "codename": "change_usernotification"}}, {"model": "auth.permission", "fields": {"name": "Can delete пользовательское уведомление", "content_type": ["notifications", "usernotification"], "codename": "delete_usernotification"}}, {"model": "auth.permission", "fields": {"name": "Can view пользовательское уведомление", "content_type": ["notifications", "usernotification"], "codename": "view_usernotification"}}, {"model": "user.user", "fields": {"password": "pbkdf2_sha256$600000$WKAZA0oNDgFZxyb74X5oYI$4CiKhA9USuShhv34ZZRl1Bl58Ys49ObxR1V5fajYPxU=", "last_login": "2024-08-10T12:46:58.255Z", "is_superuser": true, "username": "admin", "second_name": "qwerty", "phone": "+79505168534", "phone_is_confirmed": false, "email": "tgorshannikov@mail.ru", "new_email": null, "email_is_confirmed": true, "created_at": "2024-06-21T16:38:42.471Z", "profile_picture": "", "register_on_site": null, "register_on_domain": null, "staff": true, "groups": [], "user_permissions": []}}, {"model": "user.user", "fields": {"password": "pbkdf2_sha256$600000$BUZKych0LmLw2GkVZqKikl$MXSsYDmTR4L9BDT88WYCj0HDp4WKnTQlsHjlp8hBP3w=", "last_login": "2024-08-02T19:45:18.221Z", "is_superuser": false, "username": "Mike", "second_name": null, "phone": null, "phone_is_confirmed": false, "email": null, "new_email": null, "email_is_confirmed": true, "created_at": "2024-08-02T16:08:15.280Z", "profile_picture": "", "register_on_site": null, "register_on_domain": 2, "staff": false, "groups": [], "user_permissions": []}}, {"model": "user.user", "fields": {"password": "pbkdf2_sha256$600000$8HEghTUiv5x80byBbLEXqu$+TmSdQnM2A48HPVYDqSwj8fg6TRSeK8W62Vmm+pV584=", "last_login": "2024-08-02T19:27:12.582Z", "is_superuser": false, "username": "Mike2", "second_name": null, "phone": "+75551111112", "phone_is_confirmed": false, "email": null, "new_email": null, "email_is_confirmed": true, "created_at": "2024-08-02T19:26:02.552Z", "profile_picture": "", "register_on_site": null, "register_on_domain": 2, "staff": false, "groups": [], "user_permissions": []}}, {"model": "user.user", "fields": {"password": "pbkdf2_sha256$600000$X7UPZbxneHwSsCBuA7iG2L$1TXr9JbecslRnsC3IsS3zfK0ZNDGgviR/AjACgC8VlU=", "last_login": "2024-08-06T14:17:51Z", "is_superuser": true, "username": "Mike", "second_name": "Moor", "phone": "+75551111111", "phone_is_confirmed": false, "email": "bankomago@yandex.ru", "new_email": null, "email_is_confirmed": true, "created_at": "2024-08-06T14:17:41.379Z", "profile_picture": "", "register_on_site": null, "register_on_domain": 2, "staff": false, "groups": [], "user_permissions": []}}, {"model": "user.user", "fields": {"password": "pbkdf2_sha256$600000$WjkfRaVUAg26bApNY2Osar$/tSG3ZfA7NGsOQ/CBqa4HkC8Jq749KGZpiWas8rM+DQ=", "last_login": "2024-08-06T15:08:24.459Z", "is_superuser": false, "username": "мамашмам", "second_name": null, "phone": "+73434343434", "phone_is_confirmed": false, "email": "tgorshannikov123@mail.ru", "new_email": null, "email_is_confirmed": false, "created_at": "2024-08-06T15:08:10.464Z", "profile_picture": "", "register_on_site": null, "register_on_domain": null, "staff": false, "groups": [], "user_permissions": []}}, {"model": "domens.site", "pk": 8, "fields": {"domain": 1, "subdomain": "pupkin", "logo": "", "logo_width": "260", "logo_width_mobile": null, "logo2": "", "is_active": false, "use_default_settings": false, "advertising_channel": "reeeeeeeeeeee", "user": [1], "online_from": "2024-07-28", "name": "pupkin", "font": 5, "font_size": 30, "owner": "Тимофей Марков1", "contact_info": "тг: @Pdnjkgndkfgjdngkd"}}, {"model": "domens.site", "pk": 10, "fields": {"domain": 1, "subdomain": "alfa", "logo": "images/logo/psy_logo_transp.png", "logo_width": "260", "logo_width_mobile": null, "logo2": "", "is_active": true, "use_default_settings": false, "advertising_channel": "reeeeeeeeeeee", "user": [12], "online_from": "2024-08-06", "name": "Альфа Кэш", "font": 5, "font_size": 36, "owner": "Борис Абрамович", "contact_info": "На деревню дедушке пишите"}}, {"model": "admin.logentry", "pk": 1, "fields": {"action_time": "2024-06-21T16:40:46.331Z", "user": [1], "content_type": ["settings", "sitesettings"], "object_id": "1", "object_repr": "Настройки сайта", "action_flag": 2, "change_message": "[{\"changed\": {\"fields\": [\"\\u041e\\u0442\\u043a\\u043b\\u044e\\u0447\\u0438\\u0442\\u044c \\u043f\\u0430\\u0440\\u0442\\u043d\\u0451\\u0440\\u0441\\u043a\\u0438\\u0439 \\u0434\\u043e\\u043c\\u0435\\u043d\"]}}]"}}, {"model": "admin.logentry", "pk": 2, "fields": {"action_time": "2024-06-21T17:00:12.090Z", "user": [1], "content_type": ["domens", "domain"], "object_id": "1", "object_repr": "idri.ru", "action_flag": 1, "change_message": "[{\"added\": {}}]"}}, {"model": "admin.logentry", "pk": 3, "fields": {"action_time": "2024-06-21T17:00:21.607Z", "user": [1], "content_type": ["domens", "domain"], "object_id": "2", "object_repr": "bankomag.ru", "action_flag": 1, "change_message": "[{\"added\": {}}]"}}, {"model": "admin.logentry", "pk": 4, "fields": {"action_time": "2024-06-21T17:00:25.162Z", "user": [1], "content_type": ["domens", "domain"], "object_id": "2", "object_repr": "bankomag.ru", "action_flag": 2, "change_message": "[{\"changed\": {\"fields\": [\"\\u041f\\u0430\\u0440\\u0442\\u043d\\u0451\\u0440\\u0441\\u043a\\u0438\\u0439 \\u0441\\u0430\\u0439\\u0442\"]}}]"}}, {"model": "admin.logentry", "pk": 5, "fields": {"action_time": "2024-06-22T10:45:51.131Z", "user": [1], "content_type": ["blocks", "catalogblock"], "object_id": "4", "object_repr": "Каталог (кредитные картыыы)", "action_flag": 2, "change_message": "[{\"changed\": {\"fields\": [\"\\u0417\\u0430\\u0433\\u043e\\u043b\\u043e\\u0432\\u043e\\u043a \\u0441\\u0442\\u0440\\u0430\\u043d\\u0438\\u0446\\u044b\"]}}]"}}, {"model": "admin.logentry", "pk": 6, "fields": {"action_time": "2024-06-22T11:47:07.904Z", "user": [1], "content_type": ["blocks", "mainpagecatalogblock"], "object_id": "1", "object_repr": "Каталог для главной", "action_flag": 1, "change_message": "[{\"added\": {}}]"}}, {"model": "admin.logentry", "pk": 7, "fields": {"action_time": "2024-06-22T11:47:36.183Z", "user": [1], "content_type": ["blocks", "page"], "object_id": "4", "object_repr": "Главная", "action_flag": 2, "change_message": "[{\"added\": {\"name\": \"\\u0411\\u043b\\u043e\\u043a\", \"object\": \"\\u041a\\u0430\\u0442\\u0430\\u043b\\u043e\\u0433 \\u0434\\u043b\\u044f \\u0433\\u043b\\u0430\\u0432\\u043d\\u043e\\u0439\"}}]"}}, {"model": "admin.logentry", "pk": 8, "fields": {"action_time": "2024-06-22T11:47:59.520Z", "user": [1], "content_type": ["blocks", "page"], "object_id": "4", "object_repr": "Главная", "action_flag": 2, "change_message": "[{\"changed\": {\"name\": \"\\u0411\\u043b\\u043e\\u043a\", \"object\": \"\\u0420\\u0435\\u0433\\u0438\\u0441\\u0442\\u0440\\u0430\\u0446\\u0438\\u044f \\u0433\\u043b\\u0430\\u0432\\u043d\\u0430\\u044f (\\u041f\\u0430\\u0440\\u0442\\u043d\\u0435\\u0440\\u0430\\u043c)\", \"fields\": [\"My order\"]}}, {\"changed\": {\"name\": \"\\u0411\\u043b\\u043e\\u043a\", \"object\": \"\\u041f\\u0440\\u043e\\u0434\\u0443\\u043a\\u0442\\u044b (\\u041f\\u0430\\u0440\\u0442\\u043d\\u0435\\u0440\\u0430\\u043c)\", \"fields\": [\"My order\"]}}, {\"changed\": {\"name\": \"\\u0411\\u043b\\u043e\\u043a\", \"object\": \"\\u042d\\u0442\\u0430\\u043f\\u044b (\\u041f\\u0430\\u0442\\u043d\\u0435\\u0440\\u0430\\u043c)\", \"fields\": [\"My order\"]}}, {\"changed\": {\"name\": \"\\u0411\\u043b\\u043e\\u043a\", \"object\": \"\\u0420\\u0435\\u0433\\u0438\\u0441\\u0442\\u0440\\u0430\\u0446\\u0438\\u044f \\u043f\\u043e\\u0434\\u0434\\u043e\\u043d (\\u041f\\u0430\\u0440\\u0442\\u043d\\u0435\\u0440\\u0430\\u043c)\", \"fields\": [\"My order\"]}}, {\"changed\": {\"name\": \"\\u0411\\u043b\\u043e\\u043a\", \"object\": \"\\u0420\\u0435\\u0444\\u0435\\u0440\\u0430\\u043b\\u043a\\u0430 (\\u041f\\u0430\\u0440\\u0442\\u043d\\u0435\\u0440\\u0430\\u043c)\", \"fields\": [\"My order\"]}}, {\"changed\": {\"name\": \"\\u0411\\u043b\\u043e\\u043a\", \"object\": \"\\u041a\\u043e\\u043c\\u0443 \\u043f\\u043e\\u0434\\u043e\\u0439\\u0434\\u0435\\u0442 (\\u041f\\u0430\\u0440\\u0442\\u043d\\u0435\\u0440\\u0430\\u043c)\", \"fields\": [\"My order\"]}}, {\"changed\": {\"name\": \"\\u0411\\u043b\\u043e\\u043a\", \"object\": \"\\u0412\\u044b\\u0433\\u043e\\u0434\\u044b (\\u041f\\u0430\\u0440\\u0442\\u043d\\u0435\\u0440\\u0430\\u043c)\", \"fields\": [\"My order\"]}}, {\"changed\": {\"name\": \"\\u0411\\u043b\\u043e\\u043a\", \"object\": \"\\u0420\\u0435\\u0433\\u0438\\u0441\\u0442\\u0440\\u0430\\u0446\\u0438\\u044f \\u0446\\u0435\\u043d\\u0442\\u0440 (\\u041f\\u0430\\u0440\\u0442\\u043d\\u0435\\u0440\\u0430\\u043c)\", \"fields\": [\"My order\"]}}, {\"changed\": {\"name\": \"\\u0411\\u043b\\u043e\\u043a\", \"object\": \"\\u0422\\u0440\\u0430\\u0444\\u0444\\u0438\\u043a (\\u041f\\u0430\\u0440\\u0442\\u043d\\u0435\\u0440\\u0430\\u043c)\", \"fields\": [\"My order\"]}}, {\"changed\": {\"name\": \"\\u0411\\u043b\\u043e\\u043a\", \"object\": \"\\u0411\\u043e\\u043d\\u0443\\u0441 (\\u041f\\u0430\\u0440\\u0442\\u043d\\u0435\\u0440\\u0430\\u043c)\", \"fields\": [\"My order\"]}}, {\"changed\": {\"name\": \"\\u0411\\u043b\\u043e\\u043a\", \"object\": \"\\u0420\\u0435\\u0433\\u0438\\u0441\\u0442\\u0440\\u0430\\u0446\\u0438\\u044f \\u043f\\u043e\\u0434\\u0434\\u043e\\u043d (\\u041f\\u0430\\u0440\\u0442\\u043d\\u0435\\u0440\\u0430\\u043c)\", \"fields\": [\"My order\"]}}, {\"changed\": {\"name\": \"\\u0411\\u043b\\u043e\\u043a\", \"object\": \"FAQ\", \"fields\": [\"My order\"]}}, {\"changed\": {\"name\": \"\\u0411\\u043b\\u043e\\u043a\", \"object\": \"\\u0420\\u0435\\u0433\\u0438\\u0441\\u0442\\u0440\\u0430\\u0446\\u0438\\u044f \\u0444\\u0438\\u043d\\u0430\\u043b (\\u041f\\u0430\\u0440\\u0442\\u043d\\u0435\\u0440\\u0430\\u043c)\", \"fields\": [\"My order\"]}}, {\"changed\": {\"name\": \"\\u0411\\u043b\\u043e\\u043a\", \"object\": \"\\u041a\\u0430\\u0442\\u0430\\u043b\\u043e\\u0433 \\u0434\\u043b\\u044f \\u0433\\u043b\\u0430\\u0432\\u043d\\u043e\\u0439\", \"fields\": [\"My order\"]}}]"}}, {"model": "admin.logentry", "pk": 9, "fields": {"action_time": "2024-06-22T13:02:21.066Z", "user": [1], "content_type": ["blocks", "template"], "object_id": "17", "object_repr": "каталог для главной", "action_flag": 1, "change_message": "[{\"added\": {}}]"}}, {"model": "admin.logentry", "pk": 10, "fields": {"action_time": "2024-06-22T13:02:38.398Z", "user": [1], "content_type": ["blocks", "mainpagecatalogblock"], "object_id": "1", "object_repr": "Каталог для главной", "action_flag": 2, "change_message": "[{\"changed\": {\"fields\": [\"Html \\u0448\\u0430\\u0431\\u043b\\u043e\\u043d\"]}}]"}}, {"model": "admin.logentry", "pk": 11, "fields": {"action_time": "2024-06-22T17:55:12.820Z", "user": [1], "content_type": ["blocks", "mainpagecatalogblock"], "object_id": "1", "object_repr": "Каталог для главной", "action_flag": 2, "change_message": "[{\"added\": {\"name\": \"catalog product type\", \"object\": \"\\u0434\\u0435\\u0431\\u0435\\u0442\\u043e\\u0432\\u044b\\u0435 \\u043a\\u0430\\u0440\\u0442\\u044b\"}}, {\"added\": {\"name\": \"catalog product type\", \"object\": \"\\u043a\\u0440\\u0435\\u0434\\u0438\\u0442\\u043d\\u044b\\u0435 \\u043a\\u0430\\u0440\\u0442\\u044b\\u044b\\u044b\"}}]"}}, {"model": "admin.logentry", "pk": 12, "fields": {"action_time": "2024-06-22T18:44:32.788Z", "user": [1], "content_type": ["blocks", "mainpagecatalogblock"], "object_id": "1", "object_repr": "Каталог для главной", "action_flag": 2, "change_message": "[]"}}, {"model": "admin.logentry", "pk": 13, "fields": {"action_time": "2024-06-22T18:50:23.481Z", "user": [1], "content_type": ["blocks", "mainpagecatalogblock"], "object_id": "1", "object_repr": "Каталог для главной", "action_flag": 2, "change_message": "[]"}}, {"model": "admin.logentry", "pk": 14, "fields": {"action_time": "2024-06-22T18:55:01.027Z", "user": [1], "content_type": ["blocks", "mainpagecatalogblock"], "object_id": "1", "object_repr": "Каталог для главной", "action_flag": 2, "change_message": "[{\"added\": {\"name\": \"\\u041a\\u0430\\u0441\\u0442\\u043e\\u043c\\u043d\\u044b\\u0435 \\u0441\\u0442\\u0438\\u043b\\u0438\", \"object\": \"MainPageCatalogCustomStyles object (1)\"}}]"}}, {"model": "admin.logentry", "pk": 15, "fields": {"action_time": "2024-06-22T19:00:54.840Z", "user": [1], "content_type": ["blocks", "mainpagecatalogblock"], "object_id": "1", "object_repr": "Каталог для главной", "action_flag": 2, "change_message": "[{\"changed\": {\"name\": \"\\u041a\\u0430\\u0441\\u0442\\u043e\\u043c\\u043d\\u044b\\u0435 \\u0441\\u0442\\u0438\\u043b\\u0438\", \"object\": \"MainPageCatalogCustomStyles object (1)\", \"fields\": [\"\\u0420\\u0430\\u0437\\u043c\\u0435\\u0440 \\u043f\\u043e\\u0434\\u0437\\u0430\\u0433\\u043e\\u043b\\u043e\\u0432\\u043a\\u0430\"]}}]"}}, {"model": "admin.logentry", "pk": 16, "fields": {"action_time": "2024-06-22T19:07:29.492Z", "user": [1], "content_type": ["blocks", "mainpagecatalogblock"], "object_id": "1", "object_repr": "Каталог для главной", "action_flag": 2, "change_message": "[{\"changed\": {\"name\": \"\\u041a\\u0430\\u0441\\u0442\\u043e\\u043c\\u043d\\u044b\\u0435 \\u0441\\u0442\\u0438\\u043b\\u0438\", \"object\": \"MainPageCatalogCustomStyles object (1)\", \"fields\": [\"\\u041a\\u043e\\u043b\\u0438\\u0447\\u0435\\u0441\\u0442\\u0432\\u043e \\u043a\\u043e\\u043b\\u043e\\u043d\\u043e\\u043a\"]}}]"}}, {"model": "admin.logentry", "pk": 17, "fields": {"action_time": "2024-06-22T19:13:03.134Z", "user": [1], "content_type": ["catalog", "producttype"], "object_id": "8", "object_repr": "кредитные картыыы", "action_flag": 2, "change_message": "[{\"changed\": {\"fields\": [\"\\u041a\\u0430\\u0440\\u0442\\u0438\\u043d\\u043a\\u0430 \\u0431\\u043b\\u043e\\u043a\\u0430 \\u0442\\u0438\\u043f\\u0430 \\u043f\\u0440\\u043e\\u0434\\u0443\\u043a\\u0442\\u0430(\\u044d\\u0442\\u0438\\u043a\\u0435\\u0442\\u043a\\u0430)\", \"\\u041e\\u043f\\u0438\\u0441\\u0430\\u043d\\u0438\\u0435\"]}}]"}}, {"model": "admin.logentry", "pk": 18, "fields": {"action_time": "2024-06-22T19:13:56.656Z", "user": [1], "content_type": ["catalog", "producttype"], "object_id": "8", "object_repr": "кредитные картыыы", "action_flag": 2, "change_message": "[]"}}, {"model": "admin.logentry", "pk": 19, "fields": {"action_time": "2024-06-22T19:15:03.041Z", "user": [1], "content_type": ["catalog", "producttype"], "object_id": "1", "object_repr": "дебетовые карты", "action_flag": 2, "change_message": "[{\"changed\": {\"fields\": [\"\\u041e\\u043f\\u0438\\u0441\\u0430\\u043d\\u0438\\u0435\"]}}]"}}, {"model": "admin.logentry", "pk": 20, "fields": {"action_time": "2024-06-22T21:11:27.874Z", "user": [1], "content_type": ["catalog", "product"], "object_id": "1", "object_repr": "дебетовая карта альфабанк", "action_flag": 2, "change_message": "[{\"changed\": {\"fields\": [\"\\u041f\\u0440\\u0438\\u0432\\u0430\\u0442\\u043d\\u044b\\u0439(\\u0432\\u0438\\u0434\\u0435\\u043d \\u0442\\u043e\\u043b\\u044c\\u043a\\u043e \\u0437\\u0430\\u0440\\u0435\\u0433\\u0438\\u0441\\u0442\\u0440\\u0438\\u0440\\u043e\\u0432\\u0430\\u043d\\u043d\\u044b\\u043c \\u043f\\u043e\\u043b\\u044c\\u0437\\u043e\\u0432\\u0430\\u0442\\u0435\\u043b\\u044f\\u043c)\"]}}]"}}, {"model": "admin.logentry", "pk": 21, "fields": {"action_time": "2024-06-22T21:47:32.921Z", "user": [1], "content_type": ["blocks", "catalogblock"], "object_id": "1", "object_repr": "каталог (дебетовые карты)", "action_flag": 2, "change_message": "[{\"changed\": {\"fields\": [\"\\u042d\\u043a\\u0441\\u043a\\u043b\\u044e\\u0437\\u0438\\u0432\"]}}]"}}, {"model": "admin.logentry", "pk": 22, "fields": {"action_time": "2024-06-23T09:34:15.584Z", "user": [1], "content_type": ["catalog", "exclusivecard"], "object_id": "1", "object_repr": "ExclusiveCard object (1)", "action_flag": 1, "change_message": "[{\"added\": {}}]"}}, {"model": "admin.logentry", "pk": 23, "fields": {"action_time": "2024-06-23T10:52:48.008Z", "user": [1], "content_type": ["catalog", "product"], "object_id": "1", "object_repr": "дебетовая карта альфабанк", "action_flag": 2, "change_message": "[{\"changed\": {\"fields\": [\"\\u041f\\u0440\\u0438\\u0432\\u0430\\u0442\\u043d\\u044b\\u0439(\\u0432\\u0438\\u0434\\u0435\\u043d \\u0442\\u043e\\u043b\\u044c\\u043a\\u043e \\u0437\\u0430\\u0440\\u0435\\u0433\\u0438\\u0441\\u0442\\u0440\\u0438\\u0440\\u043e\\u0432\\u0430\\u043d\\u043d\\u044b\\u043c \\u043f\\u043e\\u043b\\u044c\\u0437\\u043e\\u0432\\u0430\\u0442\\u0435\\u043b\\u044f\\u043c)\"]}}]"}}, {"model": "admin.logentry", "pk": 24, "fields": {"action_time": "2024-06-23T10:53:07.215Z", "user": [1], "content_type": ["blocks", "catalogblock"], "object_id": "1", "object_repr": "каталог (дебетовые карты)", "action_flag": 2, "change_message": "[{\"deleted\": {\"name\": \"catalog product\", \"object\": \"\\u0434\\u0435\\u0431\\u0435\\u0442\\u043e\\u0432\\u0430\\u044f \\u043a\\u0430\\u0440\\u0442\\u0430 \\u0430\\u043b\\u044c\\u0444\\u0430\\u0431\\u0430\\u043d\\u043a\"}}]"}}, {"model": "admin.logentry", "pk": 25, "fields": {"action_time": "2024-06-23T11:13:26.920Z", "user": [1], "content_type": ["blocks", "template"], "object_id": "18", "object_repr": "каталог дополнительные продукты", "action_flag": 1, "change_message": "[{\"added\": {}}]"}}, {"model": "admin.logentry", "pk": 26, "fields": {"action_time": "2024-06-23T11:13:40.020Z", "user": [1], "content_type": ["blocks", "mainpagecatalogblock"], "object_id": "1", "object_repr": "Каталог для главной", "action_flag": 2, "change_message": "[{\"changed\": {\"fields\": [\"Html \\u0448\\u0430\\u0431\\u043b\\u043e\\u043d\"]}}]"}}, {"model": "admin.logentry", "pk": 27, "fields": {"action_time": "2024-06-23T11:44:05.051Z", "user": [1], "content_type": ["blocks", "mainpagecatalogblock"], "object_id": "1", "object_repr": "Каталог для главной", "action_flag": 2, "change_message": "[{\"changed\": {\"name\": \"\\u041a\\u0430\\u0441\\u0442\\u043e\\u043c\\u043d\\u044b\\u0435 \\u0441\\u0442\\u0438\\u043b\\u0438\", \"object\": \"MainPageCatalogCustomStyles object (1)\", \"fields\": [\"\\u041f\\u0440\\u043e\\u0446\\u0435\\u043d\\u0442 \\u0437\\u0430\\u0442\\u0435\\u043c\\u043d\\u0435\\u043d\\u0438\\u044f \\u043a\\u0430\\u0440\\u0442\\u043e\\u0447\\u043a\\u0438 \\u0441\\u043d\\u0438\\u0437\\u0443\"]}}]"}}, {"model": "admin.logentry", "pk": 28, "fields": {"action_time": "2024-06-23T11:47:34.630Z", "user": [1], "content_type": ["blocks", "mainpagecatalogblock"], "object_id": "1", "object_repr": "Каталог для главной", "action_flag": 2, "change_message": "[{\"changed\": {\"name\": \"\\u041a\\u0430\\u0441\\u0442\\u043e\\u043c\\u043d\\u044b\\u0435 \\u0441\\u0442\\u0438\\u043b\\u0438\", \"object\": \"MainPageCatalogCustomStyles object (1)\", \"fields\": [\"\\u041f\\u0440\\u043e\\u0446\\u0435\\u043d\\u0442 \\u0437\\u0430\\u0442\\u0435\\u043c\\u043d\\u0435\\u043d\\u0438\\u044f \\u043a\\u0430\\u0440\\u0442\\u043e\\u0447\\u043a\\u0438 \\u0441\\u043d\\u0438\\u0437\\u0443\"]}}]"}}, {"model": "admin.logentry", "pk": 29, "fields": {"action_time": "2024-06-23T11:48:11.451Z", "user": [1], "content_type": ["blocks", "mainpagecatalogblock"], "object_id": "1", "object_repr": "Каталог для главной", "action_flag": 2, "change_message": "[{\"changed\": {\"name\": \"\\u041a\\u0430\\u0441\\u0442\\u043e\\u043c\\u043d\\u044b\\u0435 \\u0441\\u0442\\u0438\\u043b\\u0438\", \"object\": \"MainPageCatalogCustomStyles object (1)\", \"fields\": [\"\\u041f\\u0440\\u043e\\u0446\\u0435\\u043d\\u0442 \\u0437\\u0430\\u0442\\u0435\\u043c\\u043d\\u0435\\u043d\\u0438\\u044f \\u043a\\u0430\\u0440\\u0442\\u043e\\u0447\\u043a\\u0438 \\u0441\\u043d\\u0438\\u0437\\u0443\"]}}]"}}, {"model": "admin.logentry", "pk": 30, "fields": {"action_time": "2024-06-23T11:52:00.144Z", "user": [1], "content_type": ["blocks", "mainpagecatalogblock"], "object_id": "1", "object_repr": "Каталог для главной", "action_flag": 2, "change_message": "[{\"changed\": {\"name\": \"\\u041a\\u0430\\u0441\\u0442\\u043e\\u043c\\u043d\\u044b\\u0435 \\u0441\\u0442\\u0438\\u043b\\u0438\", \"object\": \"MainPageCatalogCustomStyles object (1)\", \"fields\": [\"\\u041f\\u0440\\u043e\\u0446\\u0435\\u043d\\u0442 \\u0437\\u0430\\u0442\\u0435\\u043c\\u043d\\u0435\\u043d\\u0438\\u044f \\u043a\\u0430\\u0440\\u0442\\u043e\\u0447\\u043a\\u0438 \\u0441\\u043d\\u0438\\u0437\\u0443\"]}}]"}}, {"model": "admin.logentry", "pk": 31, "fields": {"action_time": "2024-06-23T11:52:40.946Z", "user": [1], "content_type": ["catalog", "producttype"], "object_id": "8", "object_repr": "кредитные картыыы", "action_flag": 2, "change_message": "[{\"changed\": {\"fields\": [\"\\u041e\\u043f\\u0438\\u0441\\u0430\\u043d\\u0438\\u0435\"]}}]"}}, {"model": "admin.logentry", "pk": 32, "fields": {"action_time": "2024-06-23T11:53:09.277Z", "user": [1], "content_type": ["blocks", "mainpagecatalogblock"], "object_id": "1", "object_repr": "Каталог для главной", "action_flag": 2, "change_message": "[{\"changed\": {\"name\": \"\\u041a\\u0430\\u0441\\u0442\\u043e\\u043c\\u043d\\u044b\\u0435 \\u0441\\u0442\\u0438\\u043b\\u0438\", \"object\": \"MainPageCatalogCustomStyles object (1)\", \"fields\": [\"\\u0414\\u043e\\u0431\\u0430\\u0432\\u043b\\u044f\\u0442\\u044c \\u0430\\u043d\\u043d\\u043e\\u0442\\u0430\\u0446\\u0438\\u044e \\u043a \\u043a\\u0430\\u0440\\u0442\\u043e\\u0447\\u043a\\u0435\", \"\\u0414\\u043e\\u0431\\u0430\\u0432\\u043b\\u044f\\u0442\\u044c \\u043a\\u043d\\u043e\\u043f\\u043a\\u0443 \\u043a \\u043a\\u0430\\u0440\\u0442\\u043e\\u0447\\u043a\\u0435\"]}}]"}}, {"model": "admin.logentry", "pk": 33, "fields": {"action_time": "2024-06-23T12:08:19.068Z", "user": [1], "content_type": ["blocks", "mainpagecatalogblock"], "object_id": "1", "object_repr": "Каталог для главной", "action_flag": 2, "change_message": "[{\"changed\": {\"name\": \"\\u041a\\u0430\\u0441\\u0442\\u043e\\u043c\\u043d\\u044b\\u0435 \\u0441\\u0442\\u0438\\u043b\\u0438\", \"object\": \"MainPageCatalogCustomStyles object (1)\", \"fields\": [\"\\u0414\\u043e\\u0431\\u0430\\u0432\\u043b\\u044f\\u0442\\u044c \\u0430\\u043d\\u043d\\u043e\\u0442\\u0430\\u0446\\u0438\\u044e \\u043a \\u043a\\u0430\\u0440\\u0442\\u043e\\u0447\\u043a\\u0435\", \"\\u0414\\u043e\\u0431\\u0430\\u0432\\u043b\\u044f\\u0442\\u044c \\u043a\\u043d\\u043e\\u043f\\u043a\\u0443 \\u043a \\u043a\\u0430\\u0440\\u0442\\u043e\\u0447\\u043a\\u0435\"]}}]"}}, {"model": "admin.logentry", "pk": 34, "fields": {"action_time": "2024-06-23T12:18:23.440Z", "user": [1], "content_type": ["catalog", "organization"], "object_id": "2", "object_repr": "Сбербанк", "action_flag": 1, "change_message": "[{\"added\": {}}]"}}, {"model": "admin.logentry", "pk": 35, "fields": {"action_time": "2024-06-23T12:20:06.922Z", "user": [1], "content_type": ["catalog", "product"], "object_id": "4", "object_repr": "дебетовая карта сбербанк", "action_flag": 1, "change_message": "[{\"added\": {}}]"}}, {"model": "admin.logentry", "pk": 36, "fields": {"action_time": "2024-06-23T12:20:34.744Z", "user": [1], "content_type": ["catalog", "product"], "object_id": "4", "object_repr": "дебетовая карта сбербанк", "action_flag": 2, "change_message": "[{\"added\": {\"name\": \"\\u0441\\u0441\\u044b\\u043b\\u043a\\u0438\", \"object\": \"https://idri.ru/kjfbjkdbgjdbgbdfgbjdbgjdbgbdj\"}}]"}}, {"model": "admin.logentry", "pk": 37, "fields": {"action_time": "2024-06-23T12:21:08.339Z", "user": [1], "content_type": ["blocks", "catalogblock"], "object_id": "1", "object_repr": "каталог (дебетовые карты)", "action_flag": 2, "change_message": "[{\"added\": {\"name\": \"catalog product\", \"object\": \"\\u0434\\u0435\\u0431\\u0435\\u0442\\u043e\\u0432\\u0430\\u044f \\u043a\\u0430\\u0440\\u0442\\u0430 \\u0441\\u0431\\u0435\\u0440\\u0431\\u0430\\u043d\\u043a\"}}]"}}, {"model": "admin.logentry", "pk": 38, "fields": {"action_time": "2024-06-23T12:21:21.484Z", "user": [1], "content_type": ["blocks", "catalogblock"], "object_id": "1", "object_repr": "каталог (дебетовые карты)", "action_flag": 2, "change_message": "[{\"changed\": {\"name\": \"catalog product\", \"object\": \"\\u0434\\u0435\\u0431\\u0435\\u0442\\u043e\\u0432\\u0430\\u044f \\u043a\\u0430\\u0440\\u0442\\u0430 \\u0430\\u043b\\u044c\\u0444\\u0430\\u0431\\u0430\\u043d\\u043a\", \"fields\": [\"My order\"]}}, {\"changed\": {\"name\": \"catalog product\", \"object\": \"\\u0434\\u0435\\u0431\\u0435\\u0442\\u043e\\u0432\\u0430\\u044f \\u043a\\u0430\\u0440\\u0442\\u0430 \\u0441\\u0431\\u0435\\u0440\\u0431\\u0430\\u043d\\u043a\", \"fields\": [\"My order\"]}}, {\"deleted\": {\"name\": \"catalog product\", \"object\": \"\\u0434\\u0435\\u0431\\u0435\\u0442\\u043e\\u0432\\u0430\\u044f \\u043a\\u0430\\u0440\\u0442\\u0430 \\u0430\\u043b\\u044c\\u0444\\u0430\\u0431\\u0430\\u043d\\u043a\"}}]"}}, {"model": "admin.logentry", "pk": 39, "fields": {"action_time": "2024-06-23T13:59:15.419Z", "user": [1], "content_type": ["blocks", "mainpagecatalogblock"], "object_id": "1", "object_repr": "Каталог для главной", "action_flag": 2, "change_message": "[{\"changed\": {\"fields\": [\"Html \\u0448\\u0430\\u0431\\u043b\\u043e\\u043d\"]}}]"}}, {"model": "admin.logentry", "pk": 40, "fields": {"action_time": "2024-06-23T14:00:23.519Z", "user": [1], "content_type": ["catalog", "producttype"], "object_id": "1", "object_repr": "дебетовые карты", "action_flag": 2, "change_message": "[{\"changed\": {\"fields\": [\"\\u042d\\u0442\\u0438\\u043a\\u0435\\u0442\\u043a\\u0430\"]}}]"}}, {"model": "admin.logentry", "pk": 41, "fields": {"action_time": "2024-06-23T14:00:53.492Z", "user": [1], "content_type": ["catalog", "producttype"], "object_id": "8", "object_repr": "кредитные картыыы", "action_flag": 2, "change_message": "[{\"changed\": {\"fields\": [\"\\u042d\\u0442\\u0438\\u043a\\u0435\\u0442\\u043a\\u0430\"]}}]"}}, {"model": "admin.logentry", "pk": 42, "fields": {"action_time": "2024-06-23T14:01:15.266Z", "user": [1], "content_type": ["blocks", "mainpagecatalogblock"], "object_id": "1", "object_repr": "Каталог для главной", "action_flag": 2, "change_message": "[{\"added\": {\"name\": \"catalog product type\", \"object\": \"\\u0434\\u0435\\u0431\\u0435\\u0442\\u043e\\u0432\\u044b\\u0435 \\u043a\\u0430\\u0440\\u0442\\u044b\"}}, {\"added\": {\"name\": \"catalog product type\", \"object\": \"\\u043a\\u0440\\u0435\\u0434\\u0438\\u0442\\u043d\\u044b\\u0435 \\u043a\\u0430\\u0440\\u0442\\u044b\\u044b\\u044b\"}}, {\"changed\": {\"name\": \"\\u041a\\u0430\\u0441\\u0442\\u043e\\u043c\\u043d\\u044b\\u0435 \\u0441\\u0442\\u0438\\u043b\\u0438\", \"object\": \"MainPageCatalogCustomStyles object (1)\", \"fields\": [\"\\u041a\\u043e\\u043b\\u0438\\u0447\\u0435\\u0441\\u0442\\u0432\\u043e \\u043a\\u043e\\u043b\\u043e\\u043d\\u043e\\u043a\"]}}]"}}, {"model": "admin.logentry", "pk": 43, "fields": {"action_time": "2024-06-23T14:01:51.522Z", "user": [1], "content_type": ["catalog", "producttype"], "object_id": "1", "object_repr": "дебетовые карты", "action_flag": 2, "change_message": "[{\"changed\": {\"fields\": [\"\\u0410\\u043d\\u043d\\u043e\\u0442\\u0430\\u0446\\u0438\\u044f\"]}}]"}}, {"model": "admin.logentry", "pk": 44, "fields": {"action_time": "2024-06-23T19:49:45.280Z", "user": [1], "content_type": ["blocks", "template"], "object_id": "19", "object_repr": "промо каталога", "action_flag": 1, "change_message": "[{\"added\": {}}]"}}, {"model": "admin.logentry", "pk": 45, "fields": {"action_time": "2024-06-23T19:50:21.736Z", "user": [1], "content_type": ["blocks", "promocatalog"], "object_id": "1", "object_repr": "промо акций", "action_flag": 1, "change_message": "[{\"added\": {}}]"}}, {"model": "admin.logentry", "pk": 46, "fields": {"action_time": "2024-06-23T19:50:44.767Z", "user": [1], "content_type": ["blocks", "page"], "object_id": "4", "object_repr": "Главная", "action_flag": 2, "change_message": "[{\"added\": {\"name\": \"\\u0411\\u043b\\u043e\\u043a\", \"object\": \"\\u043f\\u0440\\u043e\\u043c\\u043e \\u0430\\u043a\\u0446\\u0438\\u0439\"}}]"}}, {"model": "admin.logentry", "pk": 47, "fields": {"action_time": "2024-06-23T19:51:14.113Z", "user": [1], "content_type": ["blocks", "page"], "object_id": "4", "object_repr": "Главная", "action_flag": 2, "change_message": "[{\"changed\": {\"name\": \"\\u0411\\u043b\\u043e\\u043a\", \"object\": \"\\u041a\\u0430\\u0442\\u0430\\u043b\\u043e\\u0433 \\u0434\\u043b\\u044f \\u0433\\u043b\\u0430\\u0432\\u043d\\u043e\\u0439\", \"fields\": [\"My order\"]}}, {\"changed\": {\"name\": \"\\u0411\\u043b\\u043e\\u043a\", \"object\": \"\\u0420\\u0435\\u0433\\u0438\\u0441\\u0442\\u0440\\u0430\\u0446\\u0438\\u044f \\u0433\\u043b\\u0430\\u0432\\u043d\\u0430\\u044f (\\u041f\\u0430\\u0440\\u0442\\u043d\\u0435\\u0440\\u0430\\u043c)\", \"fields\": [\"My order\"]}}, {\"changed\": {\"name\": \"\\u0411\\u043b\\u043e\\u043a\", \"object\": \"\\u041f\\u0440\\u043e\\u0434\\u0443\\u043a\\u0442\\u044b (\\u041f\\u0430\\u0440\\u0442\\u043d\\u0435\\u0440\\u0430\\u043c)\", \"fields\": [\"My order\"]}}, {\"changed\": {\"name\": \"\\u0411\\u043b\\u043e\\u043a\", \"object\": \"\\u042d\\u0442\\u0430\\u043f\\u044b (\\u041f\\u0430\\u0442\\u043d\\u0435\\u0440\\u0430\\u043c)\", \"fields\": [\"My order\"]}}, {\"changed\": {\"name\": \"\\u0411\\u043b\\u043e\\u043a\", \"object\": \"\\u0420\\u0435\\u0433\\u0438\\u0441\\u0442\\u0440\\u0430\\u0446\\u0438\\u044f \\u043f\\u043e\\u0434\\u0434\\u043e\\u043d (\\u041f\\u0430\\u0440\\u0442\\u043d\\u0435\\u0440\\u0430\\u043c)\", \"fields\": [\"My order\"]}}, {\"changed\": {\"name\": \"\\u0411\\u043b\\u043e\\u043a\", \"object\": \"\\u0420\\u0435\\u0444\\u0435\\u0440\\u0430\\u043b\\u043a\\u0430 (\\u041f\\u0430\\u0440\\u0442\\u043d\\u0435\\u0440\\u0430\\u043c)\", \"fields\": [\"My order\"]}}, {\"changed\": {\"name\": \"\\u0411\\u043b\\u043e\\u043a\", \"object\": \"\\u041a\\u043e\\u043c\\u0443 \\u043f\\u043e\\u0434\\u043e\\u0439\\u0434\\u0435\\u0442 (\\u041f\\u0430\\u0440\\u0442\\u043d\\u0435\\u0440\\u0430\\u043c)\", \"fields\": [\"My order\"]}}, {\"changed\": {\"name\": \"\\u0411\\u043b\\u043e\\u043a\", \"object\": \"\\u0412\\u044b\\u0433\\u043e\\u0434\\u044b (\\u041f\\u0430\\u0440\\u0442\\u043d\\u0435\\u0440\\u0430\\u043c)\", \"fields\": [\"My order\"]}}, {\"changed\": {\"name\": \"\\u0411\\u043b\\u043e\\u043a\", \"object\": \"\\u0420\\u0435\\u0433\\u0438\\u0441\\u0442\\u0440\\u0430\\u0446\\u0438\\u044f \\u0446\\u0435\\u043d\\u0442\\u0440 (\\u041f\\u0430\\u0440\\u0442\\u043d\\u0435\\u0440\\u0430\\u043c)\", \"fields\": [\"My order\"]}}, {\"changed\": {\"name\": \"\\u0411\\u043b\\u043e\\u043a\", \"object\": \"\\u0422\\u0440\\u0430\\u0444\\u0444\\u0438\\u043a (\\u041f\\u0430\\u0440\\u0442\\u043d\\u0435\\u0440\\u0430\\u043c)\", \"fields\": [\"My order\"]}}, {\"changed\": {\"name\": \"\\u0411\\u043b\\u043e\\u043a\", \"object\": \"\\u0411\\u043e\\u043d\\u0443\\u0441 (\\u041f\\u0430\\u0440\\u0442\\u043d\\u0435\\u0440\\u0430\\u043c)\", \"fields\": [\"My order\"]}}, {\"changed\": {\"name\": \"\\u0411\\u043b\\u043e\\u043a\", \"object\": \"\\u0420\\u0435\\u0433\\u0438\\u0441\\u0442\\u0440\\u0430\\u0446\\u0438\\u044f \\u043f\\u043e\\u0434\\u0434\\u043e\\u043d (\\u041f\\u0430\\u0440\\u0442\\u043d\\u0435\\u0440\\u0430\\u043c)\", \"fields\": [\"My order\"]}}, {\"changed\": {\"name\": \"\\u0411\\u043b\\u043e\\u043a\", \"object\": \"FAQ\", \"fields\": [\"My order\"]}}, {\"changed\": {\"name\": \"\\u0411\\u043b\\u043e\\u043a\", \"object\": \"\\u0420\\u0435\\u0433\\u0438\\u0441\\u0442\\u0440\\u0430\\u0446\\u0438\\u044f \\u0444\\u0438\\u043d\\u0430\\u043b (\\u041f\\u0430\\u0440\\u0442\\u043d\\u0435\\u0440\\u0430\\u043c)\", \"fields\": [\"My order\"]}}, {\"changed\": {\"name\": \"\\u0411\\u043b\\u043e\\u043a\", \"object\": \"\\u043f\\u0440\\u043e\\u043c\\u043e \\u0430\\u043a\\u0446\\u0438\\u0439\", \"fields\": [\"My order\"]}}]"}}, {"model": "admin.logentry", "pk": 48, "fields": {"action_time": "2024-06-23T21:13:54.693Z", "user": [1], "content_type": ["catalog", "product"], "object_id": "4", "object_repr": "дебетовая карта сбербанк", "action_flag": 2, "change_message": "[{\"changed\": {\"fields\": [\"\\u041e\\u043a\\u043e\\u043d\\u0447\\u0430\\u043d\\u0438\\u0435 \\u0430\\u043a\\u0446\\u0438\\u0438\"]}}]"}}, {"model": "admin.logentry", "pk": 49, "fields": {"action_time": "2024-06-23T21:15:01.928Z", "user": [1], "content_type": ["blocks", "promocatalog"], "object_id": "1", "object_repr": "промо акций", "action_flag": 2, "change_message": "[]"}}, {"model": "admin.logentry", "pk": 50, "fields": {"action_time": "2024-06-23T21:15:34.365Z", "user": [1], "content_type": ["blocks", "promocatalog"], "object_id": "1", "object_repr": "промо акций", "action_flag": 2, "change_message": "[{\"added\": {\"name\": \"\\u041a\\u0430\\u0441\\u0442\\u043e\\u043c\\u043d\\u044b\\u0435 \\u0441\\u0442\\u0438\\u043b\\u0438\", \"object\": \"PromoCatalogCustomStyles object (1)\"}}]"}}, {"model": "admin.logentry", "pk": 51, "fields": {"action_time": "2024-06-23T21:15:42.141Z", "user": [1], "content_type": ["blocks", "promocatalog"], "object_id": "1", "object_repr": "промо акций", "action_flag": 2, "change_message": "[{\"changed\": {\"name\": \"\\u041a\\u0430\\u0441\\u0442\\u043e\\u043c\\u043d\\u044b\\u0435 \\u0441\\u0442\\u0438\\u043b\\u0438\", \"object\": \"PromoCatalogCustomStyles object (1)\", \"fields\": [\"\\u041e\\u0442\\u0441\\u0442\\u0443\\u043f \\u0441\\u0432\\u0435\\u0440\\u0445\\u0443\"]}}]"}}, {"model": "admin.logentry", "pk": 52, "fields": {"action_time": "2024-06-24T10:34:51.996Z", "user": [1], "content_type": ["catalog", "product"], "object_id": "1", "object_repr": "дебетовая карта альфабанк", "action_flag": 2, "change_message": "[{\"changed\": {\"fields\": [\"\\u0411\\u0430\\u043d\\u043d\\u0435\\u0440\"]}}]"}}, {"model": "admin.logentry", "pk": 53, "fields": {"action_time": "2024-06-24T10:35:31.765Z", "user": [1], "content_type": ["catalog", "product"], "object_id": "1", "object_repr": "дебетовая карта альфабанк", "action_flag": 2, "change_message": "[{\"changed\": {\"fields\": [\"\\u041f\\u0440\\u043e\\u0434\\u0432\\u0438\\u0433\\u0430\\u0442\\u044c \\u0434\\u043e\"]}}]"}}, {"model": "admin.logentry", "pk": 54, "fields": {"action_time": "2024-06-24T10:36:13.753Z", "user": [1], "content_type": ["catalog", "product"], "object_id": "4", "object_repr": "дебетовая карта сбербанк", "action_flag": 2, "change_message": "[{\"changed\": {\"fields\": [\"\\u041f\\u0440\\u043e\\u0434\\u0432\\u0438\\u0433\\u0430\\u0442\\u044c \\u0434\\u043e\"]}}]"}}, {"model": "admin.logentry", "pk": 55, "fields": {"action_time": "2024-06-24T10:50:19.288Z", "user": [1], "content_type": ["blocks", "promocatalog"], "object_id": "1", "object_repr": "промо акций", "action_flag": 2, "change_message": "[{\"changed\": {\"fields\": [\"\\u0417\\u0430\\u0433\\u043e\\u043b\\u043e\\u0432\\u043e\\u043a\"]}}]"}}, {"model": "admin.logentry", "pk": 56, "fields": {"action_time": "2024-06-24T10:55:36.838Z", "user": [1], "content_type": ["catalog", "producttype"], "object_id": "8", "object_repr": "кредитные карты", "action_flag": 2, "change_message": "[{\"changed\": {\"fields\": [\"\\u041d\\u0430\\u0437\\u0432\\u0430\\u043d\\u0438\\u0435\", \"\\u042d\\u0442\\u0438\\u043a\\u0435\\u0442\\u043a\\u0430\", \"\\u0410\\u043d\\u043d\\u043e\\u0442\\u0430\\u0446\\u0438\\u044f\"]}}]"}}, {"model": "admin.logentry", "pk": 57, "fields": {"action_time": "2024-06-24T10:56:13.837Z", "user": [1], "content_type": ["catalog", "producttype"], "object_id": "1", "object_repr": "дебетовые карты", "action_flag": 2, "change_message": "[{\"changed\": {\"fields\": [\"\\u0410\\u043d\\u043d\\u043e\\u0442\\u0430\\u0446\\u0438\\u044f\"]}}]"}}, {"model": "admin.logentry", "pk": 58, "fields": {"action_time": "2024-06-24T15:45:25.466Z", "user": [1], "content_type": ["catalog", "product"], "object_id": "1", "object_repr": "дебетовая карта альфабанк", "action_flag": 2, "change_message": "[{\"changed\": {\"fields\": [\"\\u0411\\u0430\\u043d\\u043d\\u0435\\u0440\"]}}]"}}, {"model": "admin.logentry", "pk": 59, "fields": {"action_time": "2024-06-24T15:45:40.960Z", "user": [1], "content_type": ["catalog", "product"], "object_id": "4", "object_repr": "дебетовая карта сбербанк", "action_flag": 2, "change_message": "[{\"changed\": {\"fields\": [\"\\u0411\\u0430\\u043d\\u043d\\u0435\\u0440\"]}}]"}}, {"model": "admin.logentry", "pk": 60, "fields": {"action_time": "2024-06-24T15:45:56.209Z", "user": [1], "content_type": ["catalog", "product"], "object_id": "3", "object_repr": "кредитная карта альфабанк", "action_flag": 2, "change_message": "[{\"changed\": {\"fields\": [\"\\u0411\\u0430\\u043d\\u043d\\u0435\\u0440\"]}}]"}}, {"model": "admin.logentry", "pk": 61, "fields": {"action_time": "2024-06-24T15:46:39.214Z", "user": [1], "content_type": ["catalog", "product"], "object_id": "1", "object_repr": "дебетовая карта альфабанк", "action_flag": 2, "change_message": "[{\"changed\": {\"fields\": [\"\\u0411\\u0430\\u043d\\u043d\\u0435\\u0440\"]}}]"}}, {"model": "admin.logentry", "pk": 62, "fields": {"action_time": "2024-06-25T06:55:06.158Z", "user": [1], "content_type": ["blocks", "page"], "object_id": "1", "object_repr": "Главная", "action_flag": 3, "change_message": ""}}, {"model": "admin.logentry", "pk": 63, "fields": {"action_time": "2024-06-25T06:55:21.720Z", "user": [1], "content_type": ["blocks", "page"], "object_id": "4", "object_repr": "Главная", "action_flag": 2, "change_message": "[{\"changed\": {\"fields\": [\"Url\"]}}]"}}, {"model": "admin.logentry", "pk": 64, "fields": {"action_time": "2024-06-25T06:55:44.338Z", "user": [1], "content_type": ["blocks", "page"], "object_id": "5", "object_repr": "Партнерам", "action_flag": 2, "change_message": "[{\"changed\": {\"fields\": [\"\\u0417\\u0430\\u0433\\u043e\\u043b\\u043e\\u0432\\u043e\\u043a\"]}}]"}}, {"model": "admin.logentry", "pk": 65, "fields": {"action_time": "2024-06-25T07:02:22.631Z", "user": [1], "content_type": ["blocks", "cover"], "object_id": "3", "object_repr": "Обложка (Главная)", "action_flag": 1, "change_message": "[{\"added\": {}}]"}}, {"model": "admin.logentry", "pk": 66, "fields": {"action_time": "2024-06-25T07:02:59.925Z", "user": [1], "content_type": ["blocks", "page"], "object_id": "4", "object_repr": "Главная", "action_flag": 2, "change_message": "[{\"changed\": {\"name\": \"\\u0411\\u043b\\u043e\\u043a\", \"object\": \"\\u041e\\u0431\\u043b\\u043e\\u0436\\u043a\\u0430 (\\u0413\\u043b\\u0430\\u0432\\u043d\\u0430\\u044f)\", \"fields\": [\"\\u0411\\u043b\\u043e\\u043a\"]}}]"}}, {"model": "admin.logentry", "pk": 67, "fields": {"action_time": "2024-06-25T07:06:34.152Z", "user": [1], "content_type": ["blocks", "cover"], "object_id": "3", "object_repr": "Обложка (Главная)", "action_flag": 2, "change_message": "[{\"added\": {\"name\": \"\\u041a\\u0430\\u0441\\u0442\\u043e\\u043c\\u043d\\u044b\\u0435 \\u0441\\u0442\\u0438\\u043b\\u0438\", \"object\": \"CoverCustomStyles object (2)\"}}]"}}, {"model": "admin.logentry", "pk": 68, "fields": {"action_time": "2024-06-25T07:07:33.255Z", "user": [1], "content_type": ["blocks", "cover"], "object_id": "1", "object_repr": "Обложка (Партнерам)", "action_flag": 2, "change_message": "[{\"changed\": {\"name\": \"\\u041a\\u0430\\u0441\\u0442\\u043e\\u043c\\u043d\\u044b\\u0435 \\u0441\\u0442\\u0438\\u043b\\u0438\", \"object\": \"CoverCustomStyles object (1)\", \"fields\": [\"\\u0422\\u043e\\u043b\\u0449\\u0438\\u043d\\u0430 \\u043e\\u0441\\u043d\\u043e\\u0432\\u043d\\u043e\\u0433\\u043e \\u0442\\u0435\\u043a\\u0441\\u0442\\u0430 (\\u0441\\u043c\\u0430\\u0440\\u0442\\u0444\\u043e\\u043d)\"]}}]"}}, {"model": "admin.logentry", "pk": 69, "fields": {"action_time": "2024-06-25T07:07:51.287Z", "user": [1], "content_type": ["blocks", "cover"], "object_id": "3", "object_repr": "Обложка (Главная)", "action_flag": 2, "change_message": "[{\"changed\": {\"name\": \"\\u041a\\u0430\\u0441\\u0442\\u043e\\u043c\\u043d\\u044b\\u0435 \\u0441\\u0442\\u0438\\u043b\\u0438\", \"object\": \"CoverCustomStyles object (2)\", \"fields\": [\"\\u0420\\u0430\\u0437\\u043c\\u0435\\u0440 \\u0437\\u0430\\u0433\\u043e\\u043b\\u043e\\u0432\\u043a\\u0430\", \"\\u0420\\u0430\\u0437\\u043c\\u0435\\u0440 \\u0437\\u0430\\u0433\\u043e\\u043b\\u043e\\u0432\\u043a\\u0430 (\\u0441\\u043c\\u0430\\u0440\\u0442\\u0444\\u043e\\u043d)\", \"\\u0420\\u0430\\u0437\\u043c\\u0435\\u0440 \\u043e\\u0441\\u043d\\u043e\\u0432\\u043d\\u043e\\u0433\\u043e \\u0442\\u0435\\u043a\\u0441\\u0442\\u0430\", \"\\u0422\\u043e\\u043b\\u0449\\u0438\\u043d\\u0430 \\u043e\\u0441\\u043d\\u043e\\u0432\\u043d\\u043e\\u0433\\u043e \\u0442\\u0435\\u043a\\u0441\\u0442\\u0430\"]}}]"}}, {"model": "admin.logentry", "pk": 70, "fields": {"action_time": "2024-06-25T07:11:23.621Z", "user": [1], "content_type": ["blocks", "cover"], "object_id": "3", "object_repr": "Обложка (Главная)", "action_flag": 2, "change_message": "[{\"changed\": {\"fields\": [\"\\u041e\\u0441\\u043d\\u043e\\u0432\\u043d\\u043e\\u0439 \\u0442\\u0435\\u043a\\u0441\\u0442\"]}}]"}}, {"model": "admin.logentry", "pk": 71, "fields": {"action_time": "2024-06-25T07:12:42.669Z", "user": [1], "content_type": ["blocks", "cover"], "object_id": "3", "object_repr": "Обложка (Главная)", "action_flag": 2, "change_message": "[{\"changed\": {\"fields\": [\"\\u041e\\u0441\\u043d\\u043e\\u0432\\u043d\\u043e\\u0439 \\u0442\\u0435\\u043a\\u0441\\u0442\"]}}]"}}, {"model": "admin.logentry", "pk": 72, "fields": {"action_time": "2024-06-25T07:16:41.084Z", "user": [1], "content_type": ["blocks", "template"], "object_id": "19", "object_repr": "Промо акции", "action_flag": 2, "change_message": "[{\"changed\": {\"fields\": [\"\\u041d\\u0430\\u0437\\u0432\\u0430\\u043d\\u0438\\u0435 \\u0448\\u0430\\u0431\\u043b\\u043e\\u043d\\u0430\"]}}]"}}, {"model": "admin.logentry", "pk": 73, "fields": {"action_time": "2024-06-25T07:16:58.361Z", "user": [1], "content_type": ["blocks", "template"], "object_id": "17", "object_repr": "Витрина", "action_flag": 2, "change_message": "[{\"changed\": {\"fields\": [\"\\u041d\\u0430\\u0437\\u0432\\u0430\\u043d\\u0438\\u0435 \\u0448\\u0430\\u0431\\u043b\\u043e\\u043d\\u0430\"]}}]"}}, {"model": "admin.logentry", "pk": 74, "fields": {"action_time": "2024-06-25T07:17:01.245Z", "user": [1], "content_type": ["blocks", "template"], "object_id": "17", "object_repr": "Витрина", "action_flag": 2, "change_message": "[]"}}, {"model": "admin.logentry", "pk": 75, "fields": {"action_time": "2024-06-25T07:17:24.486Z", "user": [1], "content_type": ["blocks", "template"], "object_id": "18", "object_repr": "Витрина (дополнение)", "action_flag": 2, "change_message": "[{\"changed\": {\"fields\": [\"\\u041d\\u0430\\u0437\\u0432\\u0430\\u043d\\u0438\\u0435 \\u0448\\u0430\\u0431\\u043b\\u043e\\u043d\\u0430\"]}}]"}}, {"model": "admin.logentry", "pk": 76, "fields": {"action_time": "2024-06-25T07:17:30.790Z", "user": [1], "content_type": ["blocks", "template"], "object_id": "16", "object_repr": "Каталог", "action_flag": 2, "change_message": "[{\"changed\": {\"fields\": [\"\\u041d\\u0430\\u0437\\u0432\\u0430\\u043d\\u0438\\u0435 \\u0448\\u0430\\u0431\\u043b\\u043e\\u043d\\u0430\"]}}]"}}, {"model": "admin.logentry", "pk": 77, "fields": {"action_time": "2024-06-25T07:17:38.042Z", "user": [1], "content_type": ["blocks", "template"], "object_id": "15", "object_repr": "Этапы", "action_flag": 2, "change_message": "[{\"changed\": {\"fields\": [\"\\u041d\\u0430\\u0437\\u0432\\u0430\\u043d\\u0438\\u0435 \\u0448\\u0430\\u0431\\u043b\\u043e\\u043d\\u0430\"]}}]"}}, {"model": "admin.logentry", "pk": 78, "fields": {"action_time": "2024-06-25T07:17:45.987Z", "user": [1], "content_type": ["blocks", "template"], "object_id": "12", "object_repr": "Вопросы", "action_flag": 2, "change_message": "[{\"changed\": {\"fields\": [\"\\u041d\\u0430\\u0437\\u0432\\u0430\\u043d\\u0438\\u0435 \\u0448\\u0430\\u0431\\u043b\\u043e\\u043d\\u0430\"]}}]"}}, {"model": "admin.logentry", "pk": 79, "fields": {"action_time": "2024-06-25T07:17:55.207Z", "user": [1], "content_type": ["blocks", "template"], "object_id": "11", "object_repr": "Соцсети", "action_flag": 2, "change_message": "[{\"changed\": {\"fields\": [\"\\u041d\\u0430\\u0437\\u0432\\u0430\\u043d\\u0438\\u0435 \\u0448\\u0430\\u0431\\u043b\\u043e\\u043d\\u0430\"]}}]"}}, {"model": "admin.logentry", "pk": 80, "fields": {"action_time": "2024-06-25T07:18:13.674Z", "user": [1], "content_type": ["blocks", "template"], "object_id": "9", "object_repr": "Регистрация (блок)", "action_flag": 2, "change_message": "[{\"changed\": {\"fields\": [\"\\u041d\\u0430\\u0437\\u0432\\u0430\\u043d\\u0438\\u0435 \\u0448\\u0430\\u0431\\u043b\\u043e\\u043d\\u0430\"]}}]"}}, {"model": "admin.logentry", "pk": 81, "fields": {"action_time": "2024-06-25T07:18:27.540Z", "user": [1], "content_type": ["blocks", "template"], "object_id": "10", "object_repr": "Регистрация", "action_flag": 2, "change_message": "[{\"changed\": {\"fields\": [\"\\u041d\\u0430\\u0437\\u0432\\u0430\\u043d\\u0438\\u0435 \\u0448\\u0430\\u0431\\u043b\\u043e\\u043d\\u0430\"]}}]"}}, {"model": "admin.logentry", "pk": 82, "fields": {"action_time": "2024-06-25T07:18:41.746Z", "user": [1], "content_type": ["blocks", "template"], "object_id": "2", "object_repr": "Навбар", "action_flag": 2, "change_message": "[{\"changed\": {\"fields\": [\"\\u041d\\u0430\\u0437\\u0432\\u0430\\u043d\\u0438\\u0435 \\u0448\\u0430\\u0431\\u043b\\u043e\\u043d\\u0430\"]}}]"}}, {"model": "admin.logentry", "pk": 83, "fields": {"action_time": "2024-06-25T07:18:50.228Z", "user": [1], "content_type": ["blocks", "template"], "object_id": "4", "object_repr": "Обложка", "action_flag": 2, "change_message": "[{\"changed\": {\"fields\": [\"\\u041d\\u0430\\u0437\\u0432\\u0430\\u043d\\u0438\\u0435 \\u0448\\u0430\\u0431\\u043b\\u043e\\u043d\\u0430\"]}}]"}}, {"model": "admin.logentry", "pk": 84, "fields": {"action_time": "2024-06-25T07:19:11.150Z", "user": [1], "content_type": ["blocks", "template"], "object_id": "1", "object_repr": "Контент (текст+фото)", "action_flag": 2, "change_message": "[{\"changed\": {\"fields\": [\"\\u041d\\u0430\\u0437\\u0432\\u0430\\u043d\\u0438\\u0435 \\u0448\\u0430\\u0431\\u043b\\u043e\\u043d\\u0430\"]}}]"}}, {"model": "admin.logentry", "pk": 85, "fields": {"action_time": "2024-06-25T07:19:26.645Z", "user": [1], "content_type": ["blocks", "template"], "object_id": "3", "object_repr": "Контент (фото+текст)", "action_flag": 2, "change_message": "[{\"changed\": {\"fields\": [\"\\u041d\\u0430\\u0437\\u0432\\u0430\\u043d\\u0438\\u0435 \\u0448\\u0430\\u0431\\u043b\\u043e\\u043d\\u0430\"]}}]"}}, {"model": "admin.logentry", "pk": 86, "fields": {"action_time": "2024-06-25T07:20:01.687Z", "user": [1], "content_type": ["blocks", "template"], "object_id": "5", "object_repr": "Особенности", "action_flag": 2, "change_message": "[{\"changed\": {\"fields\": [\"\\u041d\\u0430\\u0437\\u0432\\u0430\\u043d\\u0438\\u0435 \\u0448\\u0430\\u0431\\u043b\\u043e\\u043d\\u0430\"]}}]"}}, {"model": "admin.logentry", "pk": 87, "fields": {"action_time": "2024-06-25T07:20:21.565Z", "user": [1], "content_type": ["blocks", "template"], "object_id": "8", "object_repr": "Контент (текст)", "action_flag": 2, "change_message": "[{\"changed\": {\"fields\": [\"\\u041d\\u0430\\u0437\\u0432\\u0430\\u043d\\u0438\\u0435 \\u0448\\u0430\\u0431\\u043b\\u043e\\u043d\\u0430\"]}}]"}}, {"model": "admin.logentry", "pk": 88, "fields": {"action_time": "2024-06-25T07:20:41.939Z", "user": [1], "content_type": ["blocks", "template"], "object_id": "7", "object_repr": "Особенности (горизонтальный)", "action_flag": 2, "change_message": "[{\"changed\": {\"fields\": [\"\\u041d\\u0430\\u0437\\u0432\\u0430\\u043d\\u0438\\u0435 \\u0448\\u0430\\u0431\\u043b\\u043e\\u043d\\u0430\"]}}]"}}, {"model": "admin.logentry", "pk": 89, "fields": {"action_time": "2024-06-25T07:21:01.554Z", "user": [1], "content_type": ["blocks", "template"], "object_id": "6", "object_repr": "Особенности (без заголовка)", "action_flag": 2, "change_message": "[{\"changed\": {\"fields\": [\"\\u041d\\u0430\\u0437\\u0432\\u0430\\u043d\\u0438\\u0435 \\u0448\\u0430\\u0431\\u043b\\u043e\\u043d\\u0430\"]}}]"}}, {"model": "admin.logentry", "pk": 90, "fields": {"action_time": "2024-06-25T07:22:34.820Z", "user": [1], "content_type": ["blocks", "promocatalog"], "object_id": "1", "object_repr": "Промо акции", "action_flag": 2, "change_message": "[{\"changed\": {\"fields\": [\"\\u0418\\u043c\\u044f\", \"\\u042f\\u043a\\u043e\\u0440\\u044c\", \"\\u0417\\u0430\\u0433\\u043e\\u043b\\u043e\\u0432\\u043e\\u043a\"]}}]"}}, {"model": "admin.logentry", "pk": 91, "fields": {"action_time": "2024-06-25T07:25:30.530Z", "user": [1], "content_type": ["blocks", "promocatalog"], "object_id": "1", "object_repr": "Промо акции", "action_flag": 2, "change_message": "[{\"changed\": {\"fields\": [\"\\u0417\\u0430\\u0433\\u043e\\u043b\\u043e\\u0432\\u043e\\u043a\"]}}]"}}, {"model": "admin.logentry", "pk": 92, "fields": {"action_time": "2024-06-25T07:26:03.982Z", "user": [1], "content_type": ["blocks", "page"], "object_id": "4", "object_repr": "Главная", "action_flag": 2, "change_message": "[{\"changed\": {\"name\": \"\\u0411\\u043b\\u043e\\u043a\", \"object\": \"\\u041f\\u0440\\u043e\\u043c\\u043e \\u0430\\u043a\\u0446\\u0438\\u0438\", \"fields\": [\"My order\"]}}, {\"changed\": {\"name\": \"\\u0411\\u043b\\u043e\\u043a\", \"object\": \"\\u041a\\u0430\\u0442\\u0430\\u043b\\u043e\\u0433 \\u0434\\u043b\\u044f \\u0433\\u043b\\u0430\\u0432\\u043d\\u043e\\u0439\", \"fields\": [\"My order\"]}}, {\"changed\": {\"name\": \"\\u0411\\u043b\\u043e\\u043a\", \"object\": \"\\u0420\\u0435\\u0433\\u0438\\u0441\\u0442\\u0440\\u0430\\u0446\\u0438\\u044f \\u0433\\u043b\\u0430\\u0432\\u043d\\u0430\\u044f (\\u041f\\u0430\\u0440\\u0442\\u043d\\u0435\\u0440\\u0430\\u043c)\", \"fields\": [\"My order\"]}}]"}}, {"model": "admin.logentry", "pk": 93, "fields": {"action_time": "2024-06-25T07:33:37.216Z", "user": [1], "content_type": ["blocks", "mainpagecatalogblock"], "object_id": "1", "object_repr": "Главная витрина", "action_flag": 2, "change_message": "[{\"changed\": {\"fields\": [\"\\u0418\\u043c\\u044f\", \"\\u042f\\u043a\\u043e\\u0440\\u044c\", \"\\u0417\\u0430\\u0433\\u043e\\u043b\\u043e\\u0432\\u043e\\u043a\", \"\\u0422\\u0435\\u043a\\u0441\\u0442 \\u043a\\u043d\\u043e\\u043f\\u043a\\u0438\", \"\\u0412\\u0432\\u0435\\u0434\\u0435\\u043d\\u0438\\u0435\"]}}]"}}, {"model": "admin.logentry", "pk": 94, "fields": {"action_time": "2024-06-25T07:34:52.718Z", "user": [1], "content_type": ["blocks", "promocatalog"], "object_id": "1", "object_repr": "Промо акции", "action_flag": 2, "change_message": "[{\"changed\": {\"name\": \"\\u041a\\u0430\\u0441\\u0442\\u043e\\u043c\\u043d\\u044b\\u0435 \\u0441\\u0442\\u0438\\u043b\\u0438\", \"object\": \"PromoCatalogCustomStyles object (1)\", \"fields\": [\"\\u041a\\u043e\\u043b\\u0438\\u0447\\u0435\\u0441\\u0442\\u0432\\u043e \\u043a\\u043e\\u043b\\u043e\\u043d\\u043e\\u043a \\u0432 \\u0441\\u043b\\u0430\\u0439\\u0434\\u0435\\u0440\\u0435\"]}}]"}}, {"model": "admin.logentry", "pk": 95, "fields": {"action_time": "2024-06-25T07:50:48.482Z", "user": [1], "content_type": ["blocks", "mainpagecatalogblock"], "object_id": "1", "object_repr": "Главная витрина", "action_flag": 2, "change_message": "[{\"changed\": {\"name\": \"\\u041a\\u0430\\u0441\\u0442\\u043e\\u043c\\u043d\\u044b\\u0435 \\u0441\\u0442\\u0438\\u043b\\u0438\", \"object\": \"MainPageCatalogCustomStyles object (1)\", \"fields\": [\"\\u0426\\u0432\\u0435\\u0442 \\u0444\\u043e\\u043d\\u0430\"]}}]"}}, {"model": "admin.logentry", "pk": 96, "fields": {"action_time": "2024-06-25T08:02:19.406Z", "user": [1], "content_type": ["blocks", "mainpagecatalogblock"], "object_id": "1", "object_repr": "Главная витрина", "action_flag": 2, "change_message": "[{\"changed\": {\"fields\": [\"\\u0412\\u0432\\u0435\\u0434\\u0435\\u043d\\u0438\\u0435\"]}}]"}}, {"model": "admin.logentry", "pk": 97, "fields": {"action_time": "2024-06-25T08:28:44.993Z", "user": [1], "content_type": ["blocks", "mainpagecatalogblock"], "object_id": "1", "object_repr": "Главная витрина", "action_flag": 2, "change_message": "[{\"changed\": {\"fields\": [\"\\u0417\\u0430\\u0433\\u043e\\u043b\\u043e\\u0432\\u043e\\u043a\"]}}]"}}, {"model": "admin.logentry", "pk": 98, "fields": {"action_time": "2024-06-25T08:31:17.511Z", "user": [1], "content_type": ["blocks", "page"], "object_id": "4", "object_repr": "Главная", "action_flag": 2, "change_message": "[{\"changed\": {\"name\": \"\\u0411\\u043b\\u043e\\u043a\", \"object\": \"\\u041f\\u0440\\u043e\\u043c\\u043e \\u0430\\u043a\\u0446\\u0438\\u0438\", \"fields\": [\"My order\"]}}, {\"changed\": {\"name\": \"\\u0411\\u043b\\u043e\\u043a\", \"object\": \"\\u0413\\u043b\\u0430\\u0432\\u043d\\u0430\\u044f \\u0432\\u0438\\u0442\\u0440\\u0438\\u043d\\u0430\", \"fields\": [\"My order\"]}}]"}}, {"model": "admin.logentry", "pk": 99, "fields": {"action_time": "2024-06-25T08:31:35.392Z", "user": [1], "content_type": ["blocks", "mainpagecatalogblock"], "object_id": "1", "object_repr": "Главная витрина", "action_flag": 2, "change_message": "[{\"changed\": {\"name\": \"\\u041a\\u0430\\u0441\\u0442\\u043e\\u043c\\u043d\\u044b\\u0435 \\u0441\\u0442\\u0438\\u043b\\u0438\", \"object\": \"MainPageCatalogCustomStyles object (1)\", \"fields\": [\"\\u0426\\u0432\\u0435\\u0442 \\u0444\\u043e\\u043d\\u0430\"]}}]"}}, {"model": "admin.logentry", "pk": 100, "fields": {"action_time": "2024-06-25T08:32:06.121Z", "user": [1], "content_type": ["blocks", "promocatalog"], "object_id": "1", "object_repr": "Промо акции", "action_flag": 2, "change_message": "[{\"changed\": {\"name\": \"\\u041a\\u0430\\u0441\\u0442\\u043e\\u043c\\u043d\\u044b\\u0435 \\u0441\\u0442\\u0438\\u043b\\u0438\", \"object\": \"PromoCatalogCustomStyles object (1)\", \"fields\": [\"\\u0426\\u0432\\u0435\\u0442 \\u0444\\u043e\\u043d\\u0430\"]}}]"}}, {"model": "admin.logentry", "pk": 101, "fields": {"action_time": "2024-06-25T08:32:23.354Z", "user": [1], "content_type": ["blocks", "promocatalog"], "object_id": "1", "object_repr": "Промо акции", "action_flag": 2, "change_message": "[]"}}, {"model": "admin.logentry", "pk": 102, "fields": {"action_time": "2024-06-25T08:34:26.001Z", "user": [1], "content_type": ["blocks", "cover"], "object_id": "3", "object_repr": "Обложка (Главная)", "action_flag": 2, "change_message": "[{\"changed\": {\"fields\": [\"\\u041e\\u0441\\u043d\\u043e\\u0432\\u043d\\u043e\\u0439 \\u0442\\u0435\\u043a\\u0441\\u0442\"]}}]"}}, {"model": "admin.logentry", "pk": 103, "fields": {"action_time": "2024-06-25T08:57:34.533Z", "user": [1], "content_type": ["blocks", "mainpagecatalogblock"], "object_id": "1", "object_repr": "Главная витрина", "action_flag": 2, "change_message": "[{\"changed\": {\"fields\": [\"Html \\u0448\\u0430\\u0431\\u043b\\u043e\\u043d\"]}}]"}}, {"model": "admin.logentry", "pk": 104, "fields": {"action_time": "2024-06-25T08:58:08.199Z", "user": [1], "content_type": ["blocks", "mainpagecatalogblock"], "object_id": "1", "object_repr": "Главная витрина", "action_flag": 2, "change_message": "[{\"changed\": {\"fields\": [\"Html \\u0448\\u0430\\u0431\\u043b\\u043e\\u043d\"]}}]"}}, {"model": "admin.logentry", "pk": 105, "fields": {"action_time": "2024-06-25T08:59:27.528Z", "user": [1], "content_type": ["blocks", "mainpagecatalogblock"], "object_id": "2", "object_repr": "Дополнительная витрина", "action_flag": 1, "change_message": "[{\"added\": {}}, {\"added\": {\"name\": \"catalog product type\", \"object\": \"\\u0434\\u0435\\u0431\\u0435\\u0442\\u043e\\u0432\\u044b\\u0435 \\u043a\\u0430\\u0440\\u0442\\u044b\"}}, {\"added\": {\"name\": \"catalog product type\", \"object\": \"\\u043a\\u0440\\u0435\\u0434\\u0438\\u0442\\u043d\\u044b\\u0435 \\u043a\\u0430\\u0440\\u0442\\u044b\"}}, {\"added\": {\"name\": \"catalog product type\", \"object\": \"\\u0434\\u0435\\u0431\\u0435\\u0442\\u043e\\u0432\\u044b\\u0435 \\u043a\\u0430\\u0440\\u0442\\u044b\"}}, {\"added\": {\"name\": \"catalog product type\", \"object\": \"\\u043a\\u0440\\u0435\\u0434\\u0438\\u0442\\u043d\\u044b\\u0435 \\u043a\\u0430\\u0440\\u0442\\u044b\"}}]"}}, {"model": "admin.logentry", "pk": 106, "fields": {"action_time": "2024-06-25T09:00:37.532Z", "user": [1], "content_type": ["blocks", "page"], "object_id": "4", "object_repr": "Главная", "action_flag": 2, "change_message": "[{\"deleted\": {\"name\": \"\\u0411\\u043b\\u043e\\u043a\", \"object\": \"\\u042d\\u0442\\u0430\\u043f\\u044b (\\u041f\\u0430\\u0442\\u043d\\u0435\\u0440\\u0430\\u043c)\"}}, {\"deleted\": {\"name\": \"\\u0411\\u043b\\u043e\\u043a\", \"object\": \"\\u0422\\u0440\\u0430\\u0444\\u0444\\u0438\\u043a (\\u041f\\u0430\\u0440\\u0442\\u043d\\u0435\\u0440\\u0430\\u043c)\"}}, {\"deleted\": {\"name\": \"\\u0411\\u043b\\u043e\\u043a\", \"object\": \"\\u0411\\u043e\\u043d\\u0443\\u0441 (\\u041f\\u0430\\u0440\\u0442\\u043d\\u0435\\u0440\\u0430\\u043c)\"}}]"}}, {"model": "admin.logentry", "pk": 107, "fields": {"action_time": "2024-06-25T09:00:53.585Z", "user": [1], "content_type": ["blocks", "page"], "object_id": "6", "object_repr": "Тест", "action_flag": 2, "change_message": "[{\"changed\": {\"fields\": [\"\\u0417\\u0430\\u0433\\u043e\\u043b\\u043e\\u0432\\u043e\\u043a\", \"Url\"]}}]"}}, {"model": "admin.logentry", "pk": 108, "fields": {"action_time": "2024-06-25T09:01:17.795Z", "user": [1], "content_type": ["blocks", "page"], "object_id": "6", "object_repr": "Тест", "action_flag": 3, "change_message": ""}}, {"model": "admin.logentry", "pk": 109, "fields": {"action_time": "2024-06-25T09:02:01.856Z", "user": [1], "content_type": ["blocks", "page"], "object_id": "4", "object_repr": "Главная", "action_flag": 2, "change_message": "[{\"deleted\": {\"name\": \"\\u0411\\u043b\\u043e\\u043a\", \"object\": \"\\u041a\\u043e\\u043c\\u0443 \\u043f\\u043e\\u0434\\u043e\\u0439\\u0434\\u0435\\u0442 (\\u041f\\u0430\\u0440\\u0442\\u043d\\u0435\\u0440\\u0430\\u043c)\"}}, {\"deleted\": {\"name\": \"\\u0411\\u043b\\u043e\\u043a\", \"object\": \"\\u0420\\u0435\\u0433\\u0438\\u0441\\u0442\\u0440\\u0430\\u0446\\u0438\\u044f \\u0446\\u0435\\u043d\\u0442\\u0440 (\\u041f\\u0430\\u0440\\u0442\\u043d\\u0435\\u0440\\u0430\\u043c)\"}}]"}}, {"model": "admin.logentry", "pk": 110, "fields": {"action_time": "2024-06-25T09:02:31.101Z", "user": [1], "content_type": ["blocks", "page"], "object_id": "4", "object_repr": "Главная", "action_flag": 2, "change_message": "[{\"changed\": {\"name\": \"\\u0411\\u043b\\u043e\\u043a\", \"object\": \"\\u041f\\u0440\\u043e\\u043c\\u043e \\u0430\\u043a\\u0446\\u0438\\u0438\", \"fields\": [\"My order\"]}}, {\"changed\": {\"name\": \"\\u0411\\u043b\\u043e\\u043a\", \"object\": \"\\u0414\\u043e\\u043f\\u043e\\u043b\\u043d\\u0438\\u0442\\u0435\\u043b\\u044c\\u043d\\u0430\\u044f \\u0432\\u0438\\u0442\\u0440\\u0438\\u043d\\u0430\", \"fields\": [\"My order\", \"\\u0411\\u043b\\u043e\\u043a\"]}}, {\"changed\": {\"name\": \"\\u0411\\u043b\\u043e\\u043a\", \"object\": \"\\u0420\\u0435\\u0433\\u0438\\u0441\\u0442\\u0440\\u0430\\u0446\\u0438\\u044f \\u043f\\u043e\\u0434\\u0434\\u043e\\u043d (\\u041f\\u0430\\u0440\\u0442\\u043d\\u0435\\u0440\\u0430\\u043c)\", \"fields\": [\"My order\"]}}, {\"changed\": {\"name\": \"\\u0411\\u043b\\u043e\\u043a\", \"object\": \"\\u0420\\u0435\\u0444\\u0435\\u0440\\u0430\\u043b\\u043a\\u0430 (\\u041f\\u0430\\u0440\\u0442\\u043d\\u0435\\u0440\\u0430\\u043c)\", \"fields\": [\"My order\"]}}, {\"changed\": {\"name\": \"\\u0411\\u043b\\u043e\\u043a\", \"object\": \"\\u0412\\u044b\\u0433\\u043e\\u0434\\u044b (\\u041f\\u0430\\u0440\\u0442\\u043d\\u0435\\u0440\\u0430\\u043c)\", \"fields\": [\"My order\"]}}, {\"changed\": {\"name\": \"\\u0411\\u043b\\u043e\\u043a\", \"object\": \"\\u0420\\u0435\\u0433\\u0438\\u0441\\u0442\\u0440\\u0430\\u0446\\u0438\\u044f \\u043f\\u043e\\u0434\\u0434\\u043e\\u043d (\\u041f\\u0430\\u0440\\u0442\\u043d\\u0435\\u0440\\u0430\\u043c)\", \"fields\": [\"My order\"]}}, {\"changed\": {\"name\": \"\\u0411\\u043b\\u043e\\u043a\", \"object\": \"FAQ\", \"fields\": [\"My order\"]}}, {\"changed\": {\"name\": \"\\u0411\\u043b\\u043e\\u043a\", \"object\": \"\\u0420\\u0435\\u0433\\u0438\\u0441\\u0442\\u0440\\u0430\\u0446\\u0438\\u044f \\u0444\\u0438\\u043d\\u0430\\u043b (\\u041f\\u0430\\u0440\\u0442\\u043d\\u0435\\u0440\\u0430\\u043c)\", \"fields\": [\"My order\"]}}]"}}, {"model": "admin.logentry", "pk": 111, "fields": {"action_time": "2024-06-25T09:02:58.407Z", "user": [1], "content_type": ["blocks", "mainpagecatalogblock"], "object_id": "2", "object_repr": "Дополнительная витрина", "action_flag": 2, "change_message": "[]"}}, {"model": "admin.logentry", "pk": 112, "fields": {"action_time": "2024-06-25T09:03:27.815Z", "user": [1], "content_type": ["blocks", "mainpagecatalogblock"], "object_id": "2", "object_repr": "Дополнительная витрина", "action_flag": 2, "change_message": "[{\"changed\": {\"fields\": [\"\\u0417\\u0430\\u0433\\u043e\\u043b\\u043e\\u0432\\u043e\\u043a\", \"\\u0422\\u0435\\u043a\\u0441\\u0442 \\u043a\\u043d\\u043e\\u043f\\u043a\\u0438\"]}}]"}}, {"model": "admin.logentry", "pk": 113, "fields": {"action_time": "2024-06-25T09:05:56.343Z", "user": [1], "content_type": ["blocks", "mainpagecatalogblock"], "object_id": "1", "object_repr": "Главная витрина", "action_flag": 2, "change_message": "[{\"changed\": {\"fields\": [\"Html \\u0448\\u0430\\u0431\\u043b\\u043e\\u043d\"]}}]"}}, {"model": "admin.logentry", "pk": 114, "fields": {"action_time": "2024-06-25T09:07:23.205Z", "user": [1], "content_type": ["catalog", "producttype"], "object_id": "1", "object_repr": "Дебетовые карты с бонусом", "action_flag": 2, "change_message": "[{\"changed\": {\"fields\": [\"\\u041d\\u0430\\u0437\\u0432\\u0430\\u043d\\u0438\\u0435\", \"\\u0417\\u0430\\u0433\\u043e\\u043b\\u043e\\u0432\\u043e\\u043a\"]}}]"}}, {"model": "admin.logentry", "pk": 115, "fields": {"action_time": "2024-06-25T09:07:53.920Z", "user": [1], "content_type": ["blocks", "mainpagecatalogblock"], "object_id": "2", "object_repr": "Дополнительная витрина", "action_flag": 2, "change_message": "[{\"changed\": {\"fields\": [\"Html \\u0448\\u0430\\u0431\\u043b\\u043e\\u043d\", \"\\u0417\\u0430\\u0433\\u043e\\u043b\\u043e\\u0432\\u043e\\u043a\", \"\\u0422\\u0435\\u043a\\u0441\\u0442 \\u043a\\u043d\\u043e\\u043f\\u043a\\u0438\"]}}]"}}, {"model": "admin.logentry", "pk": 116, "fields": {"action_time": "2024-06-25T09:08:19.262Z", "user": [1], "content_type": ["blocks", "mainpagecatalogblock"], "object_id": "1", "object_repr": "Главная витрина", "action_flag": 2, "change_message": "[{\"changed\": {\"fields\": [\"Html \\u0448\\u0430\\u0431\\u043b\\u043e\\u043d\"]}}]"}}, {"model": "admin.logentry", "pk": 117, "fields": {"action_time": "2024-06-25T09:09:27.831Z", "user": [1], "content_type": ["blocks", "mainpagecatalogblock"], "object_id": "2", "object_repr": "Дополнительная витрина", "action_flag": 2, "change_message": "[{\"changed\": {\"fields\": [\"Html \\u0448\\u0430\\u0431\\u043b\\u043e\\u043d\"]}}]"}}, {"model": "admin.logentry", "pk": 118, "fields": {"action_time": "2024-06-25T09:27:25.520Z", "user": [1], "content_type": ["blocks", "page"], "object_id": "4", "object_repr": "Главная", "action_flag": 2, "change_message": "[{\"deleted\": {\"name\": \"\\u0411\\u043b\\u043e\\u043a\", \"object\": \"\\u0420\\u0435\\u0433\\u0438\\u0441\\u0442\\u0440\\u0430\\u0446\\u0438\\u044f \\u043f\\u043e\\u0434\\u0434\\u043e\\u043d (\\u041f\\u0430\\u0440\\u0442\\u043d\\u0435\\u0440\\u0430\\u043c)\"}}]"}}, {"model": "admin.logentry", "pk": 119, "fields": {"action_time": "2024-06-25T09:40:40.997Z", "user": [1], "content_type": ["blocks", "page"], "object_id": "4", "object_repr": "Главная", "action_flag": 2, "change_message": "[{\"changed\": {\"name\": \"\\u0411\\u043b\\u043e\\u043a\", \"object\": \"\\u0414\\u043e\\u043f\\u043e\\u043b\\u043d\\u0438\\u0442\\u0435\\u043b\\u044c\\u043d\\u0430\\u044f \\u0432\\u0438\\u0442\\u0440\\u0438\\u043d\\u0430\", \"fields\": [\"My order\"]}}, {\"changed\": {\"name\": \"\\u0411\\u043b\\u043e\\u043a\", \"object\": \"\\u041f\\u0440\\u043e\\u043c\\u043e \\u0430\\u043a\\u0446\\u0438\\u0438\", \"fields\": [\"My order\"]}}, {\"changed\": {\"name\": \"\\u0411\\u043b\\u043e\\u043a\", \"object\": \"\\u0420\\u0435\\u0444\\u0435\\u0440\\u0430\\u043b\\u043a\\u0430 (\\u041f\\u0430\\u0440\\u0442\\u043d\\u0435\\u0440\\u0430\\u043c)\", \"fields\": [\"My order\"]}}, {\"changed\": {\"name\": \"\\u0411\\u043b\\u043e\\u043a\", \"object\": \"\\u0412\\u044b\\u0433\\u043e\\u0434\\u044b (\\u041f\\u0430\\u0440\\u0442\\u043d\\u0435\\u0440\\u0430\\u043c)\", \"fields\": [\"My order\"]}}, {\"changed\": {\"name\": \"\\u0411\\u043b\\u043e\\u043a\", \"object\": \"\\u0420\\u0435\\u0433\\u0438\\u0441\\u0442\\u0440\\u0430\\u0446\\u0438\\u044f \\u043f\\u043e\\u0434\\u0434\\u043e\\u043d (\\u041f\\u0430\\u0440\\u0442\\u043d\\u0435\\u0440\\u0430\\u043c)\", \"fields\": [\"My order\"]}}, {\"changed\": {\"name\": \"\\u0411\\u043b\\u043e\\u043a\", \"object\": \"FAQ\", \"fields\": [\"My order\"]}}, {\"changed\": {\"name\": \"\\u0411\\u043b\\u043e\\u043a\", \"object\": \"\\u0420\\u0435\\u0433\\u0438\\u0441\\u0442\\u0440\\u0430\\u0446\\u0438\\u044f \\u0444\\u0438\\u043d\\u0430\\u043b (\\u041f\\u0430\\u0440\\u0442\\u043d\\u0435\\u0440\\u0430\\u043c)\", \"fields\": [\"My order\"]}}]"}}, {"model": "admin.logentry", "pk": 120, "fields": {"action_time": "2024-06-25T10:01:46.225Z", "user": [1], "content_type": ["blocks", "page"], "object_id": "4", "object_repr": "Главная", "action_flag": 2, "change_message": "[{\"added\": {\"name\": \"\\u0411\\u043b\\u043e\\u043a\", \"object\": \"\\u0413\\u043b\\u0430\\u0432\\u043d\\u0430\\u044f \\u0432\\u0438\\u0442\\u0440\\u0438\\u043d\\u0430\"}}]"}}, {"model": "admin.logentry", "pk": 121, "fields": {"action_time": "2024-06-25T10:01:54.212Z", "user": [1], "content_type": ["blocks", "page"], "object_id": "4", "object_repr": "Главная", "action_flag": 2, "change_message": "[{\"changed\": {\"name\": \"\\u0411\\u043b\\u043e\\u043a\", \"object\": \"\\u041f\\u0440\\u043e\\u043c\\u043e \\u0430\\u043a\\u0446\\u0438\\u0438\", \"fields\": [\"My order\"]}}, {\"changed\": {\"name\": \"\\u0411\\u043b\\u043e\\u043a\", \"object\": \"\\u0420\\u0435\\u0444\\u0435\\u0440\\u0430\\u043b\\u043a\\u0430 (\\u041f\\u0430\\u0440\\u0442\\u043d\\u0435\\u0440\\u0430\\u043c)\", \"fields\": [\"My order\"]}}, {\"changed\": {\"name\": \"\\u0411\\u043b\\u043e\\u043a\", \"object\": \"\\u0412\\u044b\\u0433\\u043e\\u0434\\u044b (\\u041f\\u0430\\u0440\\u0442\\u043d\\u0435\\u0440\\u0430\\u043c)\", \"fields\": [\"My order\"]}}, {\"changed\": {\"name\": \"\\u0411\\u043b\\u043e\\u043a\", \"object\": \"\\u0420\\u0435\\u0433\\u0438\\u0441\\u0442\\u0440\\u0430\\u0446\\u0438\\u044f \\u043f\\u043e\\u0434\\u0434\\u043e\\u043d (\\u041f\\u0430\\u0440\\u0442\\u043d\\u0435\\u0440\\u0430\\u043c)\", \"fields\": [\"My order\"]}}, {\"changed\": {\"name\": \"\\u0411\\u043b\\u043e\\u043a\", \"object\": \"FAQ\", \"fields\": [\"My order\"]}}, {\"changed\": {\"name\": \"\\u0411\\u043b\\u043e\\u043a\", \"object\": \"\\u0420\\u0435\\u0433\\u0438\\u0441\\u0442\\u0440\\u0430\\u0446\\u0438\\u044f \\u0444\\u0438\\u043d\\u0430\\u043b (\\u041f\\u0430\\u0440\\u0442\\u043d\\u0435\\u0440\\u0430\\u043c)\", \"fields\": [\"My order\"]}}, {\"changed\": {\"name\": \"\\u0411\\u043b\\u043e\\u043a\", \"object\": \"\\u0414\\u043e\\u043f\\u043e\\u043b\\u043d\\u0438\\u0442\\u0435\\u043b\\u044c\\u043d\\u0430\\u044f \\u0432\\u0438\\u0442\\u0440\\u0438\\u043d\\u0430\", \"fields\": [\"My order\"]}}, {\"changed\": {\"name\": \"\\u0411\\u043b\\u043e\\u043a\", \"object\": \"\\u0413\\u043b\\u0430\\u0432\\u043d\\u0430\\u044f \\u0432\\u0438\\u0442\\u0440\\u0438\\u043d\\u0430\", \"fields\": [\"My order\"]}}]"}}, {"model": "admin.logentry", "pk": 122, "fields": {"action_time": "2024-06-25T10:03:09.238Z", "user": [1], "content_type": ["blocks", "page"], "object_id": "4", "object_repr": "Главная", "action_flag": 2, "change_message": "[{\"changed\": {\"name\": \"\\u0411\\u043b\\u043e\\u043a\", \"object\": \"\\u0411\\u043e\\u043d\\u0443\\u0441 (\\u041f\\u0430\\u0440\\u0442\\u043d\\u0435\\u0440\\u0430\\u043c)\", \"fields\": [\"\\u0411\\u043b\\u043e\\u043a\"]}}, {\"changed\": {\"name\": \"\\u0411\\u043b\\u043e\\u043a\", \"object\": \"\\u0420\\u0435\\u0444\\u0435\\u0440\\u0430\\u043b\\u043a\\u0430 (\\u041f\\u0430\\u0440\\u0442\\u043d\\u0435\\u0440\\u0430\\u043c)\", \"fields\": [\"\\u0411\\u043b\\u043e\\u043a\"]}}]"}}, {"model": "admin.logentry", "pk": 123, "fields": {"action_time": "2024-06-25T10:03:35.138Z", "user": [1], "content_type": ["blocks", "page"], "object_id": "4", "object_repr": "Главная", "action_flag": 2, "change_message": "[{\"changed\": {\"name\": \"\\u0411\\u043b\\u043e\\u043a\", \"object\": \"\\u0411\\u043e\\u043d\\u0443\\u0441 (\\u041f\\u0430\\u0440\\u0442\\u043d\\u0435\\u0440\\u0430\\u043c)\", \"fields\": [\"My order\"]}}, {\"changed\": {\"name\": \"\\u0411\\u043b\\u043e\\u043a\", \"object\": \"\\u0420\\u0435\\u0444\\u0435\\u0440\\u0430\\u043b\\u043a\\u0430 (\\u041f\\u0430\\u0440\\u0442\\u043d\\u0435\\u0440\\u0430\\u043c)\", \"fields\": [\"My order\"]}}, {\"changed\": {\"name\": \"\\u0411\\u043b\\u043e\\u043a\", \"object\": \"\\u0420\\u0435\\u0444\\u0435\\u0440\\u0430\\u043b\\u043a\\u0430 (\\u041f\\u0430\\u0440\\u0442\\u043d\\u0435\\u0440\\u0430\\u043c)\", \"fields\": [\"My order\"]}}]"}}, {"model": "admin.logentry", "pk": 124, "fields": {"action_time": "2024-06-25T10:04:15.159Z", "user": [1], "content_type": ["blocks", "page"], "object_id": "4", "object_repr": "Главная", "action_flag": 2, "change_message": "[{\"changed\": {\"name\": \"\\u0411\\u043b\\u043e\\u043a\", \"object\": \"\\u043f\\u043e\\u0434\\u043f\\u0438\\u0441\\u043a\\u0430 \\u043d\\u0430 \\u0441\\u043e\\u0446 \\u0441\\u0435\\u0442\\u0438\", \"fields\": [\"\\u0411\\u043b\\u043e\\u043a\"]}}]"}}, {"model": "admin.logentry", "pk": 125, "fields": {"action_time": "2024-06-25T10:06:28.407Z", "user": [1], "content_type": ["blocks", "contentblock"], "object_id": "4", "object_repr": "Партнерам (Главная)", "action_flag": 1, "change_message": "[{\"added\": {}}]"}}, {"model": "admin.logentry", "pk": 126, "fields": {"action_time": "2024-06-25T10:09:50.356Z", "user": [1], "content_type": ["blocks", "page"], "object_id": "4", "object_repr": "Главная", "action_flag": 2, "change_message": "[{\"changed\": {\"name\": \"\\u0411\\u043b\\u043e\\u043a\", \"object\": \"\\u041f\\u0430\\u0440\\u0442\\u043d\\u0435\\u0440\\u0430\\u043c (\\u0413\\u043b\\u0430\\u0432\\u043d\\u0430\\u044f)\", \"fields\": [\"\\u0411\\u043b\\u043e\\u043a\"]}}]"}}, {"model": "admin.logentry", "pk": 127, "fields": {"action_time": "2024-06-25T10:13:41.536Z", "user": [1], "content_type": ["blocks", "contentblock"], "object_id": "4", "object_repr": "Партнерам (Главная)", "action_flag": 2, "change_message": "[{\"changed\": {\"fields\": [\"\\u041e\\u0441\\u043d\\u043e\\u0432\\u043d\\u043e\\u0439 \\u0442\\u0435\\u043a\\u0441\\u0442\"]}}]"}}, {"model": "admin.logentry", "pk": 128, "fields": {"action_time": "2024-06-25T10:14:20.423Z", "user": [1], "content_type": ["blocks", "contentblock"], "object_id": "4", "object_repr": "Партнерам (Главная)", "action_flag": 2, "change_message": "[{\"changed\": {\"fields\": [\"\\u041e\\u0441\\u043d\\u043e\\u0432\\u043d\\u043e\\u0439 \\u0442\\u0435\\u043a\\u0441\\u0442\"]}}]"}}, {"model": "admin.logentry", "pk": 129, "fields": {"action_time": "2024-06-25T10:15:44.796Z", "user": [1], "content_type": ["blocks", "contentblock"], "object_id": "4", "object_repr": "Партнерам (Главная)", "action_flag": 2, "change_message": "[{\"changed\": {\"fields\": [\"\\u041e\\u0441\\u043d\\u043e\\u0432\\u043d\\u043e\\u0439 \\u0442\\u0435\\u043a\\u0441\\u0442\"]}}]"}}, {"model": "admin.logentry", "pk": 130, "fields": {"action_time": "2024-06-25T10:16:24.536Z", "user": [1], "content_type": ["blocks", "contentblock"], "object_id": "4", "object_repr": "Партнерам (Главная)", "action_flag": 2, "change_message": "[{\"changed\": {\"fields\": [\"\\u0421\\u0441\\u044b\\u043b\\u043a\\u0430 \\u0434\\u043b\\u044f \\u043a\\u043d\\u043e\\u043f\\u043a\\u0438\"]}}]"}}, {"model": "admin.logentry", "pk": 131, "fields": {"action_time": "2024-06-25T10:17:30.802Z", "user": [1], "content_type": ["blocks", "contentblock"], "object_id": "4", "object_repr": "Партнерам (Главная)", "action_flag": 2, "change_message": "[{\"changed\": {\"fields\": [\"\\u0421\\u0441\\u044b\\u043b\\u043a\\u0430 \\u0434\\u043b\\u044f \\u043a\\u043d\\u043e\\u043f\\u043a\\u0438\"]}}]"}}, {"model": "admin.logentry", "pk": 132, "fields": {"action_time": "2024-06-25T10:24:15.506Z", "user": [1], "content_type": ["blocks", "contentblock"], "object_id": "4", "object_repr": "Партнерам (Главная)", "action_flag": 2, "change_message": "[{\"changed\": {\"fields\": [\"\\u0421\\u0441\\u044b\\u043b\\u043a\\u0430 \\u0434\\u043b\\u044f \\u043a\\u043d\\u043e\\u043f\\u043a\\u0438\"]}}]"}}, {"model": "admin.logentry", "pk": 133, "fields": {"action_time": "2024-06-25T10:25:22.856Z", "user": [1], "content_type": ["blocks", "socialmediablock"], "object_id": "1", "object_repr": "подписка на соц сети", "action_flag": 2, "change_message": "[{\"changed\": {\"fields\": [\"\\u0412\\u0432\\u043e\\u0434\\u043d\\u044b\\u0439 \\u0442\\u0435\\u043a\\u0441\\u0442\"]}}]"}}, {"model": "admin.logentry", "pk": 134, "fields": {"action_time": "2024-06-25T10:35:34.312Z", "user": [1], "content_type": ["blocks", "socialmediablock"], "object_id": "1", "object_repr": "Соцсети (Главная)", "action_flag": 2, "change_message": "[{\"changed\": {\"fields\": [\"\\u0418\\u043c\\u044f\", \"\\u042f\\u043a\\u043e\\u0440\\u044c\", \"\\u0417\\u0430\\u0433\\u043e\\u043b\\u043e\\u0432\\u043e\\u043a\"]}}, {\"added\": {\"name\": \"\\u0421\\u043e\\u0446\\u0438\\u0430\\u043b\\u044c\\u043d\\u0430\\u044f \\u0441\\u0435\\u0442\\u044c\", \"object\": \"SocialMediaButton object (1)\"}}, {\"added\": {\"name\": \"\\u0421\\u043e\\u0446\\u0438\\u0430\\u043b\\u044c\\u043d\\u0430\\u044f \\u0441\\u0435\\u0442\\u044c\", \"object\": \"SocialMediaButton object (2)\"}}, {\"added\": {\"name\": \"\\u0421\\u043e\\u0446\\u0438\\u0430\\u043b\\u044c\\u043d\\u0430\\u044f \\u0441\\u0435\\u0442\\u044c\", \"object\": \"SocialMediaButton object (3)\"}}]"}}, {"model": "admin.logentry", "pk": 135, "fields": {"action_time": "2024-06-25T10:37:05.225Z", "user": [1], "content_type": ["blocks", "page"], "object_id": "4", "object_repr": "Главная", "action_flag": 2, "change_message": "[{\"changed\": {\"name\": \"\\u0411\\u043b\\u043e\\u043a\", \"object\": \"\\u0411\\u043e\\u043d\\u0443\\u0441 (\\u041f\\u0430\\u0440\\u0442\\u043d\\u0435\\u0440\\u0430\\u043c)\", \"fields\": [\"My order\"]}}, {\"changed\": {\"name\": \"\\u0411\\u043b\\u043e\\u043a\", \"object\": \"\\u0420\\u0435\\u0433\\u0438\\u0441\\u0442\\u0440\\u0430\\u0446\\u0438\\u044f \\u043f\\u043e\\u0434\\u0434\\u043e\\u043d (\\u041f\\u0430\\u0440\\u0442\\u043d\\u0435\\u0440\\u0430\\u043c)\", \"fields\": [\"My order\"]}}]"}}, {"model": "admin.logentry", "pk": 136, "fields": {"action_time": "2024-06-25T10:37:33.617Z", "user": [1], "content_type": ["blocks", "page"], "object_id": "4", "object_repr": "Главная", "action_flag": 2, "change_message": "[{\"changed\": {\"name\": \"\\u0411\\u043b\\u043e\\u043a\", \"object\": \"\\u0420\\u0435\\u0433\\u0438\\u0441\\u0442\\u0440\\u0430\\u0446\\u0438\\u044f \\u043f\\u043e\\u0434\\u0434\\u043e\\u043d (\\u041f\\u0430\\u0440\\u0442\\u043d\\u0435\\u0440\\u0430\\u043c)\", \"fields\": [\"My order\"]}}, {\"changed\": {\"name\": \"\\u0411\\u043b\\u043e\\u043a\", \"object\": \"\\u0411\\u043e\\u043d\\u0443\\u0441 (\\u041f\\u0430\\u0440\\u0442\\u043d\\u0435\\u0440\\u0430\\u043c)\", \"fields\": [\"My order\"]}}, {\"changed\": {\"name\": \"\\u0411\\u043b\\u043e\\u043a\", \"object\": \"FAQ\", \"fields\": [\"My order\"]}}]"}}, {"model": "admin.logentry", "pk": 137, "fields": {"action_time": "2024-06-25T10:38:17.240Z", "user": [1], "content_type": ["blocks", "socialmediablock"], "object_id": "1", "object_repr": "Соцсети (Главная)", "action_flag": 2, "change_message": "[{\"changed\": {\"name\": \"\\u0421\\u043e\\u0446\\u0438\\u0430\\u043b\\u044c\\u043d\\u0430\\u044f \\u0441\\u0435\\u0442\\u044c\", \"object\": \"SocialMediaButton object (1)\", \"fields\": [\"\\u0426\\u0432\\u0435\\u0442 \\u0444\\u043e\\u043d\\u0430\"]}}]"}}, {"model": "admin.logentry", "pk": 138, "fields": {"action_time": "2024-06-25T10:40:46.592Z", "user": [1], "content_type": ["blocks", "page"], "object_id": "4", "object_repr": "Главная", "action_flag": 2, "change_message": "[{\"changed\": {\"name\": \"\\u0411\\u043b\\u043e\\u043a\", \"object\": \"\\u041f\\u0430\\u0440\\u0442\\u043d\\u0435\\u0440\\u0430\\u043c (\\u0413\\u043b\\u0430\\u0432\\u043d\\u0430\\u044f)\", \"fields\": [\"My order\"]}}, {\"changed\": {\"name\": \"\\u0411\\u043b\\u043e\\u043a\", \"object\": \"\\u041f\\u0440\\u043e\\u043c\\u043e \\u0430\\u043a\\u0446\\u0438\\u0438\", \"fields\": [\"My order\"]}}, {\"changed\": {\"name\": \"\\u0411\\u043b\\u043e\\u043a\", \"object\": \"\\u0421\\u043e\\u0446\\u0441\\u0435\\u0442\\u0438 (\\u0413\\u043b\\u0430\\u0432\\u043d\\u0430\\u044f)\", \"fields\": [\"My order\"]}}]"}}, {"model": "admin.logentry", "pk": 139, "fields": {"action_time": "2024-06-25T10:49:37.428Z", "user": [1], "content_type": ["blocks", "socialmediablock"], "object_id": "1", "object_repr": "Соцсети (Главная)", "action_flag": 2, "change_message": "[{\"changed\": {\"fields\": [\"\\u0417\\u0430\\u0433\\u043e\\u043b\\u043e\\u0432\\u043e\\u043a\"]}}]"}}, {"model": "admin.logentry", "pk": 140, "fields": {"action_time": "2024-06-25T10:50:00.195Z", "user": [1], "content_type": ["blocks", "page"], "object_id": "4", "object_repr": "Главная", "action_flag": 2, "change_message": "[{\"changed\": {\"name\": \"\\u0411\\u043b\\u043e\\u043a\", \"object\": \"\\u0420\\u0435\\u0433\\u0438\\u0441\\u0442\\u0440\\u0430\\u0446\\u0438\\u044f \\u043f\\u043e\\u0434\\u0434\\u043e\\u043d (\\u041f\\u0430\\u0440\\u0442\\u043d\\u0435\\u0440\\u0430\\u043c)\", \"fields\": [\"My order\"]}}, {\"changed\": {\"name\": \"\\u0411\\u043b\\u043e\\u043a\", \"object\": \"\\u0411\\u043e\\u043d\\u0443\\u0441 (\\u041f\\u0430\\u0440\\u0442\\u043d\\u0435\\u0440\\u0430\\u043c)\", \"fields\": [\"My order\"]}}]"}}, {"model": "admin.logentry", "pk": 141, "fields": {"action_time": "2024-06-25T10:50:51.605Z", "user": [1], "content_type": ["blocks", "contentblock"], "object_id": "4", "object_repr": "Партнерам (Главная)", "action_flag": 2, "change_message": "[{\"added\": {\"name\": \"\\u041a\\u0430\\u0441\\u0442\\u043e\\u043c\\u043d\\u044b\\u0435 \\u0441\\u0442\\u0438\\u043b\\u0438\", \"object\": \"ContentCustomStyles object (4)\"}}]"}}, {"model": "admin.logentry", "pk": 142, "fields": {"action_time": "2024-06-25T11:00:58.061Z", "user": [1], "content_type": ["blocks", "featuresblock"], "object_id": "6", "object_repr": "Бонус (Главная)", "action_flag": 1, "change_message": "[{\"added\": {}}, {\"added\": {\"name\": \"feature\", \"object\": \"\\u041a\\u0430\\u043a \\u0432\\u0441\\u0435\\u0433\\u0434\\u0430 \\u0442\\u0440\\u0430\\u0442\\u0438\\u0442\\u044c \\u043d\\u0430 3,000-5,000\\u0440 \\u0432 \\u043c\\u0435\\u0441\\u044f\\u0446 \\u043c\\u0435\\u043d\\u044c\\u0448\\u0435 \\u043d\\u0435 \\u044d\\u043a\\u043e\\u043d\\u043e\\u043c\\u044f\"}}, {\"added\": {\"name\": \"feature\", \"object\": \"\\u041a\\u0430\\u043a \\u0441 \\u043f\\u043e\\u043c\\u043e\\u0449\\u044c\\u044e \\u043a\\u0440\\u0435\\u0434\\u0438\\u0442\\u043d\\u044b\\u0445 \\u043a\\u0430\\u0440\\u0442 \\u0437\\u0430\\u0440\\u0430\\u0431\\u0430\\u0442\\u044b\\u0432\\u0430\\u0442\\u044c \\u043f\\u043e 60,000\\u0440 \\u0438 \\u0431\\u043e\\u043b\\u0435\\u0435 \\u0432 \\u0433\\u043e\\u0434\"}}, {\"added\": {\"name\": \"feature\", \"object\": \"\\u041a\\u0430\\u043a \\u0440\\u0430\\u0437\\u043e\\u0432\\u043e \\u043f\\u043e\\u043b\\u0443\\u0447\\u0438\\u0442\\u044c 30,000-50,000\\u0440 \\u0447\\u0438\\u0441\\u0442\\u044b\\u043c\\u0438 \\u0437\\u0430 \\u0441\\u0447\\u0435\\u0442 \\u0431\\u0430\\u043d\\u043a\\u043e\\u0432\"}}, {\"added\": {\"name\": \"feature\", \"object\": \"\\u041a\\u0430\\u043a \\u043f\\u043e\\u0441\\u0442\\u043e\\u044f\\u043d\\u043d\\u043e \\u043f\\u043e\\u043a\\u0443\\u043f\\u0430\\u0442\\u044c \\u043f\\u0440\\u0438\\u0432\\u044b\\u0447\\u043d\\u044b\\u0435 \\u043f\\u0440\\u043e\\u0434\\u0443\\u043a\\u0442\\u044b \\u0441 20-30% \\u043a\\u044d\\u0448\\u0431\\u044d\\u043a\\u0430\"}}, {\"added\": {\"name\": \"feature\", \"object\": \"\\u041a\\u0430\\u043a \\u0434\\u0435\\u043b\\u0430\\u0442\\u044c \\u0431\\u043e\\u043b\\u0435\\u0435 200,000\\u0440 \\u0432 \\u0433\\u043e\\u0434, \\u0433\\u0440\\u0430\\u043c\\u043e\\u0442\\u043d\\u043e \\u0438\\u0441\\u043f\\u043e\\u043b\\u044c\\u0437\\u0443\\u044f \\u0431\\u0430\\u043d\\u043a\\u043e\\u0432\\u0441\\u043a\\u0438\\u0435 \\u043f\\u0440\\u043e\\u0434\\u0443\\u043a\\u0442\\u044b\"}}, {\"added\": {\"name\": \"feature\", \"object\": \"\\u041a\\u0430\\u043a \\u0437\\u0430 \\u043e\\u0434\\u043d\\u0443 \\u043d\\u0435\\u0434\\u0435\\u043b\\u044e \\u0441\\u043e\\u0437\\u0434\\u0430\\u0442\\u044c \\u043f\\u0430\\u0441\\u0441\\u0438\\u0432\\u043d\\u044b\\u0439 \\u0434\\u043e\\u0445\\u043e\\u0434 \\u0434\\u043e 700,000\\u0440 \\u0432 \\u043c\\u0435\\u0441\\u044f\\u0446\"}}]"}}, {"model": "admin.logentry", "pk": 143, "fields": {"action_time": "2024-06-25T11:01:16.195Z", "user": [1], "content_type": ["blocks", "page"], "object_id": "4", "object_repr": "Главная", "action_flag": 2, "change_message": "[{\"changed\": {\"name\": \"\\u0411\\u043b\\u043e\\u043a\", \"object\": \"\\u0411\\u043e\\u043d\\u0443\\u0441 (\\u0413\\u043b\\u0430\\u0432\\u043d\\u0430\\u044f)\", \"fields\": [\"\\u0411\\u043b\\u043e\\u043a\"]}}]"}}, {"model": "admin.logentry", "pk": 144, "fields": {"action_time": "2024-06-25T11:02:43.320Z", "user": [1], "content_type": ["blocks", "featuresblock"], "object_id": "6", "object_repr": "Бонус (Главная)", "action_flag": 2, "change_message": "[{\"added\": {\"name\": \"\\u041a\\u0430\\u0441\\u0442\\u043e\\u043c\\u043d\\u044b\\u0435 \\u0441\\u0442\\u0438\\u043b\\u0438\", \"object\": \"FeaturesCustomStyles object (6)\"}}]"}}, {"model": "admin.logentry", "pk": 145, "fields": {"action_time": "2024-06-25T11:03:56.597Z", "user": [1], "content_type": ["blocks", "featuresblock"], "object_id": "6", "object_repr": "Бонус (Главная)", "action_flag": 2, "change_message": "[{\"changed\": {\"fields\": [\"\\u0412\\u0432\\u043e\\u0434\\u043d\\u044b\\u0439 \\u0442\\u0435\\u043a\\u0441\\u0442\"]}}]"}}, {"model": "admin.logentry", "pk": 146, "fields": {"action_time": "2024-06-25T11:06:47.171Z", "user": [1], "content_type": ["blocks", "mainpagecatalogblock"], "object_id": "1", "object_repr": "Главная витрина", "action_flag": 2, "change_message": "[{\"added\": {\"name\": \"catalog product type\", \"object\": \"\\u0414\\u0435\\u0431\\u0435\\u0442\\u043e\\u0432\\u044b\\u0435 \\u043a\\u0430\\u0440\\u0442\\u044b \\u0441 \\u0431\\u043e\\u043d\\u0443\\u0441\\u043e\\u043c\"}}, {\"added\": {\"name\": \"catalog product type\", \"object\": \"\\u043a\\u0440\\u0435\\u0434\\u0438\\u0442\\u043d\\u044b\\u0435 \\u043a\\u0430\\u0440\\u0442\\u044b\"}}, {\"added\": {\"name\": \"catalog product type\", \"object\": \"\\u0414\\u0435\\u0431\\u0435\\u0442\\u043e\\u0432\\u044b\\u0435 \\u043a\\u0430\\u0440\\u0442\\u044b \\u0441 \\u0431\\u043e\\u043d\\u0443\\u0441\\u043e\\u043c\"}}, {\"added\": {\"name\": \"catalog product type\", \"object\": \"\\u043a\\u0440\\u0435\\u0434\\u0438\\u0442\\u043d\\u044b\\u0435 \\u043a\\u0430\\u0440\\u0442\\u044b\"}}]"}}, {"model": "admin.logentry", "pk": 147, "fields": {"action_time": "2024-06-25T11:10:33.232Z", "user": [1], "content_type": ["blocks", "page"], "object_id": "4", "object_repr": "Главная", "action_flag": 2, "change_message": "[{\"changed\": {\"name\": \"\\u0411\\u043b\\u043e\\u043a\", \"object\": \"\\u041f\\u0440\\u043e\\u043c\\u043e \\u0430\\u043a\\u0446\\u0438\\u0438\", \"fields\": [\"My order\"]}}, {\"changed\": {\"name\": \"\\u0411\\u043b\\u043e\\u043a\", \"object\": \"\\u0421\\u043e\\u0446\\u0441\\u0435\\u0442\\u0438 (\\u0413\\u043b\\u0430\\u0432\\u043d\\u0430\\u044f)\", \"fields\": [\"My order\"]}}]"}}, {"model": "admin.logentry", "pk": 148, "fields": {"action_time": "2024-06-25T11:11:24.092Z", "user": [1], "content_type": ["blocks", "page"], "object_id": "4", "object_repr": "Главная", "action_flag": 2, "change_message": "[{\"changed\": {\"name\": \"\\u0411\\u043b\\u043e\\u043a\", \"object\": \"FAQ\", \"fields\": [\"My order\"]}}, {\"changed\": {\"name\": \"\\u0411\\u043b\\u043e\\u043a\", \"object\": \"\\u0411\\u043e\\u043d\\u0443\\u0441 (\\u0413\\u043b\\u0430\\u0432\\u043d\\u0430\\u044f)\", \"fields\": [\"My order\"]}}, {\"changed\": {\"name\": \"\\u0411\\u043b\\u043e\\u043a\", \"object\": \"\\u0420\\u0435\\u0433\\u0438\\u0441\\u0442\\u0440\\u0430\\u0446\\u0438\\u044f \\u043f\\u043e\\u0434\\u0434\\u043e\\u043d (\\u041f\\u0430\\u0440\\u0442\\u043d\\u0435\\u0440\\u0430\\u043c)\", \"fields\": [\"My order\"]}}, {\"deleted\": {\"name\": \"\\u0411\\u043b\\u043e\\u043a\", \"object\": \"\\u0420\\u0435\\u0433\\u0438\\u0441\\u0442\\u0440\\u0430\\u0446\\u0438\\u044f \\u0444\\u0438\\u043d\\u0430\\u043b (\\u041f\\u0430\\u0440\\u0442\\u043d\\u0435\\u0440\\u0430\\u043c)\"}}]"}}, {"model": "admin.logentry", "pk": 149, "fields": {"action_time": "2024-06-25T11:13:28.616Z", "user": [1], "content_type": ["blocks", "mainpagecatalogblock"], "object_id": "2", "object_repr": "Дополнительная витрина", "action_flag": 2, "change_message": "[{\"added\": {\"name\": \"\\u041a\\u0430\\u0441\\u0442\\u043e\\u043c\\u043d\\u044b\\u0435 \\u0441\\u0442\\u0438\\u043b\\u0438\", \"object\": \"MainPageCatalogCustomStyles object (2)\"}}]"}}, {"model": "admin.logentry", "pk": 150, "fields": {"action_time": "2024-06-25T11:13:53.609Z", "user": [1], "content_type": ["blocks", "mainpagecatalogblock"], "object_id": "2", "object_repr": "Дополнительная витрина", "action_flag": 2, "change_message": "[{\"changed\": {\"name\": \"\\u041a\\u0430\\u0441\\u0442\\u043e\\u043c\\u043d\\u044b\\u0435 \\u0441\\u0442\\u0438\\u043b\\u0438\", \"object\": \"MainPageCatalogCustomStyles object (2)\", \"fields\": [\"\\u041a\\u043e\\u043b\\u0438\\u0447\\u0435\\u0441\\u0442\\u0432\\u043e \\u043a\\u043e\\u043b\\u043e\\u043d\\u043e\\u043a\", \"\\u0414\\u043e\\u0431\\u0430\\u0432\\u043b\\u044f\\u0442\\u044c \\u043a\\u043d\\u043e\\u043f\\u043a\\u0443 \\u043a \\u043a\\u0430\\u0440\\u0442\\u043e\\u0447\\u043a\\u0435\"]}}]"}}, {"model": "admin.logentry", "pk": 151, "fields": {"action_time": "2024-06-25T11:14:25.172Z", "user": [1], "content_type": ["blocks", "page"], "object_id": "4", "object_repr": "Главная", "action_flag": 2, "change_message": "[{\"deleted\": {\"name\": \"\\u0411\\u043b\\u043e\\u043a\", \"object\": \"\\u0414\\u043e\\u043f\\u043e\\u043b\\u043d\\u0438\\u0442\\u0435\\u043b\\u044c\\u043d\\u0430\\u044f \\u0432\\u0438\\u0442\\u0440\\u0438\\u043d\\u0430\"}}]"}}, {"model": "admin.logentry", "pk": 152, "fields": {"action_time": "2024-06-25T11:29:13.412Z", "user": [1], "content_type": ["blocks", "cover"], "object_id": "3", "object_repr": "Обложка (Главная)", "action_flag": 2, "change_message": "[{\"changed\": {\"fields\": [\"\\u041a\\u0430\\u0440\\u0442\\u0438\\u043d\\u043a\\u0430(\\u0434\\u0435\\u0441\\u043a\\u0442\\u043e\\u043f)\"]}}]"}}, {"model": "admin.logentry", "pk": 153, "fields": {"action_time": "2024-06-25T11:30:09.949Z", "user": [1], "content_type": ["blocks", "cover"], "object_id": "3", "object_repr": "Обложка (Главная)", "action_flag": 2, "change_message": "[{\"changed\": {\"fields\": [\"\\u041e\\u0441\\u043d\\u043e\\u0432\\u043d\\u043e\\u0439 \\u0442\\u0435\\u043a\\u0441\\u0442\"]}}]"}}, {"model": "admin.logentry", "pk": 154, "fields": {"action_time": "2024-06-25T11:30:37.393Z", "user": [1], "content_type": ["blocks", "socialmediablock"], "object_id": "1", "object_repr": "Соцсети (Главная)", "action_flag": 2, "change_message": "[{\"changed\": {\"fields\": [\"\\u0417\\u0430\\u0433\\u043e\\u043b\\u043e\\u0432\\u043e\\u043a\"]}}]"}}, {"model": "admin.logentry", "pk": 155, "fields": {"action_time": "2024-06-25T11:31:17.305Z", "user": [1], "content_type": ["blocks", "mainpagecatalogblock"], "object_id": "1", "object_repr": "Главная витрина", "action_flag": 2, "change_message": "[{\"changed\": {\"fields\": [\"\\u0417\\u0430\\u0433\\u043e\\u043b\\u043e\\u0432\\u043e\\u043a\"]}}]"}}, {"model": "admin.logentry", "pk": 156, "fields": {"action_time": "2024-06-25T11:47:45.702Z", "user": [1], "content_type": ["blocks", "cover"], "object_id": "3", "object_repr": "Обложка (Главная)", "action_flag": 2, "change_message": "[{\"changed\": {\"fields\": [\"\\u041a\\u0430\\u0440\\u0442\\u0438\\u043d\\u043a\\u0430(\\u0441\\u043c\\u0430\\u0440\\u0442\\u0444\\u043e\\u043d)\"]}}]"}}, {"model": "admin.logentry", "pk": 157, "fields": {"action_time": "2024-06-25T11:48:02.315Z", "user": [1], "content_type": ["blocks", "cover"], "object_id": "3", "object_repr": "Обложка (Главная)", "action_flag": 2, "change_message": "[{\"changed\": {\"fields\": [\"\\u0422\\u0435\\u043a\\u0441\\u0442 \\u0432\\u0442\\u043e\\u0440\\u043e\\u0439 \\u043a\\u043d\\u043e\\u043f\\u043a\\u0438\"]}}]"}}, {"model": "admin.logentry", "pk": 158, "fields": {"action_time": "2024-06-25T12:27:03.701Z", "user": [1], "content_type": ["blocks", "featuresblock"], "object_id": "7", "object_repr": "Бонус 2 (Главная)", "action_flag": 1, "change_message": "[{\"added\": {}}, {\"added\": {\"name\": \"feature\", \"object\": \"\\u041a\\u0430\\u043a \\u0432\\u0441\\u0435\\u0433\\u0434\\u0430 \\u0442\\u0440\\u0430\\u0442\\u0438\\u0442\\u044c \\u043d\\u0430 3,000-5,000\\u0440 \\u0432 \\u043c\\u0435\\u0441\\u044f\\u0446 \\u043c\\u0435\\u043d\\u044c\\u0448\\u0435 \\u043d\\u0435 \\u044d\\u043a\\u043e\\u043d\\u043e\\u043c\\u044f\"}}, {\"added\": {\"name\": \"feature\", \"object\": \"\\u041a\\u0430\\u043a \\u0441 \\u043f\\u043e\\u043c\\u043e\\u0449\\u044c\\u044e \\u043a\\u0440\\u0435\\u0434\\u0438\\u0442\\u043d\\u044b\\u0445 \\u043a\\u0430\\u0440\\u0442 \\u0437\\u0430\\u0440\\u0430\\u0431\\u0430\\u0442\\u044b\\u0432\\u0430\\u0442\\u044c \\u043f\\u043e 60,000\\u0440 \\u0438 \\u0431\\u043e\\u043b\\u0435\\u0435 \\u0432 \\u0433\\u043e\\u0434\"}}, {\"added\": {\"name\": \"feature\", \"object\": \"\\u041a\\u0430\\u043a \\u0440\\u0430\\u0437\\u043e\\u0432\\u043e \\u043f\\u043e\\u043b\\u0443\\u0447\\u0438\\u0442\\u044c 30,000-50,000\\u0440 \\u0447\\u0438\\u0441\\u0442\\u044b\\u043c\\u0438 \\u0437\\u0430 \\u0441\\u0447\\u0435\\u0442 \\u0431\\u0430\\u043d\\u043a\\u043e\\u0432\"}}, {\"added\": {\"name\": \"feature\", \"object\": \"\\u041a\\u0430\\u043a \\u043f\\u043e\\u0441\\u0442\\u043e\\u044f\\u043d\\u043d\\u043e \\u043f\\u043e\\u043a\\u0443\\u043f\\u0430\\u0442\\u044c \\u043f\\u0440\\u0438\\u0432\\u044b\\u0447\\u043d\\u044b\\u0435 \\u043f\\u0440\\u043e\\u0434\\u0443\\u043a\\u0442\\u044b \\u0441 20-30% \\u043a\\u044d\\u0448\\u0431\\u044d\\u043a\\u0430\"}}, {\"added\": {\"name\": \"feature\", \"object\": \"\\u041a\\u0430\\u043a \\u0434\\u0435\\u043b\\u0430\\u0442\\u044c \\u0431\\u043e\\u043b\\u0435\\u0435 200,000\\u0440 \\u0432 \\u0433\\u043e\\u0434, \\u0433\\u0440\\u0430\\u043c\\u043e\\u0442\\u043d\\u043e \\u0438\\u0441\\u043f\\u043e\\u043b\\u044c\\u0437\\u0443\\u044f \\u0431\\u0430\\u043d\\u043a\\u043e\\u0432\\u0441\\u043a\\u0438\\u0435 \\u043f\\u0440\\u043e\\u0434\\u0443\\u043a\\u0442\\u044b\"}}, {\"added\": {\"name\": \"feature\", \"object\": \"\\u041a\\u0430\\u043a \\u0437\\u0430 \\u043e\\u0434\\u043d\\u0443 \\u043d\\u0435\\u0434\\u0435\\u043b\\u044e \\u0441\\u043e\\u0437\\u0434\\u0430\\u0442\\u044c \\u043f\\u0430\\u0441\\u0441\\u0438\\u0432\\u043d\\u044b\\u0439 \\u0434\\u043e\\u0445\\u043e\\u0434 \\u0434\\u043e 700,000\\u0440 \\u0432 \\u043c\\u0435\\u0441\\u044f\\u0446\"}}]"}}, {"model": "admin.logentry", "pk": 159, "fields": {"action_time": "2024-06-25T12:27:49.855Z", "user": [1], "content_type": ["blocks", "featuresblock"], "object_id": "7", "object_repr": "Бонус 2 (Главная)", "action_flag": 2, "change_message": "[{\"added\": {\"name\": \"\\u041a\\u0430\\u0441\\u0442\\u043e\\u043c\\u043d\\u044b\\u0435 \\u0441\\u0442\\u0438\\u043b\\u0438\", \"object\": \"FeaturesCustomStyles object (7)\"}}]"}}, {"model": "admin.logentry", "pk": 160, "fields": {"action_time": "2024-06-25T12:28:05.837Z", "user": [1], "content_type": ["blocks", "page"], "object_id": "4", "object_repr": "Главная", "action_flag": 2, "change_message": "[{\"changed\": {\"name\": \"\\u0411\\u043b\\u043e\\u043a\", \"object\": \"\\u0411\\u043e\\u043d\\u0443\\u0441 2 (\\u0413\\u043b\\u0430\\u0432\\u043d\\u0430\\u044f)\", \"fields\": [\"\\u0411\\u043b\\u043e\\u043a\"]}}]"}}, {"model": "admin.logentry", "pk": 161, "fields": {"action_time": "2024-06-25T12:28:26.115Z", "user": [1], "content_type": ["blocks", "featuresblock"], "object_id": "7", "object_repr": "Бонус 2 (Главная)", "action_flag": 2, "change_message": "[{\"changed\": {\"name\": \"\\u041a\\u0430\\u0441\\u0442\\u043e\\u043c\\u043d\\u044b\\u0435 \\u0441\\u0442\\u0438\\u043b\\u0438\", \"object\": \"FeaturesCustomStyles object (7)\", \"fields\": [\"\\u0428\\u0438\\u0440\\u0438\\u043d\\u0430 \\u0438\\u043a\\u043e\\u043d\\u043e\\u043a\", \"\\u0412\\u044b\\u0441\\u043e\\u0442\\u0430 \\u0438\\u043a\\u043e\\u043d\\u043e\\u043a\"]}}]"}}, {"model": "admin.logentry", "pk": 162, "fields": {"action_time": "2024-06-25T13:15:47.055Z", "user": [1], "content_type": ["catalog", "catalogpagetemplate"], "object_id": "1", "object_repr": "Шаблон каталога", "action_flag": 2, "change_message": "[{\"changed\": {\"fields\": [\"\\u0417\\u0430\\u0433\\u043e\\u043b\\u043e\\u0432\\u043e\\u043a\"]}}]"}}, {"model": "admin.logentry", "pk": 163, "fields": {"action_time": "2024-06-25T13:18:07.846Z", "user": [1], "content_type": ["catalog", "catalogpagetemplate"], "object_id": "1", "object_repr": "Шаблон каталога", "action_flag": 2, "change_message": "[{\"added\": {\"name\": \"\\u0411\\u043b\\u043e\\u043a\", \"object\": \"\\u0411\\u043e\\u043d\\u0443\\u0441 (\\u0413\\u043b\\u0430\\u0432\\u043d\\u0430\\u044f)\"}}, {\"added\": {\"name\": \"\\u0411\\u043b\\u043e\\u043a\", \"object\": \"\\u0420\\u0435\\u0433\\u0438\\u0441\\u0442\\u0440\\u0430\\u0446\\u0438\\u044f \\u0433\\u043b\\u0430\\u0432\\u043d\\u0430\\u044f (\\u041f\\u0430\\u0440\\u0442\\u043d\\u0435\\u0440\\u0430\\u043c)\"}}]"}}, {"model": "admin.logentry", "pk": 164, "fields": {"action_time": "2024-06-25T13:18:33.655Z", "user": [1], "content_type": ["catalog", "producttype"], "object_id": "1", "object_repr": "Дебетовые карты с бонусом", "action_flag": 2, "change_message": "[{\"changed\": {\"fields\": [\"URL\"]}}]"}}, {"model": "admin.logentry", "pk": 165, "fields": {"action_time": "2024-06-25T13:20:54.504Z", "user": [1], "content_type": ["blocks", "cover"], "object_id": "2", "object_repr": "Обложка-заглушка (Каталог)", "action_flag": 2, "change_message": "[{\"changed\": {\"fields\": [\"\\u0418\\u043c\\u044f\", \"\\u041e\\u0441\\u043d\\u043e\\u0432\\u043d\\u043e\\u0439 \\u0442\\u0435\\u043a\\u0441\\u0442\", \"\\u0422\\u0435\\u043a\\u0441\\u0442 \\u0432\\u0442\\u043e\\u0440\\u043e\\u0439 \\u043a\\u043d\\u043e\\u043f\\u043a\\u0438\", \"\\u0421\\u0441\\u044b\\u043b\\u043a\\u0430 \\u0434\\u043b\\u044f \\u0432\\u0442\\u043e\\u0440\\u043e\\u0439 \\u043a\\u043d\\u043e\\u043f\\u043a\\u0438\"]}}]"}}, {"model": "admin.logentry", "pk": 166, "fields": {"action_time": "2024-06-25T13:22:26.461Z", "user": [1], "content_type": ["blocks", "featuresblock"], "object_id": "6", "object_repr": "Бонус (Каталог)", "action_flag": 2, "change_message": "[{\"changed\": {\"fields\": [\"\\u0418\\u043c\\u044f\", \"\\u0417\\u0430\\u0433\\u043e\\u043b\\u043e\\u0432\\u043e\\u043a\"]}}]"}}, {"model": "admin.logentry", "pk": 167, "fields": {"action_time": "2024-06-25T13:23:16.178Z", "user": [1], "content_type": ["blocks", "page"], "object_id": "5", "object_repr": "Партнерам", "action_flag": 2, "change_message": "[{\"deleted\": {\"name\": \"\\u0411\\u043b\\u043e\\u043a\", \"object\": \"\\u041f\\u0440\\u043e\\u043c\\u043e \\u0430\\u043a\\u0446\\u0438\\u0438\"}}, {\"deleted\": {\"name\": \"\\u0411\\u043b\\u043e\\u043a\", \"object\": \"\\u0413\\u043b\\u0430\\u0432\\u043d\\u0430\\u044f \\u0432\\u0438\\u0442\\u0440\\u0438\\u043d\\u0430\"}}]"}}, {"model": "admin.logentry", "pk": 168, "fields": {"action_time": "2024-06-25T13:27:09.782Z", "user": [1], "content_type": ["blocks", "cover"], "object_id": "4", "object_repr": "Обложка каталога (Дебетовые+бонус)", "action_flag": 1, "change_message": "[{\"added\": {}}]"}}, {"model": "admin.logentry", "pk": 169, "fields": {"action_time": "2024-06-25T13:28:46.597Z", "user": [1], "content_type": ["catalog", "producttype"], "object_id": "1", "object_repr": "Дебетовые карты с бонусом", "action_flag": 2, "change_message": "[{\"changed\": {\"fields\": [\"\\u0411\\u043b\\u043e\\u043a \\u043e\\u0431\\u043b\\u043e\\u0436\\u043a\\u0438\", \"\\u0410\\u043d\\u043d\\u043e\\u0442\\u0430\\u0446\\u0438\\u044f\"]}}]"}}, {"model": "admin.logentry", "pk": 170, "fields": {"action_time": "2024-06-25T13:28:46.724Z", "user": [1], "content_type": ["catalog", "producttype"], "object_id": "1", "object_repr": "Дебетовые карты с бонусом", "action_flag": 2, "change_message": "[]"}}, {"model": "admin.logentry", "pk": 171, "fields": {"action_time": "2024-06-25T13:30:00.659Z", "user": [1], "content_type": ["blocks", "cover"], "object_id": "4", "object_repr": "Обложка каталога (Дебетовые+бонус)", "action_flag": 2, "change_message": "[{\"added\": {\"name\": \"\\u041a\\u0430\\u0441\\u0442\\u043e\\u043c\\u043d\\u044b\\u0435 \\u0441\\u0442\\u0438\\u043b\\u0438\", \"object\": \"CoverCustomStyles object (3)\"}}]"}}, {"model": "admin.logentry", "pk": 172, "fields": {"action_time": "2024-06-25T13:30:55.611Z", "user": [1], "content_type": ["blocks", "cover"], "object_id": "2", "object_repr": "Заглушка (Каталог)", "action_flag": 2, "change_message": "[{\"changed\": {\"fields\": [\"\\u0418\\u043c\\u044f\"]}}]"}}, {"model": "admin.logentry", "pk": 173, "fields": {"action_time": "2024-06-25T13:31:10.174Z", "user": [1], "content_type": ["blocks", "cover"], "object_id": "2", "object_repr": "Обложка-заглушка (Каталог)", "action_flag": 2, "change_message": "[{\"changed\": {\"fields\": [\"\\u0418\\u043c\\u044f\"]}}]"}}, {"model": "admin.logentry", "pk": 174, "fields": {"action_time": "2024-06-25T13:32:12.607Z", "user": [1], "content_type": ["blocks", "featuresblock"], "object_id": "7", "object_repr": "Бонус (Главная)", "action_flag": 2, "change_message": "[{\"changed\": {\"fields\": [\"\\u0418\\u043c\\u044f\"]}}]"}}, {"model": "admin.logentry", "pk": 175, "fields": {"action_time": "2024-06-25T13:32:34.916Z", "user": [1], "content_type": ["blocks", "featuresblock"], "object_id": "2", "object_repr": "второй блок с фичами", "action_flag": 3, "change_message": ""}}, {"model": "admin.logentry", "pk": 176, "fields": {"action_time": "2024-06-25T13:41:48.844Z", "user": [1], "content_type": ["catalog", "organizationtype"], "object_id": "2", "object_repr": "Брокерская компания", "action_flag": 1, "change_message": "[{\"added\": {}}]"}}, {"model": "admin.logentry", "pk": 177, "fields": {"action_time": "2024-06-25T13:41:55.392Z", "user": [1], "content_type": ["catalog", "organizationtype"], "object_id": "3", "object_repr": "Страховая компания", "action_flag": 1, "change_message": "[{\"added\": {}}]"}}, {"model": "admin.logentry", "pk": 178, "fields": {"action_time": "2024-06-25T13:42:02.064Z", "user": [1], "content_type": ["catalog", "organizationtype"], "object_id": "4", "object_repr": "МФО", "action_flag": 1, "change_message": "[{\"added\": {}}]"}}, {"model": "admin.logentry", "pk": 179, "fields": {"action_time": "2024-06-25T13:42:10.986Z", "user": [1], "content_type": ["catalog", "organizationtype"], "object_id": "2", "object_repr": "Брокер", "action_flag": 2, "change_message": "[{\"changed\": {\"fields\": [\"\\u041d\\u0430\\u0437\\u0432\\u0430\\u043d\\u0438\\u0435\"]}}]"}}, {"model": "admin.logentry", "pk": 180, "fields": {"action_time": "2024-06-25T13:42:28.287Z", "user": [1], "content_type": ["catalog", "producttype"], "object_id": "1", "object_repr": "Дебетовые карты с бонусом", "action_flag": 2, "change_message": "[]"}}, {"model": "admin.logentry", "pk": 181, "fields": {"action_time": "2024-06-25T13:44:35.610Z", "user": [1], "content_type": ["catalog", "producttype"], "object_id": "9", "object_repr": "Кредитные карты с бонусом", "action_flag": 1, "change_message": "[{\"added\": {}}]"}}, {"model": "admin.logentry", "pk": 182, "fields": {"action_time": "2024-06-25T13:44:52.637Z", "user": [1], "content_type": ["catalog", "producttype"], "object_id": "8", "object_repr": "кредитные карты", "action_flag": 3, "change_message": ""}}, {"model": "admin.logentry", "pk": 183, "fields": {"action_time": "2024-06-25T13:45:23.164Z", "user": [1], "content_type": ["blocks", "mainpagecatalogblock"], "object_id": "1", "object_repr": "Главная витрина", "action_flag": 2, "change_message": "[{\"changed\": {\"name\": \"catalog product type\", \"object\": \"\\u041a\\u0440\\u0435\\u0434\\u0438\\u0442\\u043d\\u044b\\u0435 \\u043a\\u0430\\u0440\\u0442\\u044b \\u0441 \\u0431\\u043e\\u043d\\u0443\\u0441\\u043e\\u043c\", \"fields\": [\"\\u041f\\u0440\\u043e\\u0434\\u0443\\u043a\\u0442\"]}}, {\"changed\": {\"name\": \"catalog product type\", \"object\": \"\\u041a\\u0440\\u0435\\u0434\\u0438\\u0442\\u043d\\u044b\\u0435 \\u043a\\u0430\\u0440\\u0442\\u044b \\u0441 \\u0431\\u043e\\u043d\\u0443\\u0441\\u043e\\u043c\", \"fields\": [\"\\u041f\\u0440\\u043e\\u0434\\u0443\\u043a\\u0442\"]}}, {\"changed\": {\"name\": \"catalog product type\", \"object\": \"\\u041a\\u0440\\u0435\\u0434\\u0438\\u0442\\u043d\\u044b\\u0435 \\u043a\\u0430\\u0440\\u0442\\u044b \\u0441 \\u0431\\u043e\\u043d\\u0443\\u0441\\u043e\\u043c\", \"fields\": [\"\\u041f\\u0440\\u043e\\u0434\\u0443\\u043a\\u0442\"]}}]"}}, {"model": "admin.logentry", "pk": 184, "fields": {"action_time": "2024-06-25T13:47:28.931Z", "user": [1], "content_type": ["blocks", "catalogblock"], "object_id": "1", "object_repr": "Каталог (Дебетовые карты с бонусом)", "action_flag": 2, "change_message": "[{\"changed\": {\"fields\": [\"\\u0418\\u043c\\u044f\", \"\\u042f\\u043a\\u043e\\u0440\\u044c\", \"\\u0417\\u0430\\u0433\\u043e\\u043b\\u043e\\u0432\\u043e\\u043a\", \"\\u0422\\u0435\\u043a\\u0441\\u0442 \\u043a\\u043d\\u043e\\u043f\\u043a\\u0438\", \"\\u0412\\u0432\\u0435\\u0434\\u0435\\u043d\\u0438\\u0435\"]}}]"}}, {"model": "admin.logentry", "pk": 185, "fields": {"action_time": "2024-06-25T13:49:21.877Z", "user": [1], "content_type": ["catalog", "producttype"], "object_id": "1", "object_repr": "Дебетовые карты с бонусом", "action_flag": 2, "change_message": "[{\"changed\": {\"fields\": [\"\\u0410\\u043d\\u043d\\u043e\\u0442\\u0430\\u0446\\u0438\\u044f\"]}}]"}}, {"model": "admin.logentry", "pk": 186, "fields": {"action_time": "2024-06-25T13:50:50.412Z", "user": [1], "content_type": ["catalog", "producttype"], "object_id": "1", "object_repr": "Дебетовые карты с бонусом", "action_flag": 2, "change_message": "[{\"changed\": {\"fields\": [\"\\u0410\\u043d\\u043d\\u043e\\u0442\\u0430\\u0446\\u0438\\u044f\"]}}]"}}, {"model": "admin.logentry", "pk": 187, "fields": {"action_time": "2024-06-25T13:51:39.540Z", "user": [1], "content_type": ["catalog", "producttype"], "object_id": "1", "object_repr": "Дебетовые карты с бонусом", "action_flag": 2, "change_message": "[{\"changed\": {\"fields\": [\"\\u0410\\u043d\\u043d\\u043e\\u0442\\u0430\\u0446\\u0438\\u044f\"]}}]"}}, {"model": "admin.logentry", "pk": 188, "fields": {"action_time": "2024-06-25T13:52:13.650Z", "user": [1], "content_type": ["catalog", "producttype"], "object_id": "1", "object_repr": "Дебетовые карты с бонусом", "action_flag": 2, "change_message": "[{\"changed\": {\"fields\": [\"\\u0410\\u043d\\u043d\\u043e\\u0442\\u0430\\u0446\\u0438\\u044f\"]}}]"}}, {"model": "admin.logentry", "pk": 189, "fields": {"action_time": "2024-06-25T14:24:11.445Z", "user": [1], "content_type": ["blocks", "contentblock"], "object_id": "5", "object_repr": "Партнерам (Каталог)", "action_flag": 1, "change_message": "[{\"added\": {}}]"}}, {"model": "admin.logentry", "pk": 190, "fields": {"action_time": "2024-06-25T14:24:49.164Z", "user": [1], "content_type": ["catalog", "catalogpagetemplate"], "object_id": "1", "object_repr": "Шаблон каталога", "action_flag": 2, "change_message": "[{\"added\": {\"name\": \"\\u0411\\u043b\\u043e\\u043a\", \"object\": \"\\u041f\\u0430\\u0440\\u0442\\u043d\\u0435\\u0440\\u0430\\u043c (\\u041a\\u0430\\u0442\\u0430\\u043b\\u043e\\u0433)\"}}]"}}, {"model": "admin.logentry", "pk": 191, "fields": {"action_time": "2024-06-25T14:24:57.385Z", "user": [1], "content_type": ["catalog", "catalogpagetemplate"], "object_id": "1", "object_repr": "Шаблон каталога", "action_flag": 2, "change_message": "[{\"changed\": {\"name\": \"\\u0411\\u043b\\u043e\\u043a\", \"object\": \"\\u0411\\u043e\\u043d\\u0443\\u0441 (\\u041a\\u0430\\u0442\\u0430\\u043b\\u043e\\u0433)\", \"fields\": [\"My order\"]}}, {\"changed\": {\"name\": \"\\u0411\\u043b\\u043e\\u043a\", \"object\": \"\\u0420\\u0435\\u0433\\u0438\\u0441\\u0442\\u0440\\u0430\\u0446\\u0438\\u044f \\u0433\\u043b\\u0430\\u0432\\u043d\\u0430\\u044f (\\u041f\\u0430\\u0440\\u0442\\u043d\\u0435\\u0440\\u0430\\u043c)\", \"fields\": [\"My order\"]}}, {\"changed\": {\"name\": \"\\u0411\\u043b\\u043e\\u043a\", \"object\": \"\\u041f\\u0430\\u0440\\u0442\\u043d\\u0435\\u0440\\u0430\\u043c (\\u041a\\u0430\\u0442\\u0430\\u043b\\u043e\\u0433)\", \"fields\": [\"My order\"]}}]"}}, {"model": "admin.logentry", "pk": 192, "fields": {"action_time": "2024-06-25T14:59:38.280Z", "user": [1], "content_type": ["blocks", "contentblock"], "object_id": "5", "object_repr": "Партнерам (Каталог)", "action_flag": 2, "change_message": "[{\"changed\": {\"fields\": [\"\\u0417\\u0430\\u0433\\u043e\\u043b\\u043e\\u0432\\u043e\\u043a\"]}}]"}}, {"model": "admin.logentry", "pk": 193, "fields": {"action_time": "2024-06-25T15:03:44.857Z", "user": [1], "content_type": ["blocks", "contentblock"], "object_id": "5", "object_repr": "Партнерам (Каталог)", "action_flag": 2, "change_message": "[{\"changed\": {\"fields\": [\"\\u041e\\u0441\\u043d\\u043e\\u0432\\u043d\\u043e\\u0439 \\u0442\\u0435\\u043a\\u0441\\u0442\"]}}]"}}, {"model": "admin.logentry", "pk": 194, "fields": {"action_time": "2024-06-25T15:07:31.286Z", "user": [1], "content_type": ["catalog", "catalogpagetemplate"], "object_id": "1", "object_repr": "Шаблон каталога", "action_flag": 2, "change_message": "[{\"added\": {\"name\": \"\\u0411\\u043b\\u043e\\u043a\", \"object\": \"\\u0421\\u043e\\u0446\\u0441\\u0435\\u0442\\u0438 (\\u0413\\u043b\\u0430\\u0432\\u043d\\u0430\\u044f)\"}}]"}}, {"model": "admin.logentry", "pk": 195, "fields": {"action_time": "2024-06-25T15:08:02.426Z", "user": [1], "content_type": ["catalog", "catalogpagetemplate"], "object_id": "1", "object_repr": "Шаблон каталога", "action_flag": 2, "change_message": "[{\"added\": {\"name\": \"\\u0411\\u043b\\u043e\\u043a\", \"object\": \"\\u0420\\u0435\\u0433\\u0438\\u0441\\u0442\\u0440\\u0430\\u0446\\u0438\\u044f \\u0446\\u0435\\u043d\\u0442\\u0440 (\\u041f\\u0430\\u0440\\u0442\\u043d\\u0435\\u0440\\u0430\\u043c)\"}}, {\"changed\": {\"name\": \"\\u0411\\u043b\\u043e\\u043a\", \"object\": \"\\u041a\\u0430\\u0442\\u0430\\u043b\\u043e\\u0433 (\\u0414\\u0435\\u0431\\u0435\\u0442\\u043e\\u0432\\u044b\\u0435 \\u043a\\u0430\\u0440\\u0442\\u044b \\u0441 \\u0431\\u043e\\u043d\\u0443\\u0441\\u043e\\u043c)\", \"fields\": [\"My order\"]}}, {\"changed\": {\"name\": \"\\u0411\\u043b\\u043e\\u043a\", \"object\": \"\\u041f\\u0430\\u0440\\u0442\\u043d\\u0435\\u0440\\u0430\\u043c (\\u041a\\u0430\\u0442\\u0430\\u043b\\u043e\\u0433)\", \"fields\": [\"My order\"]}}, {\"changed\": {\"name\": \"\\u0411\\u043b\\u043e\\u043a\", \"object\": \"\\u0411\\u043e\\u043d\\u0443\\u0441 (\\u041a\\u0430\\u0442\\u0430\\u043b\\u043e\\u0433)\", \"fields\": [\"My order\"]}}, {\"changed\": {\"name\": \"\\u0411\\u043b\\u043e\\u043a\", \"object\": \"\\u0420\\u0435\\u0433\\u0438\\u0441\\u0442\\u0440\\u0430\\u0446\\u0438\\u044f \\u0433\\u043b\\u0430\\u0432\\u043d\\u0430\\u044f (\\u041f\\u0430\\u0440\\u0442\\u043d\\u0435\\u0440\\u0430\\u043c)\", \"fields\": [\"My order\"]}}, {\"changed\": {\"name\": \"\\u0411\\u043b\\u043e\\u043a\", \"object\": \"\\u0421\\u043e\\u0446\\u0441\\u0435\\u0442\\u0438 (\\u0413\\u043b\\u0430\\u0432\\u043d\\u0430\\u044f)\", \"fields\": [\"My order\"]}}]"}}, {"model": "admin.logentry", "pk": 196, "fields": {"action_time": "2024-06-25T15:08:09.673Z", "user": [1], "content_type": ["catalog", "catalogpagetemplate"], "object_id": "1", "object_repr": "Шаблон каталога", "action_flag": 2, "change_message": "[{\"added\": {\"name\": \"\\u0411\\u043b\\u043e\\u043a\", \"object\": \"FAQ\"}}]"}}, {"model": "admin.logentry", "pk": 197, "fields": {"action_time": "2024-06-25T15:09:54.947Z", "user": [1], "content_type": ["catalog", "catalogpagetemplate"], "object_id": "1", "object_repr": "Шаблон каталога", "action_flag": 2, "change_message": "[{\"changed\": {\"name\": \"\\u0411\\u043b\\u043e\\u043a\", \"object\": \"\\u0420\\u0435\\u0433\\u0438\\u0441\\u0442\\u0440\\u0430\\u0446\\u0438\\u044f \\u043f\\u043e\\u0434\\u0434\\u043e\\u043d (\\u041f\\u0430\\u0440\\u0442\\u043d\\u0435\\u0440\\u0430\\u043c)\", \"fields\": [\"\\u0411\\u043b\\u043e\\u043a\"]}}]"}}, {"model": "admin.logentry", "pk": 198, "fields": {"action_time": "2024-06-25T15:10:54.969Z", "user": [1], "content_type": ["catalog", "catalogpagetemplate"], "object_id": "1", "object_repr": "Шаблон каталога", "action_flag": 2, "change_message": "[{\"added\": {\"name\": \"\\u0411\\u043b\\u043e\\u043a\", \"object\": \"\\u041f\\u0440\\u043e\\u0434\\u0443\\u043a\\u0442\\u044b (\\u041f\\u0430\\u0440\\u0442\\u043d\\u0435\\u0440\\u0430\\u043c)\"}}]"}}, {"model": "admin.logentry", "pk": 199, "fields": {"action_time": "2024-06-25T15:11:07.102Z", "user": [1], "content_type": ["catalog", "catalogpagetemplate"], "object_id": "1", "object_repr": "Шаблон каталога", "action_flag": 2, "change_message": "[{\"changed\": {\"name\": \"\\u0411\\u043b\\u043e\\u043a\", \"object\": \"\\u041f\\u0430\\u0440\\u0442\\u043d\\u0435\\u0440\\u0430\\u043c (\\u041a\\u0430\\u0442\\u0430\\u043b\\u043e\\u0433)\", \"fields\": [\"My order\"]}}, {\"changed\": {\"name\": \"\\u0411\\u043b\\u043e\\u043a\", \"object\": \"\\u0411\\u043e\\u043d\\u0443\\u0441 (\\u041a\\u0430\\u0442\\u0430\\u043b\\u043e\\u0433)\", \"fields\": [\"My order\"]}}, {\"changed\": {\"name\": \"\\u0411\\u043b\\u043e\\u043a\", \"object\": \"\\u0420\\u0435\\u0433\\u0438\\u0441\\u0442\\u0440\\u0430\\u0446\\u0438\\u044f \\u043f\\u043e\\u0434\\u0434\\u043e\\u043d (\\u041f\\u0430\\u0440\\u0442\\u043d\\u0435\\u0440\\u0430\\u043c)\", \"fields\": [\"My order\"]}}, {\"changed\": {\"name\": \"\\u0411\\u043b\\u043e\\u043a\", \"object\": \"FAQ\", \"fields\": [\"My order\"]}}, {\"changed\": {\"name\": \"\\u0411\\u043b\\u043e\\u043a\", \"object\": \"\\u041f\\u0440\\u043e\\u0434\\u0443\\u043a\\u0442\\u044b (\\u041f\\u0430\\u0440\\u0442\\u043d\\u0435\\u0440\\u0430\\u043c)\", \"fields\": [\"My order\"]}}]"}}, {"model": "admin.logentry", "pk": 200, "fields": {"action_time": "2024-06-25T15:13:43.512Z", "user": [1], "content_type": ["catalog", "organization"], "object_id": "1", "object_repr": "Альфа банк", "action_flag": 2, "change_message": "[{\"changed\": {\"fields\": [\"\\u041b\\u043e\\u0433\\u043e\", \"\\u0421\\u0430\\u0439\\u0442\", \"\\u041f\\u043e\\u044f\\u0441\\u043d\\u0435\\u043d\\u0438\\u0435 \\u0434\\u043b\\u044f \\u0430\\u0434\\u043c\\u0438\\u043d\\u0430\"]}}]"}}, {"model": "admin.logentry", "pk": 201, "fields": {"action_time": "2024-06-25T15:14:19.545Z", "user": [1], "content_type": ["catalog", "organization"], "object_id": "1", "object_repr": "Альфа Банк", "action_flag": 2, "change_message": "[{\"changed\": {\"fields\": [\"\\u041d\\u0430\\u0437\\u0432\\u0430\\u043d\\u0438\\u0435\"]}}]"}}, {"model": "admin.logentry", "pk": 202, "fields": {"action_time": "2024-06-25T15:15:31.995Z", "user": [1], "content_type": ["catalog", "organization"], "object_id": "3", "object_repr": "Т-Банк", "action_flag": 1, "change_message": "[{\"added\": {}}]"}}, {"model": "admin.logentry", "pk": 203, "fields": {"action_time": "2024-06-25T15:19:26.442Z", "user": [1], "content_type": ["catalog", "product"], "object_id": "5", "object_repr": "Black", "action_flag": 1, "change_message": "[{\"added\": {}}, {\"added\": {\"name\": \"\\u0441\\u0441\\u044b\\u043b\\u043a\\u0438\", \"object\": \"https://www.tbank.ru/cards/debit-cards/tinkoff-black/\"}}]"}}, {"model": "admin.logentry", "pk": 204, "fields": {"action_time": "2024-06-25T15:19:43.404Z", "user": [1], "content_type": ["catalog", "product"], "object_id": "6", "object_repr": "Black", "action_flag": 1, "change_message": "[{\"added\": {}}, {\"added\": {\"name\": \"\\u0441\\u0441\\u044b\\u043b\\u043a\\u0438\", \"object\": \"https://www.tbank.ru/cards/debit-cards/tinkoff-black/\"}}]"}}, {"model": "admin.logentry", "pk": 205, "fields": {"action_time": "2024-06-25T15:20:18.954Z", "user": [1], "content_type": ["catalog", "product"], "object_id": "5", "object_repr": "Black", "action_flag": 3, "change_message": ""}}, {"model": "admin.logentry", "pk": 206, "fields": {"action_time": "2024-06-25T15:21:50.033Z", "user": [1], "content_type": ["catalog", "product"], "object_id": "6", "object_repr": "Black", "action_flag": 3, "change_message": ""}}, {"model": "admin.logentry", "pk": 207, "fields": {"action_time": "2024-06-25T15:23:55.332Z", "user": [1], "content_type": ["catalog", "product"], "object_id": "1", "object_repr": "Альфа-Карта", "action_flag": 2, "change_message": "[{\"changed\": {\"fields\": [\"\\u041d\\u0430\\u0437\\u0432\\u0430\\u043d\\u0438\\u0435 \\u043f\\u0440\\u043e\\u0434\\u0443\\u043a\\u0442\\u0430\", \"\\u0410\\u043d\\u043d\\u043e\\u0442\\u0430\\u0446\\u0438\\u044f\"]}}]"}}, {"model": "admin.logentry", "pk": 208, "fields": {"action_time": "2024-06-25T15:26:05.209Z", "user": [1], "content_type": ["catalog", "product"], "object_id": "4", "object_repr": "СберКарта", "action_flag": 2, "change_message": "[{\"changed\": {\"fields\": [\"\\u041d\\u0430\\u0437\\u0432\\u0430\\u043d\\u0438\\u0435 \\u043f\\u0440\\u043e\\u0434\\u0443\\u043a\\u0442\\u0430\", \"\\u0410\\u043d\\u043d\\u043e\\u0442\\u0430\\u0446\\u0438\\u044f\", \"\\u0412\\u044b\\u0433\\u043e\\u0434\\u0430\"]}}]"}}, {"model": "admin.logentry", "pk": 209, "fields": {"action_time": "2024-06-25T15:26:42.069Z", "user": [1], "content_type": ["catalog", "product"], "object_id": "4", "object_repr": "СберКарта", "action_flag": 2, "change_message": "[{\"changed\": {\"fields\": [\"\\u041e\\u0431\\u043b\\u043e\\u0436\\u043a\\u0430\"]}}]"}}, {"model": "admin.logentry", "pk": 210, "fields": {"action_time": "2024-06-25T15:27:13.461Z", "user": [1], "content_type": ["catalog", "product"], "object_id": "1", "object_repr": "Альфа-Карта", "action_flag": 2, "change_message": "[{\"changed\": {\"fields\": [\"\\u0412\\u044b\\u0433\\u043e\\u0434\\u0430\"]}}]"}}, {"model": "admin.logentry", "pk": 211, "fields": {"action_time": "2024-06-25T15:27:27.259Z", "user": [1], "content_type": ["catalog", "product"], "object_id": "1", "object_repr": "Альфа-Карта", "action_flag": 2, "change_message": "[{\"changed\": {\"fields\": [\"\\u0412\\u044b\\u0433\\u043e\\u0434\\u0430\"]}}]"}}, {"model": "admin.logentry", "pk": 212, "fields": {"action_time": "2024-06-25T15:28:58.701Z", "user": [1], "content_type": ["blocks", "catalogblock"], "object_id": "1", "object_repr": "Каталог (Дебетовые карты с бонусом)", "action_flag": 2, "change_message": "[{\"added\": {\"name\": \"catalog product\", \"object\": \"\\u0410\\u043b\\u044c\\u0444\\u0430-\\u041a\\u0430\\u0440\\u0442\\u0430\"}}, {\"added\": {\"name\": \"catalog product\", \"object\": \"\\u0421\\u0431\\u0435\\u0440\\u041a\\u0430\\u0440\\u0442\\u0430\"}}, {\"added\": {\"name\": \"catalog product\", \"object\": \"\\u0421\\u0431\\u0435\\u0440\\u041a\\u0430\\u0440\\u0442\\u0430\"}}]"}}, {"model": "admin.logentry", "pk": 213, "fields": {"action_time": "2024-06-25T15:29:39.342Z", "user": [1], "content_type": ["blocks", "mainpagecatalogblock"], "object_id": "1", "object_repr": "Главная витрина", "action_flag": 2, "change_message": "[{\"added\": {\"name\": \"catalog product type\", \"object\": \"\\u0414\\u0435\\u0431\\u0435\\u0442\\u043e\\u0432\\u044b\\u0435 \\u043a\\u0430\\u0440\\u0442\\u044b \\u0441 \\u0431\\u043e\\u043d\\u0443\\u0441\\u043e\\u043c\"}}, {\"added\": {\"name\": \"catalog product type\", \"object\": \"\\u0414\\u0435\\u0431\\u0435\\u0442\\u043e\\u0432\\u044b\\u0435 \\u043a\\u0430\\u0440\\u0442\\u044b \\u0441 \\u0431\\u043e\\u043d\\u0443\\u0441\\u043e\\u043c\"}}]"}}, {"model": "admin.logentry", "pk": 214, "fields": {"action_time": "2024-06-25T15:35:01.585Z", "user": [1], "content_type": ["catalog", "exclusivecard"], "object_id": "1", "object_repr": "Карточка Эксклюзив", "action_flag": 2, "change_message": "[{\"changed\": {\"fields\": [\"\\u041a\\u0430\\u0440\\u0442\\u0438\\u043d\\u043a\\u0430\"]}}]"}}, {"model": "admin.logentry", "pk": 215, "fields": {"action_time": "2024-06-25T16:24:47.407Z", "user": [1], "content_type": ["blocks", "contentblock"], "object_id": "5", "object_repr": "Партнерам (Каталог)", "action_flag": 2, "change_message": "[{\"changed\": {\"fields\": [\"\\u041e\\u0441\\u043d\\u043e\\u0432\\u043d\\u043e\\u0439 \\u0442\\u0435\\u043a\\u0441\\u0442\"]}}]"}}, {"model": "admin.logentry", "pk": 216, "fields": {"action_time": "2024-06-25T16:25:34.709Z", "user": [1], "content_type": ["blocks", "contentblock"], "object_id": "5", "object_repr": "Партнерам (Каталог)", "action_flag": 2, "change_message": "[{\"changed\": {\"fields\": [\"\\u041e\\u0441\\u043d\\u043e\\u0432\\u043d\\u043e\\u0439 \\u0442\\u0435\\u043a\\u0441\\u0442\"]}}]"}}, {"model": "admin.logentry", "pk": 217, "fields": {"action_time": "2024-06-25T16:26:28.210Z", "user": [1], "content_type": ["blocks", "contentblock"], "object_id": "5", "object_repr": "Партнерам (Каталог)", "action_flag": 2, "change_message": "[{\"changed\": {\"fields\": [\"\\u041e\\u0441\\u043d\\u043e\\u0432\\u043d\\u043e\\u0439 \\u0442\\u0435\\u043a\\u0441\\u0442\"]}}]"}}, {"model": "admin.logentry", "pk": 218, "fields": {"action_time": "2024-06-25T16:27:33.208Z", "user": [1], "content_type": ["blocks", "contentblock"], "object_id": "5", "object_repr": "Партнерам (Каталог)", "action_flag": 2, "change_message": "[{\"changed\": {\"fields\": [\"\\u041e\\u0441\\u043d\\u043e\\u0432\\u043d\\u043e\\u0439 \\u0442\\u0435\\u043a\\u0441\\u0442\"]}}]"}}, {"model": "admin.logentry", "pk": 219, "fields": {"action_time": "2024-06-26T16:26:56.182Z", "user": [1], "content_type": ["catalog", "producttype"], "object_id": "10", "object_repr": "Карты с кэшбэком", "action_flag": 1, "change_message": "[{\"added\": {}}]"}}, {"model": "admin.logentry", "pk": 220, "fields": {"action_time": "2024-06-26T16:27:45.216Z", "user": [1], "content_type": ["blocks", "mainpagecatalogblock"], "object_id": "1", "object_repr": "Главная витрина", "action_flag": 2, "change_message": "[{\"changed\": {\"name\": \"catalog product type\", \"object\": \"\\u041a\\u0430\\u0440\\u0442\\u044b \\u0441 \\u043a\\u044d\\u0448\\u0431\\u044d\\u043a\\u043e\\u043c\", \"fields\": [\"\\u041f\\u0440\\u043e\\u0434\\u0443\\u043a\\u0442\"]}}]"}}, {"model": "admin.logentry", "pk": 221, "fields": {"action_time": "2024-06-27T09:40:54.364Z", "user": [1], "content_type": ["domens", "site"], "object_id": "1", "object_repr": "pupkin", "action_flag": 2, "change_message": "[{\"changed\": {\"fields\": [\"\\u041b\\u043e\\u0433\\u043e\"]}}]"}}, {"model": "admin.logentry", "pk": 222, "fields": {"action_time": "2024-07-02T12:34:23.741Z", "user": [1], "content_type": ["common", "socialnetwork"], "object_id": "1", "object_repr": "SocialNetwork object (1)", "action_flag": 1, "change_message": "[{\"added\": {}}]"}}, {"model": "admin.logentry", "pk": 223, "fields": {"action_time": "2024-07-02T12:35:33.214Z", "user": [1], "content_type": ["common", "socialnetwork"], "object_id": "2", "object_repr": "Вконтакте", "action_flag": 1, "change_message": "[{\"added\": {}}]"}}, {"model": "admin.logentry", "pk": 224, "fields": {"action_time": "2024-07-02T12:36:12.249Z", "user": [1], "content_type": ["common", "socialnetwork"], "object_id": "3", "object_repr": "Дзен", "action_flag": 1, "change_message": "[{\"added\": {}}]"}}, {"model": "admin.logentry", "pk": 225, "fields": {"action_time": "2024-07-02T12:37:01.042Z", "user": [1], "content_type": ["common", "socialnetwork"], "object_id": "4", "object_repr": "Ютуб", "action_flag": 1, "change_message": "[{\"added\": {}}]"}}, {"model": "admin.logentry", "pk": 226, "fields": {"action_time": "2024-07-02T12:52:23.941Z", "user": [1], "content_type": ["blocks", "socialmediablock"], "object_id": "1", "object_repr": "Соцсети (Главная)", "action_flag": 2, "change_message": "[{\"changed\": {\"name\": \"\\u0421\\u043e\\u0446\\u0438\\u0430\\u043b\\u044c\\u043d\\u0430\\u044f \\u0441\\u0435\\u0442\\u044c\", \"object\": \"SocialMediaButton object (1)\", \"fields\": [\"\\u0421\\u043e\\u0446. \\u0441\\u0435\\u0442\\u044c\"]}}, {\"changed\": {\"name\": \"\\u0421\\u043e\\u0446\\u0438\\u0430\\u043b\\u044c\\u043d\\u0430\\u044f \\u0441\\u0435\\u0442\\u044c\", \"object\": \"SocialMediaButton object (2)\", \"fields\": [\"\\u0421\\u043e\\u0446. \\u0441\\u0435\\u0442\\u044c\"]}}, {\"changed\": {\"name\": \"\\u0421\\u043e\\u0446\\u0438\\u0430\\u043b\\u044c\\u043d\\u0430\\u044f \\u0441\\u0435\\u0442\\u044c\", \"object\": \"SocialMediaButton object (3)\", \"fields\": [\"\\u0421\\u043e\\u0446. \\u0441\\u0435\\u0442\\u044c\"]}}]"}}, {"model": "admin.logentry", "pk": 227, "fields": {"action_time": "2024-07-02T21:52:37.981Z", "user": [1], "content_type": ["account", "userfont"], "object_id": "1", "object_repr": "Arial", "action_flag": 1, "change_message": "[{\"added\": {}}]"}}, {"model": "admin.logentry", "pk": 228, "fields": {"action_time": "2024-07-02T21:52:59.557Z", "user": [1], "content_type": ["account", "userfont"], "object_id": "2", "object_repr": "Playfair Display", "action_flag": 1, "change_message": "[{\"added\": {}}]"}}, {"model": "admin.logentry", "pk": 229, "fields": {"action_time": "2024-07-02T21:53:20.081Z", "user": [1], "content_type": ["account", "userfont"], "object_id": "3", "object_repr": "Open Sans", "action_flag": 1, "change_message": "[{\"added\": {}}]"}}, {"model": "admin.logentry", "pk": 230, "fields": {"action_time": "2024-07-02T21:53:52.396Z", "user": [1], "content_type": ["account", "userfont"], "object_id": "4", "object_repr": "Roboto Condensed", "action_flag": 1, "change_message": "[{\"added\": {}}]"}}, {"model": "admin.logentry", "pk": 231, "fields": {"action_time": "2024-07-04T16:35:10.776Z", "user": [1], "content_type": ["account", "usersocialnetwork"], "object_id": "2", "object_repr": "UserSocialNetwork object (2)", "action_flag": 3, "change_message": ""}}, {"model": "admin.logentry", "pk": 232, "fields": {"action_time": "2024-07-06T21:06:11.908Z", "user": [1], "content_type": ["blocks", "additionalcatalogblock"], "object_id": "1", "object_repr": "доп. витрина", "action_flag": 1, "change_message": "[{\"added\": {}}, {\"added\": {\"name\": \"additional catalog product type\", \"object\": \"\\u0414\\u0435\\u0431\\u0435\\u0442\\u043e\\u0432\\u044b\\u0435 \\u043a\\u0430\\u0440\\u0442\\u044b \\u0441 \\u0431\\u043e\\u043d\\u0443\\u0441\\u043e\\u043c\"}}, {\"added\": {\"name\": \"additional catalog product type\", \"object\": \"\\u041a\\u0430\\u0440\\u0442\\u044b \\u0441 \\u043a\\u044d\\u0448\\u0431\\u044d\\u043a\\u043e\\u043c\"}}, {\"added\": {\"name\": \"additional catalog product type\", \"object\": \"\\u041a\\u0440\\u0435\\u0434\\u0438\\u0442\\u043d\\u044b\\u0435 \\u043a\\u0430\\u0440\\u0442\\u044b \\u0441 \\u0431\\u043e\\u043d\\u0443\\u0441\\u043e\\u043c\"}}]"}}, {"model": "admin.logentry", "pk": 233, "fields": {"action_time": "2024-07-06T21:06:45.498Z", "user": [1], "content_type": ["blocks", "page"], "object_id": "4", "object_repr": "Главная", "action_flag": 2, "change_message": "[{\"added\": {\"name\": \"\\u0411\\u043b\\u043e\\u043a\", \"object\": \"\\u0434\\u043e\\u043f. \\u0432\\u0438\\u0442\\u0440\\u0438\\u043d\\u0430\"}}]"}}, {"model": "admin.logentry", "pk": 234, "fields": {"action_time": "2024-07-06T21:07:12.967Z", "user": [1], "content_type": ["blocks", "page"], "object_id": "4", "object_repr": "Главная", "action_flag": 2, "change_message": "[{\"changed\": {\"name\": \"\\u0411\\u043b\\u043e\\u043a\", \"object\": \"\\u0413\\u043b\\u0430\\u0432\\u043d\\u0430\\u044f \\u0432\\u0438\\u0442\\u0440\\u0438\\u043d\\u0430\", \"fields\": [\"My order\"]}}, {\"changed\": {\"name\": \"\\u0411\\u043b\\u043e\\u043a\", \"object\": \"\\u0421\\u043e\\u0446\\u0441\\u0435\\u0442\\u0438 (\\u0413\\u043b\\u0430\\u0432\\u043d\\u0430\\u044f)\", \"fields\": [\"My order\"]}}, {\"changed\": {\"name\": \"\\u0411\\u043b\\u043e\\u043a\", \"object\": \"\\u041f\\u0440\\u043e\\u043c\\u043e \\u0430\\u043a\\u0446\\u0438\\u0438\", \"fields\": [\"My order\"]}}, {\"changed\": {\"name\": \"\\u0411\\u043b\\u043e\\u043a\", \"object\": \"\\u041f\\u0430\\u0440\\u0442\\u043d\\u0435\\u0440\\u0430\\u043c (\\u0413\\u043b\\u0430\\u0432\\u043d\\u0430\\u044f)\", \"fields\": [\"My order\"]}}, {\"changed\": {\"name\": \"\\u0411\\u043b\\u043e\\u043a\", \"object\": \"\\u0411\\u043e\\u043d\\u0443\\u0441 (\\u0413\\u043b\\u0430\\u0432\\u043d\\u0430\\u044f)\", \"fields\": [\"My order\"]}}, {\"changed\": {\"name\": \"\\u0411\\u043b\\u043e\\u043a\", \"object\": \"\\u0420\\u0435\\u0433\\u0438\\u0441\\u0442\\u0440\\u0430\\u0446\\u0438\\u044f \\u043f\\u043e\\u0434\\u0434\\u043e\\u043d (\\u041f\\u0430\\u0440\\u0442\\u043d\\u0435\\u0440\\u0430\\u043c)\", \"fields\": [\"My order\"]}}, {\"changed\": {\"name\": \"\\u0411\\u043b\\u043e\\u043a\", \"object\": \"FAQ\", \"fields\": [\"My order\"]}}, {\"changed\": {\"name\": \"\\u0411\\u043b\\u043e\\u043a\", \"object\": \"\\u0434\\u043e\\u043f. \\u0432\\u0438\\u0442\\u0440\\u0438\\u043d\\u0430\", \"fields\": [\"My order\"]}}]"}}, {"model": "admin.logentry", "pk": 235, "fields": {"action_time": "2024-07-06T21:20:36.533Z", "user": [1], "content_type": ["blocks", "additionalcatalogblock"], "object_id": "1", "object_repr": "доп. витрина", "action_flag": 2, "change_message": "[{\"added\": {\"name\": \"\\u041a\\u0430\\u0441\\u0442\\u043e\\u043c\\u043d\\u044b\\u0435 \\u0441\\u0442\\u0438\\u043b\\u0438\", \"object\": \"AdditionalCatalogCustomStyles object (1)\"}}]"}}, {"model": "admin.logentry", "pk": 236, "fields": {"action_time": "2024-07-06T21:22:46.448Z", "user": [1], "content_type": ["blocks", "additionalcatalogblock"], "object_id": "1", "object_repr": "доп. витрина", "action_flag": 2, "change_message": "[{\"changed\": {\"name\": \"\\u041a\\u0430\\u0441\\u0442\\u043e\\u043c\\u043d\\u044b\\u0435 \\u0441\\u0442\\u0438\\u043b\\u0438\", \"object\": \"AdditionalCatalogCustomStyles object (1)\", \"fields\": [\"\\u041a\\u043e\\u043b\\u0438\\u0447\\u0435\\u0441\\u0442\\u0432\\u043e \\u043a\\u043e\\u043b\\u043e\\u043d\\u043e\\u043a\"]}}]"}}, {"model": "admin.logentry", "pk": 237, "fields": {"action_time": "2024-07-06T21:23:14.412Z", "user": [1], "content_type": ["blocks", "additionalcatalogblock"], "object_id": "1", "object_repr": "доп. витрина", "action_flag": 2, "change_message": "[{\"changed\": {\"name\": \"\\u041a\\u0430\\u0441\\u0442\\u043e\\u043c\\u043d\\u044b\\u0435 \\u0441\\u0442\\u0438\\u043b\\u0438\", \"object\": \"AdditionalCatalogCustomStyles object (1)\", \"fields\": [\"\\u041f\\u0440\\u043e\\u0446\\u0435\\u043d\\u0442 \\u0437\\u0430\\u0442\\u0435\\u043c\\u043d\\u0435\\u043d\\u0438\\u044f \\u043a\\u0430\\u0440\\u0442\\u043e\\u0447\\u043a\\u0438 \\u0441\\u043d\\u0438\\u0437\\u0443\"]}}]"}}, {"model": "admin.logentry", "pk": 238, "fields": {"action_time": "2024-07-06T21:26:05.730Z", "user": [1], "content_type": ["blocks", "additionalcatalogblock"], "object_id": "1", "object_repr": "доп. витрина", "action_flag": 2, "change_message": "[{\"changed\": {\"fields\": [\"\\u0422\\u0435\\u043a\\u0441\\u0442 \\u043a\\u043d\\u043e\\u043f\\u043a\\u0438\"]}}]"}}, {"model": "admin.logentry", "pk": 239, "fields": {"action_time": "2024-07-06T22:20:20.128Z", "user": [1], "content_type": ["blocks", "additionalcatalogblock"], "object_id": "1", "object_repr": "доп. витрина", "action_flag": 2, "change_message": "[{\"added\": {\"name\": \"additional catalog product type\", \"object\": \"\\u0414\\u0435\\u0431\\u0435\\u0442\\u043e\\u0432\\u044b\\u0435 \\u043a\\u0430\\u0440\\u0442\\u044b \\u0441 \\u0431\\u043e\\u043d\\u0443\\u0441\\u043e\\u043c\"}}, {\"added\": {\"name\": \"additional catalog product type\", \"object\": \"\\u0414\\u0435\\u0431\\u0435\\u0442\\u043e\\u0432\\u044b\\u0435 \\u043a\\u0430\\u0440\\u0442\\u044b \\u0441 \\u0431\\u043e\\u043d\\u0443\\u0441\\u043e\\u043c\"}}, {\"added\": {\"name\": \"additional catalog product type\", \"object\": \"\\u0414\\u0435\\u0431\\u0435\\u0442\\u043e\\u0432\\u044b\\u0435 \\u043a\\u0430\\u0440\\u0442\\u044b \\u0441 \\u0431\\u043e\\u043d\\u0443\\u0441\\u043e\\u043c\"}}, {\"changed\": {\"name\": \"\\u041a\\u0430\\u0441\\u0442\\u043e\\u043c\\u043d\\u044b\\u0435 \\u0441\\u0442\\u0438\\u043b\\u0438\", \"object\": \"AdditionalCatalogCustomStyles object (1)\", \"fields\": [\"\\u041a\\u043e\\u043b\\u0438\\u0447\\u0435\\u0441\\u0442\\u0432\\u043e \\u043a\\u043e\\u043b\\u043e\\u043d\\u043e\\u043a\"]}}]"}}, {"model": "admin.logentry", "pk": 240, "fields": {"action_time": "2024-07-06T22:20:58.715Z", "user": [1], "content_type": ["blocks", "additionalcatalogblock"], "object_id": "1", "object_repr": "доп. витрина", "action_flag": 2, "change_message": "[{\"changed\": {\"name\": \"\\u041a\\u0430\\u0441\\u0442\\u043e\\u043c\\u043d\\u044b\\u0435 \\u0441\\u0442\\u0438\\u043b\\u0438\", \"object\": \"AdditionalCatalogCustomStyles object (1)\", \"fields\": [\"\\u0420\\u0430\\u0437\\u043c\\u0435\\u0440 \\u0437\\u0430\\u0433\\u043e\\u043b\\u043e\\u0432\\u043a\\u0430\"]}}]"}}, {"model": "admin.logentry", "pk": 241, "fields": {"action_time": "2024-07-06T22:21:12.850Z", "user": [1], "content_type": ["blocks", "additionalcatalogblock"], "object_id": "1", "object_repr": "доп. витрина", "action_flag": 2, "change_message": "[{\"changed\": {\"name\": \"\\u041a\\u0430\\u0441\\u0442\\u043e\\u043c\\u043d\\u044b\\u0435 \\u0441\\u0442\\u0438\\u043b\\u0438\", \"object\": \"AdditionalCatalogCustomStyles object (1)\", \"fields\": [\"\\u0420\\u0430\\u0437\\u043c\\u0435\\u0440 \\u0437\\u0430\\u0433\\u043e\\u043b\\u043e\\u0432\\u043a\\u0430\"]}}]"}}, {"model": "admin.logentry", "pk": 242, "fields": {"action_time": "2024-07-06T22:22:26.882Z", "user": [1], "content_type": ["blocks", "additionalcatalogblock"], "object_id": "1", "object_repr": "доп. витрина", "action_flag": 2, "change_message": "[{\"changed\": {\"fields\": [\"\\u0414\\u043e\\u0431\\u0430\\u0432\\u043b\\u044f\\u0442\\u044c \\u0430\\u043d\\u043d\\u043e\\u0442\\u0430\\u0446\\u0438\\u044e \\u043a \\u043a\\u0430\\u0440\\u0442\\u043e\\u0447\\u043a\\u0435\", \"\\u0414\\u043e\\u0431\\u0430\\u0432\\u043b\\u044f\\u0442\\u044c \\u043a\\u043d\\u043e\\u043f\\u043a\\u0443 \\u043a \\u043a\\u0430\\u0440\\u0442\\u043e\\u0447\\u043a\\u0435\"]}}]"}}, {"model": "admin.logentry", "pk": 243, "fields": {"action_time": "2024-07-06T22:27:47.881Z", "user": [1], "content_type": ["catalog", "product"], "object_id": "1", "object_repr": "Альфа-Карта", "action_flag": 2, "change_message": "[{\"changed\": {\"fields\": [\"\\u0411\\u0430\\u043d\\u043d\\u0435\\u0440\"]}}]"}}, {"model": "admin.logentry", "pk": 244, "fields": {"action_time": "2024-07-06T23:01:27.419Z", "user": [1], "content_type": ["catalog", "exclusivecard"], "object_id": "1", "object_repr": "Карточка Эксклюзив", "action_flag": 2, "change_message": "[{\"changed\": {\"fields\": [\"\\u0422\\u0435\\u043a\\u0441\\u0442 \\u043a\\u043d\\u043e\\u043f\\u043a\\u0438\", \"\\u0421\\u0441\\u044b\\u043b\\u043a\\u0430 \\u0434\\u043b\\u044f \\u043a\\u043d\\u043e\\u043f\\u043a\\u0438\", \"\\u0410\\u043d\\u043d\\u043e\\u0442\\u0430\\u0446\\u0438\\u044f\"]}}]"}}, {"model": "admin.logentry", "pk": 245, "fields": {"action_time": "2024-07-06T23:08:15.331Z", "user": [1], "content_type": ["blocks", "cover"], "object_id": "3", "object_repr": "Обложка (Главная)", "action_flag": 2, "change_message": "[{\"changed\": {\"fields\": [\"\\u0421\\u0441\\u044b\\u043b\\u043a\\u0430 \\u0434\\u043b\\u044f \\u043a\\u043d\\u043e\\u043f\\u043a\\u0438\"]}}]"}}, {"model": "admin.logentry", "pk": 246, "fields": {"action_time": "2024-07-06T23:09:37.091Z", "user": [1], "content_type": ["catalog", "product"], "object_id": "1", "object_repr": "Альфа-Карта", "action_flag": 2, "change_message": "[{\"changed\": {\"fields\": [\"\\u0411\\u0430\\u043d\\u043d\\u0435\\u0440\"]}}]"}}, {"model": "admin.logentry", "pk": 247, "fields": {"action_time": "2024-07-07T09:27:09.117Z", "user": [1], "content_type": ["blocks", "featuresblock"], "object_id": "7", "object_repr": "Бонус (Главная)", "action_flag": 2, "change_message": "[{\"changed\": {\"name\": \"feature\", \"object\": \"\\u041a\\u0430\\u043a \\u0432\\u0441\\u0435\\u0433\\u0434\\u0430 \\u0442\\u0440\\u0430\\u0442\\u0438\\u0442\\u044c \\u043d\\u0430 3,000-5,000\\u0440 \\u0432 \\u043c\\u0435\\u0441\\u044f\\u0446 \\u043c\\u0435\\u043d\\u044c\\u0448\\u0435 \\u043d\\u0435 \\u044d\\u043a\\u043e\\u043d\\u043e\\u043c\\u044f\", \"fields\": [\"\\u0421\\u0441\\u044b\\u043b\\u043a\\u0430\"]}}]"}}, {"model": "admin.logentry", "pk": 248, "fields": {"action_time": "2024-07-07T17:19:52.642Z", "user": [1], "content_type": ["blocks", "catalogblock"], "object_id": "2", "object_repr": "Каталог (Дебетовые карты с бонусом)(1)", "action_flag": 3, "change_message": ""}}, {"model": "admin.logentry", "pk": 249, "fields": {"action_time": "2024-07-07T17:21:58.688Z", "user": [1], "content_type": ["blocks", "catalogblock"], "object_id": "5", "object_repr": "Каталог (Дебетовые карты с бонусом)(1)(1)(1)", "action_flag": 3, "change_message": ""}}, {"model": "admin.logentry", "pk": 250, "fields": {"action_time": "2024-07-07T17:21:58.835Z", "user": [1], "content_type": ["blocks", "catalogblock"], "object_id": "4", "object_repr": "Каталог (Дебетовые карты с бонусом)(1)(1)", "action_flag": 3, "change_message": ""}}, {"model": "admin.logentry", "pk": 251, "fields": {"action_time": "2024-07-07T17:21:58.970Z", "user": [1], "content_type": ["blocks", "catalogblock"], "object_id": "3", "object_repr": "Каталог (Дебетовые карты с бонусом)(1)", "action_flag": 3, "change_message": ""}}, {"model": "admin.logentry", "pk": 252, "fields": {"action_time": "2024-07-07T17:28:23.780Z", "user": [1], "content_type": ["blocks", "catalogblock"], "object_id": "6", "object_repr": "Каталог (Дебетовые карты с бонусом)(1)", "action_flag": 3, "change_message": ""}}, {"model": "admin.logentry", "pk": 253, "fields": {"action_time": "2024-07-07T17:33:07.163Z", "user": [1], "content_type": ["blocks", "catalogblock"], "object_id": "7", "object_repr": "Каталог (Дебетовые карты с бонусом)(1)", "action_flag": 3, "change_message": ""}}, {"model": "admin.logentry", "pk": 254, "fields": {"action_time": "2024-07-07T17:34:40.461Z", "user": [1], "content_type": ["blocks", "catalogblock"], "object_id": "8", "object_repr": "Каталог (Дебетовые карты с бонусом)(1)", "action_flag": 3, "change_message": ""}}, {"model": "admin.logentry", "pk": 255, "fields": {"action_time": "2024-07-07T17:35:48.008Z", "user": [1], "content_type": ["blocks", "catalogblock"], "object_id": "9", "object_repr": "Каталог (Дебетовые карты с бонусом)(1)", "action_flag": 3, "change_message": ""}}, {"model": "admin.logentry", "pk": 256, "fields": {"action_time": "2024-07-07T17:38:40.210Z", "user": [1], "content_type": ["blocks", "catalogblock"], "object_id": "10", "object_repr": "Каталог (Дебетовые карты с бонусом)(1)", "action_flag": 3, "change_message": ""}}, {"model": "admin.logentry", "pk": 257, "fields": {"action_time": "2024-07-07T17:40:25.684Z", "user": [1], "content_type": ["blocks", "catalogblock"], "object_id": "11", "object_repr": "Каталог (Дебетовые карты с бонусом)(1)", "action_flag": 3, "change_message": ""}}, {"model": "admin.logentry", "pk": 258, "fields": {"action_time": "2024-07-07T17:40:58.740Z", "user": [1], "content_type": ["blocks", "catalogblock"], "object_id": "11", "object_repr": "Каталог (Дебетовые карты с бонусом)(1)", "action_flag": 3, "change_message": ""}}, {"model": "admin.logentry", "pk": 259, "fields": {"action_time": "2024-07-07T17:41:22.401Z", "user": [1], "content_type": ["blocks", "catalogblock"], "object_id": "12", "object_repr": "Каталог (Дебетовые карты с бонусом)(1)", "action_flag": 3, "change_message": ""}}, {"model": "admin.logentry", "pk": 260, "fields": {"action_time": "2024-07-07T17:50:08.038Z", "user": [1], "content_type": ["domens", "site"], "object_id": "1", "object_repr": "pupkin1", "action_flag": 2, "change_message": "[{\"changed\": {\"fields\": [\"\\u041b\\u043e\\u0433\\u043e\", \"\\u041b\\u043e\\u0433\\u043e \\u0434\\u043b\\u044f \\u0444\\u043e\\u0440\\u043c\"]}}]"}}, {"model": "admin.logentry", "pk": 261, "fields": {"action_time": "2024-07-07T17:50:46.062Z", "user": [1], "content_type": ["domens", "site"], "object_id": "1", "object_repr": "pupkin1", "action_flag": 2, "change_message": "[{\"changed\": {\"fields\": [\"\\u0418\\u0441\\u043f\\u043e\\u043b\\u044c\\u0437\\u043e\\u0432\\u0430\\u0442\\u044c \\u043e\\u0431\\u0449\\u0438\\u0435 \\u043d\\u0430\\u0441\\u0442\\u0440\\u043e\\u0439\\u043a\\u0438 \\u0441\\u0430\\u0439\\u0442\\u0430\"]}}]"}}, {"model": "admin.logentry", "pk": 262, "fields": {"action_time": "2024-07-10T11:54:09.361Z", "user": [1], "content_type": ["user", "user"], "object_id": "1", "object_repr": "admin", "action_flag": 2, "change_message": "[{\"changed\": {\"fields\": [\"\\u041f\\u043e\\u0447\\u0442\\u0430 \\u043f\\u043e\\u0434\\u0442\\u0432\\u0435\\u0440\\u0436\\u0434\\u0435\\u043d\\u0430\"]}}]"}}, {"model": "admin.logentry", "pk": 263, "fields": {"action_time": "2024-07-10T13:15:44.949Z", "user": [1], "content_type": ["user", "user"], "object_id": "1", "object_repr": "admin", "action_flag": 2, "change_message": "[{\"changed\": {\"fields\": [\"\\u041f\\u043e\\u0447\\u0442\\u0430 \\u043f\\u043e\\u0434\\u0442\\u0432\\u0435\\u0440\\u0436\\u0434\\u0435\\u043d\\u0430\"]}}]"}}, {"model": "admin.logentry", "pk": 264, "fields": {"action_time": "2024-07-10T14:49:05.070Z", "user": [1], "content_type": ["user", "user"], "object_id": "3", "object_repr": "rerere", "action_flag": 1, "change_message": "[{\"added\": {}}]"}}, {"model": "admin.logentry", "pk": 265, "fields": {"action_time": "2024-07-10T14:49:19.914Z", "user": [1], "content_type": ["user", "user"], "object_id": "3", "object_repr": "rerere", "action_flag": 2, "change_message": "[{\"changed\": {\"fields\": [\"\\u041f\\u043e\\u0447\\u0442\\u0430 \\u043f\\u043e\\u0434\\u0442\\u0432\\u0435\\u0440\\u0436\\u0434\\u0435\\u043d\\u0430\"]}}]"}}, {"model": "admin.logentry", "pk": 266, "fields": {"action_time": "2024-07-10T14:52:19.536Z", "user": [1], "content_type": ["user", "user"], "object_id": "3", "object_repr": "rerere", "action_flag": 3, "change_message": ""}}, {"model": "admin.logentry", "pk": 267, "fields": {"action_time": "2024-07-10T14:52:36.530Z", "user": [1], "content_type": ["user", "user"], "object_id": "4", "object_repr": "rerere", "action_flag": 1, "change_message": "[{\"added\": {}}]"}}, {"model": "admin.logentry", "pk": 268, "fields": {"action_time": "2024-07-10T20:57:47.634Z", "user": [1], "content_type": ["notifications", "trigger"], "object_id": "1", "object_repr": "Trigger object (1)", "action_flag": 1, "change_message": "[{\"added\": {}}]"}}, {"model": "admin.logentry", "pk": 269, "fields": {"action_time": "2024-07-10T20:59:22.790Z", "user": [1], "content_type": ["notifications", "trigger"], "object_id": "2", "object_repr": "EMAILVERIFIED", "action_flag": 1, "change_message": "[{\"added\": {}}]"}}, {"model": "admin.logentry", "pk": 270, "fields": {"action_time": "2024-07-10T20:59:30.536Z", "user": [1], "content_type": ["notifications", "trigger"], "object_id": "3", "object_repr": "SITECREATED", "action_flag": 1, "change_message": "[{\"added\": {}}]"}}, {"model": "admin.logentry", "pk": 271, "fields": {"action_time": "2024-07-10T21:00:38.394Z", "user": [1], "content_type": ["notifications", "notification"], "object_id": "1", "object_repr": "создание сайта", "action_flag": 1, "change_message": "[{\"added\": {}}]"}}, {"model": "admin.logentry", "pk": 272, "fields": {"action_time": "2024-07-10T21:01:51.055Z", "user": [1], "content_type": ["notifications", "notification"], "object_id": "2", "object_repr": "пользователь подтвердил почту", "action_flag": 1, "change_message": "[{\"added\": {}}]"}}, {"model": "admin.logentry", "pk": 273, "fields": {"action_time": "2024-07-10T21:02:25.852Z", "user": [1], "content_type": ["notifications", "notification"], "object_id": "3", "object_repr": "Пользователь зарегистрировался", "action_flag": 1, "change_message": "[{\"added\": {}}]"}}, {"model": "admin.logentry", "pk": 274, "fields": {"action_time": "2024-07-10T21:06:36.678Z", "user": [1], "content_type": ["notifications", "notification"], "object_id": "3", "object_repr": "Пользователь зарегистрировался", "action_flag": 2, "change_message": "[{\"changed\": {\"fields\": [\"\\u0421\\u0442\\u0430\\u0442\\u0443\\u0441\"]}}]"}}, {"model": "admin.logentry", "pk": 275, "fields": {"action_time": "2024-07-10T21:06:44.085Z", "user": [1], "content_type": ["notifications", "notification"], "object_id": "1", "object_repr": "создание сайта", "action_flag": 2, "change_message": "[{\"changed\": {\"fields\": [\"\\u0421\\u0442\\u0430\\u0442\\u0443\\u0441\"]}}]"}}, {"model": "admin.logentry", "pk": 276, "fields": {"action_time": "2024-07-10T21:06:55.731Z", "user": [1], "content_type": ["notifications", "notification"], "object_id": "2", "object_repr": "пользователь подтвердил почту", "action_flag": 2, "change_message": "[{\"changed\": {\"fields\": [\"\\u0421\\u0442\\u0430\\u0442\\u0443\\u0441\"]}}]"}}, {"model": "admin.logentry", "pk": 277, "fields": {"action_time": "2024-07-10T21:12:39.322Z", "user": [1], "content_type": ["notifications", "usernotification"], "object_id": "1", "object_repr": "UserNotification object (1)", "action_flag": 1, "change_message": "[{\"added\": {}}]"}}, {"model": "admin.logentry", "pk": 278, "fields": {"action_time": "2024-07-11T22:16:39.428Z", "user": [1], "content_type": ["user", "user"], "object_id": "1", "object_repr": "admin", "action_flag": 2, "change_message": "[{\"changed\": {\"fields\": [\"\\u041f\\u043e\\u0447\\u0442\\u0430 \\u043f\\u043e\\u0434\\u0442\\u0432\\u0435\\u0440\\u0436\\u0434\\u0435\\u043d\\u0430\"]}}]"}}, {"model": "admin.logentry", "pk": 279, "fields": {"action_time": "2024-07-11T22:17:20.007Z", "user": [1], "content_type": ["user", "user"], "object_id": "1", "object_repr": "admin", "action_flag": 2, "change_message": "[{\"changed\": {\"fields\": [\"\\u041f\\u043e\\u0447\\u0442\\u0430 \\u043f\\u043e\\u0434\\u0442\\u0432\\u0435\\u0440\\u0436\\u0434\\u0435\\u043d\\u0430\"]}}]"}}, {"model": "admin.logentry", "pk": 280, "fields": {"action_time": "2024-07-11T22:17:38.057Z", "user": [1], "content_type": ["user", "user"], "object_id": "1", "object_repr": "admin", "action_flag": 2, "change_message": "[{\"changed\": {\"fields\": [\"\\u041f\\u043e\\u0447\\u0442\\u0430 \\u043f\\u043e\\u0434\\u0442\\u0432\\u0435\\u0440\\u0436\\u0434\\u0435\\u043d\\u0430\"]}}]"}}, {"model": "admin.logentry", "pk": 281, "fields": {"action_time": "2024-07-11T22:29:42.273Z", "user": [1], "content_type": ["user", "user"], "object_id": "1", "object_repr": "admin", "action_flag": 2, "change_message": "[{\"changed\": {\"fields\": [\"\\u041f\\u043e\\u0447\\u0442\\u0430 \\u043f\\u043e\\u0434\\u0442\\u0432\\u0435\\u0440\\u0436\\u0434\\u0435\\u043d\\u0430\"]}}]"}}, {"model": "admin.logentry", "pk": 282, "fields": {"action_time": "2024-07-11T22:29:56.425Z", "user": [1], "content_type": ["user", "user"], "object_id": "1", "object_repr": "admin", "action_flag": 2, "change_message": "[{\"changed\": {\"fields\": [\"\\u041f\\u043e\\u0447\\u0442\\u0430 \\u043f\\u043e\\u0434\\u0442\\u0432\\u0435\\u0440\\u0436\\u0434\\u0435\\u043d\\u0430\"]}}]"}}, {"model": "admin.logentry", "pk": 283, "fields": {"action_time": "2024-07-11T22:31:43.774Z", "user": [1], "content_type": ["user", "user"], "object_id": "1", "object_repr": "admin", "action_flag": 2, "change_message": "[{\"changed\": {\"fields\": [\"\\u041f\\u043e\\u0447\\u0442\\u0430 \\u043f\\u043e\\u0434\\u0442\\u0432\\u0435\\u0440\\u0436\\u0434\\u0435\\u043d\\u0430\"]}}]"}}, {"model": "admin.logentry", "pk": 284, "fields": {"action_time": "2024-07-11T22:32:11.141Z", "user": [1], "content_type": ["user", "user"], "object_id": "1", "object_repr": "admin", "action_flag": 2, "change_message": "[{\"changed\": {\"fields\": [\"\\u041f\\u043e\\u0447\\u0442\\u0430 \\u043f\\u043e\\u0434\\u0442\\u0432\\u0435\\u0440\\u0436\\u0434\\u0435\\u043d\\u0430\"]}}]"}}, {"model": "admin.logentry", "pk": 285, "fields": {"action_time": "2024-07-11T22:32:47.354Z", "user": [1], "content_type": ["user", "user"], "object_id": "1", "object_repr": "admin", "action_flag": 2, "change_message": "[{\"changed\": {\"fields\": [\"\\u041f\\u043e\\u0447\\u0442\\u0430 \\u043f\\u043e\\u0434\\u0442\\u0432\\u0435\\u0440\\u0436\\u0434\\u0435\\u043d\\u0430\"]}}]"}}, {"model": "admin.logentry", "pk": 286, "fields": {"action_time": "2024-07-11T22:33:08.139Z", "user": [1], "content_type": ["user", "user"], "object_id": "1", "object_repr": "admin", "action_flag": 2, "change_message": "[{\"changed\": {\"fields\": [\"\\u041f\\u043e\\u0447\\u0442\\u0430 \\u043f\\u043e\\u0434\\u0442\\u0432\\u0435\\u0440\\u0436\\u0434\\u0435\\u043d\\u0430\"]}}]"}}, {"model": "admin.logentry", "pk": 287, "fields": {"action_time": "2024-07-11T22:33:59.006Z", "user": [1], "content_type": ["user", "user"], "object_id": "1", "object_repr": "admin", "action_flag": 2, "change_message": "[{\"changed\": {\"fields\": [\"\\u041f\\u043e\\u0447\\u0442\\u0430 \\u043f\\u043e\\u0434\\u0442\\u0432\\u0435\\u0440\\u0436\\u0434\\u0435\\u043d\\u0430\"]}}]"}}, {"model": "admin.logentry", "pk": 288, "fields": {"action_time": "2024-07-11T22:34:35.046Z", "user": [1], "content_type": ["user", "user"], "object_id": "1", "object_repr": "admin", "action_flag": 2, "change_message": "[{\"changed\": {\"fields\": [\"\\u041f\\u043e\\u0447\\u0442\\u0430 \\u043f\\u043e\\u0434\\u0442\\u0432\\u0435\\u0440\\u0436\\u0434\\u0435\\u043d\\u0430\"]}}]"}}, {"model": "admin.logentry", "pk": 289, "fields": {"action_time": "2024-07-11T22:36:19.873Z", "user": [1], "content_type": ["user", "user"], "object_id": "1", "object_repr": "admin", "action_flag": 2, "change_message": "[{\"changed\": {\"fields\": [\"\\u041f\\u043e\\u0447\\u0442\\u0430 \\u043f\\u043e\\u0434\\u0442\\u0432\\u0435\\u0440\\u0436\\u0434\\u0435\\u043d\\u0430\"]}}]"}}, {"model": "admin.logentry", "pk": 290, "fields": {"action_time": "2024-07-11T22:38:24.872Z", "user": [1], "content_type": ["user", "user"], "object_id": "1", "object_repr": "admin", "action_flag": 2, "change_message": "[{\"changed\": {\"fields\": [\"\\u041f\\u043e\\u0447\\u0442\\u0430 \\u043f\\u043e\\u0434\\u0442\\u0432\\u0435\\u0440\\u0436\\u0434\\u0435\\u043d\\u0430\"]}}]"}}, {"model": "admin.logentry", "pk": 291, "fields": {"action_time": "2024-07-11T22:40:24.136Z", "user": [1], "content_type": ["notifications", "usernotification"], "object_id": "6", "object_repr": "пользователь подтвердил почту", "action_flag": 3, "change_message": ""}}, {"model": "admin.logentry", "pk": 292, "fields": {"action_time": "2024-07-11T22:40:24.242Z", "user": [1], "content_type": ["notifications", "usernotification"], "object_id": "5", "object_repr": "пользователь подтвердил почту", "action_flag": 3, "change_message": ""}}, {"model": "admin.logentry", "pk": 293, "fields": {"action_time": "2024-07-11T22:40:24.298Z", "user": [1], "content_type": ["notifications", "usernotification"], "object_id": "4", "object_repr": "пользователь подтвердил почту", "action_flag": 3, "change_message": ""}}, {"model": "admin.logentry", "pk": 294, "fields": {"action_time": "2024-07-11T22:40:24.389Z", "user": [1], "content_type": ["notifications", "usernotification"], "object_id": "3", "object_repr": "пользователь подтвердил почту", "action_flag": 3, "change_message": ""}}, {"model": "admin.logentry", "pk": 295, "fields": {"action_time": "2024-07-11T22:40:24.447Z", "user": [1], "content_type": ["notifications", "usernotification"], "object_id": "2", "object_repr": "пользователь подтвердил почту", "action_flag": 3, "change_message": ""}}, {"model": "admin.logentry", "pk": 296, "fields": {"action_time": "2024-07-11T22:40:47.573Z", "user": [1], "content_type": ["user", "user"], "object_id": "1", "object_repr": "admin", "action_flag": 2, "change_message": "[{\"changed\": {\"fields\": [\"\\u041f\\u043e\\u0447\\u0442\\u0430 \\u043f\\u043e\\u0434\\u0442\\u0432\\u0435\\u0440\\u0436\\u0434\\u0435\\u043d\\u0430\"]}}]"}}, {"model": "admin.logentry", "pk": 297, "fields": {"action_time": "2024-07-11T22:40:59.172Z", "user": [1], "content_type": ["user", "user"], "object_id": "1", "object_repr": "admin", "action_flag": 2, "change_message": "[{\"changed\": {\"fields\": [\"\\u041f\\u043e\\u0447\\u0442\\u0430 \\u043f\\u043e\\u0434\\u0442\\u0432\\u0435\\u0440\\u0436\\u0434\\u0435\\u043d\\u0430\"]}}]"}}, {"model": "admin.logentry", "pk": 298, "fields": {"action_time": "2024-07-11T22:42:08.375Z", "user": [1], "content_type": ["user", "user"], "object_id": "1", "object_repr": "admin", "action_flag": 2, "change_message": "[{\"changed\": {\"fields\": [\"\\u041f\\u043e\\u0447\\u0442\\u0430 \\u043f\\u043e\\u0434\\u0442\\u0432\\u0435\\u0440\\u0436\\u0434\\u0435\\u043d\\u0430\"]}}]"}}, {"model": "admin.logentry", "pk": 299, "fields": {"action_time": "2024-07-11T22:42:20.085Z", "user": [1], "content_type": ["user", "user"], "object_id": "1", "object_repr": "admin", "action_flag": 2, "change_message": "[{\"changed\": {\"fields\": [\"\\u041f\\u043e\\u0447\\u0442\\u0430 \\u043f\\u043e\\u0434\\u0442\\u0432\\u0435\\u0440\\u0436\\u0434\\u0435\\u043d\\u0430\"]}}]"}}, {"model": "admin.logentry", "pk": 300, "fields": {"action_time": "2024-07-20T15:44:01.306Z", "user": [1], "content_type": ["settings", "sitesettings"], "object_id": "1", "object_repr": "Настройки сайта", "action_flag": 2, "change_message": "[{\"changed\": {\"name\": \"\\u041b\\u043e\\u0433\\u043e\\u0442\\u0438\\u043f\", \"object\": \"\\u041b\\u043e\\u0433\\u043e\\u0442\\u0438\\u043f\", \"fields\": [\"\\u0428\\u0438\\u0440\\u0438\\u043d\\u0430\", \"\\u0412\\u044b\\u0441\\u043e\\u0442\\u0430\"]}}]"}}, {"model": "admin.logentry", "pk": 301, "fields": {"action_time": "2024-07-20T15:44:49.694Z", "user": [1], "content_type": ["settings", "sitesettings"], "object_id": "1", "object_repr": "Настройки сайта", "action_flag": 2, "change_message": "[{\"changed\": {\"name\": \"\\u041b\\u043e\\u0433\\u043e\\u0442\\u0438\\u043f\", \"object\": \"\\u041b\\u043e\\u0433\\u043e\\u0442\\u0438\\u043f\", \"fields\": [\"\\u0428\\u0438\\u0440\\u0438\\u043d\\u0430\"]}}]"}}, {"model": "admin.logentry", "pk": 302, "fields": {"action_time": "2024-07-21T12:42:17.729Z", "user": [1], "content_type": ["account", "messanger"], "object_id": "1", "object_repr": "Messanger object (1)", "action_flag": 1, "change_message": "[{\"added\": {}}]"}}, {"model": "admin.logentry", "pk": 303, "fields": {"action_time": "2024-07-21T12:44:47.627Z", "user": [1], "content_type": ["common", "socialnetwork"], "object_id": "5", "object_repr": "WhatsApp", "action_flag": 1, "change_message": "[{\"added\": {}}]"}}, {"model": "admin.logentry", "pk": 304, "fields": {"action_time": "2024-07-21T12:45:04.550Z", "user": [1], "content_type": ["account", "messanger"], "object_id": "2", "object_repr": "WhatsApp", "action_flag": 1, "change_message": "[{\"added\": {}}]"}}, {"model": "admin.logentry", "pk": 305, "fields": {"action_time": "2024-07-21T16:25:03.398Z", "user": [1], "content_type": ["user", "user"], "object_id": "1", "object_repr": "admin", "action_flag": 2, "change_message": "[{\"changed\": {\"fields\": [\"\\u041d\\u043e\\u043c\\u0435\\u0440 \\u0442\\u0435\\u043b\\u0435\\u0444\\u043e\\u043d\\u0430\"]}}]"}}, {"model": "admin.logentry", "pk": 306, "fields": {"action_time": "2024-07-21T18:22:01.818Z", "user": [1], "content_type": ["account", "messanger"], "object_id": "1", "object_repr": "Телеграм", "action_flag": 1, "change_message": "[{\"added\": {}}]"}}, {"model": "admin.logentry", "pk": 307, "fields": {"action_time": "2024-07-21T18:22:08.275Z", "user": [1], "content_type": ["account", "messanger"], "object_id": "2", "object_repr": "WhatsApp", "action_flag": 1, "change_message": "[{\"added\": {}}]"}}, {"model": "admin.logentry", "pk": 308, "fields": {"action_time": "2024-07-21T18:43:01.841Z", "user": [1], "content_type": ["user", "user"], "object_id": "4", "object_repr": "rerere", "action_flag": 2, "change_message": "[{\"changed\": {\"fields\": [\"\\u041f\\u043e\\u0447\\u0442\\u0430 \\u043f\\u043e\\u0434\\u0442\\u0432\\u0435\\u0440\\u0436\\u0434\\u0435\\u043d\\u0430\"]}}]"}}, {"model": "admin.logentry", "pk": 309, "fields": {"action_time": "2024-07-21T18:43:28.180Z", "user": [1], "content_type": ["user", "user"], "object_id": "4", "object_repr": "rerere", "action_flag": 2, "change_message": "[{\"changed\": {\"fields\": [\"\\u041f\\u043e\\u0447\\u0442\\u0430 \\u043f\\u043e\\u0434\\u0442\\u0432\\u0435\\u0440\\u0436\\u0434\\u0435\\u043d\\u0430\"]}}]"}}, {"model": "admin.logentry", "pk": 310, "fields": {"action_time": "2024-07-21T22:51:22.693Z", "user": [1], "content_type": ["blocks", "navbar"], "object_id": "1", "object_repr": "Навбар (Партнерам)", "action_flag": 2, "change_message": "[{\"changed\": {\"name\": \"\\u041a\\u0430\\u0441\\u0442\\u043e\\u043c\\u043d\\u044b\\u0435 \\u0441\\u0442\\u0438\\u043b\\u0438\", \"object\": \"NavbarCustomStyles object (1)\", \"fields\": [\"\\u0426\\u0432\\u0435\\u0442 \\u0444\\u043e\\u043d\\u0430\"]}}]"}}, {"model": "admin.logentry", "pk": 311, "fields": {"action_time": "2024-07-21T22:51:37.614Z", "user": [1], "content_type": ["blocks", "navbar"], "object_id": "1", "object_repr": "Навбар (Партнерам)", "action_flag": 2, "change_message": "[{\"changed\": {\"name\": \"\\u041a\\u0430\\u0441\\u0442\\u043e\\u043c\\u043d\\u044b\\u0435 \\u0441\\u0442\\u0438\\u043b\\u0438\", \"object\": \"NavbarCustomStyles object (1)\", \"fields\": [\"\\u0426\\u0432\\u0435\\u0442 \\u0444\\u043e\\u043d\\u0430\"]}}]"}}, {"model": "admin.logentry", "pk": 312, "fields": {"action_time": "2024-07-22T14:13:28.783Z", "user": [1], "content_type": ["blocks", "catalogblock"], "object_id": "13", "object_repr": "Каталог (Дебетовые карты с бонусом)(1)", "action_flag": 3, "change_message": ""}}, {"model": "admin.logentry", "pk": 313, "fields": {"action_time": "2024-07-22T14:48:46.188Z", "user": [1], "content_type": ["catalog", "catalogpagetemplate"], "object_id": "1", "object_repr": "Шаблон каталога", "action_flag": 2, "change_message": "[{\"added\": {\"name\": \"\\u0411\\u043b\\u043e\\u043a\", \"object\": \"\\u041a\\u0430\\u0442\\u0430\\u043b\\u043e\\u0433 (tytytytytyt)\"}}]"}}, {"model": "admin.logentry", "pk": 314, "fields": {"action_time": "2024-07-22T14:49:05.560Z", "user": [1], "content_type": ["catalog", "catalogpagetemplate"], "object_id": "1", "object_repr": "Шаблон каталога", "action_flag": 2, "change_message": "[{\"changed\": {\"name\": \"\\u0411\\u043b\\u043e\\u043a\", \"object\": \"\\u041a\\u0430\\u0442\\u0430\\u043b\\u043e\\u0433 (tytytytytyt)\", \"fields\": [\"My order\"]}}]"}}, {"model": "admin.logentry", "pk": 315, "fields": {"action_time": "2024-07-22T14:50:01.499Z", "user": [1], "content_type": ["catalog", "catalogpagetemplate"], "object_id": "1", "object_repr": "Шаблон каталога", "action_flag": 2, "change_message": "[{\"changed\": {\"name\": \"\\u0411\\u043b\\u043e\\u043a\", \"object\": \"\\u041a\\u0430\\u0442\\u0430\\u043b\\u043e\\u0433 (\\u0414\\u0435\\u0431\\u0435\\u0442\\u043e\\u0432\\u044b\\u0435 \\u043a\\u0430\\u0440\\u0442\\u044b \\u0441 \\u0431\\u043e\\u043d\\u0443\\u0441\\u043e\\u043c)\", \"fields\": [\"\\u0411\\u043b\\u043e\\u043a\"]}}]"}}, {"model": "admin.logentry", "pk": 316, "fields": {"action_time": "2024-07-23T17:55:37.931Z", "user": [1], "content_type": ["user", "user"], "object_id": "1", "object_repr": "admin", "action_flag": 2, "change_message": "[{\"changed\": {\"fields\": [\"\\u041f\\u043e\\u0447\\u0442\\u0430 \\u043f\\u043e\\u0434\\u0442\\u0432\\u0435\\u0440\\u0436\\u0434\\u0435\\u043d\\u0430\"]}}]"}}, {"model": "admin.logentry", "pk": 317, "fields": {"action_time": "2024-07-23T17:55:59.299Z", "user": [1], "content_type": ["user", "user"], "object_id": "1", "object_repr": "admin", "action_flag": 2, "change_message": "[{\"changed\": {\"fields\": [\"\\u041f\\u043e\\u0447\\u0442\\u0430 \\u043f\\u043e\\u0434\\u0442\\u0432\\u0435\\u0440\\u0436\\u0434\\u0435\\u043d\\u0430\"]}}]"}}, {"model": "admin.logentry", "pk": 318, "fields": {"action_time": "2024-07-23T17:56:40.845Z", "user": [1], "content_type": ["user", "user"], "object_id": "1", "object_repr": "admin", "action_flag": 2, "change_message": "[{\"changed\": {\"fields\": [\"\\u041f\\u043e\\u0447\\u0442\\u0430 \\u043f\\u043e\\u0434\\u0442\\u0432\\u0435\\u0440\\u0436\\u0434\\u0435\\u043d\\u0430\"]}}]"}}, {"model": "admin.logentry", "pk": 319, "fields": {"action_time": "2024-07-23T17:58:56.477Z", "user": [1], "content_type": ["user", "user"], "object_id": "1", "object_repr": "admin", "action_flag": 2, "change_message": "[{\"changed\": {\"fields\": [\"\\u041f\\u043e\\u0447\\u0442\\u0430 \\u043f\\u043e\\u0434\\u0442\\u0432\\u0435\\u0440\\u0436\\u0434\\u0435\\u043d\\u0430\"]}}]"}}, {"model": "admin.logentry", "pk": 320, "fields": {"action_time": "2024-07-24T12:56:25.751Z", "user": [1], "content_type": ["user", "user"], "object_id": "1", "object_repr": "admin", "action_flag": 2, "change_message": "[{\"changed\": {\"fields\": [\"\\u041f\\u043e\\u0447\\u0442\\u0430 \\u043f\\u043e\\u0434\\u0442\\u0432\\u0435\\u0440\\u0436\\u0434\\u0435\\u043d\\u0430\"]}}]"}}, {"model": "admin.logentry", "pk": 321, "fields": {"action_time": "2024-07-24T12:56:44.841Z", "user": [1], "content_type": ["user", "user"], "object_id": "1", "object_repr": "admin", "action_flag": 2, "change_message": "[{\"changed\": {\"fields\": [\"\\u041f\\u043e\\u0447\\u0442\\u0430 \\u043f\\u043e\\u0434\\u0442\\u0432\\u0435\\u0440\\u0436\\u0434\\u0435\\u043d\\u0430\"]}}]"}}, {"model": "admin.logentry", "pk": 322, "fields": {"action_time": "2024-07-24T13:04:32.335Z", "user": [1], "content_type": ["user", "user"], "object_id": "1", "object_repr": "admin", "action_flag": 2, "change_message": "[{\"changed\": {\"fields\": [\"\\u041f\\u043e\\u0447\\u0442\\u0430 \\u043f\\u043e\\u0434\\u0442\\u0432\\u0435\\u0440\\u0436\\u0434\\u0435\\u043d\\u0430\"]}}]"}}, {"model": "admin.logentry", "pk": 323, "fields": {"action_time": "2024-07-24T13:04:47.253Z", "user": [1], "content_type": ["user", "user"], "object_id": "1", "object_repr": "admin", "action_flag": 2, "change_message": "[{\"changed\": {\"fields\": [\"\\u041f\\u043e\\u0447\\u0442\\u0430 \\u043f\\u043e\\u0434\\u0442\\u0432\\u0435\\u0440\\u0436\\u0434\\u0435\\u043d\\u0430\"]}}]"}}, {"model": "admin.logentry", "pk": 324, "fields": {"action_time": "2024-07-24T13:27:16.480Z", "user": [1], "content_type": ["user", "user"], "object_id": "1", "object_repr": "admin", "action_flag": 2, "change_message": "[{\"changed\": {\"fields\": [\"\\u041f\\u043e\\u0447\\u0442\\u0430 \\u043f\\u043e\\u0434\\u0442\\u0432\\u0435\\u0440\\u0436\\u0434\\u0435\\u043d\\u0430\"]}}]"}}, {"model": "admin.logentry", "pk": 325, "fields": {"action_time": "2024-07-24T13:27:30.969Z", "user": [1], "content_type": ["user", "user"], "object_id": "1", "object_repr": "admin", "action_flag": 2, "change_message": "[{\"changed\": {\"fields\": [\"\\u041f\\u043e\\u0447\\u0442\\u0430 \\u043f\\u043e\\u0434\\u0442\\u0432\\u0435\\u0440\\u0436\\u0434\\u0435\\u043d\\u0430\"]}}]"}}, {"model": "admin.logentry", "pk": 326, "fields": {"action_time": "2024-07-24T13:28:44.319Z", "user": [1], "content_type": ["user", "user"], "object_id": "1", "object_repr": "admin", "action_flag": 2, "change_message": "[{\"changed\": {\"fields\": [\"\\u041f\\u043e\\u0447\\u0442\\u0430 \\u043f\\u043e\\u0434\\u0442\\u0432\\u0435\\u0440\\u0436\\u0434\\u0435\\u043d\\u0430\"]}}]"}}, {"model": "admin.logentry", "pk": 327, "fields": {"action_time": "2024-07-24T13:28:59.282Z", "user": [1], "content_type": ["user", "user"], "object_id": "1", "object_repr": "admin", "action_flag": 2, "change_message": "[{\"changed\": {\"fields\": [\"\\u041f\\u043e\\u0447\\u0442\\u0430 \\u043f\\u043e\\u0434\\u0442\\u0432\\u0435\\u0440\\u0436\\u0434\\u0435\\u043d\\u0430\"]}}]"}}, {"model": "admin.logentry", "pk": 328, "fields": {"action_time": "2024-07-24T13:32:54.282Z", "user": [1], "content_type": ["user", "user"], "object_id": "1", "object_repr": "admin", "action_flag": 2, "change_message": "[{\"changed\": {\"fields\": [\"\\u041f\\u043e\\u0447\\u0442\\u0430 \\u043f\\u043e\\u0434\\u0442\\u0432\\u0435\\u0440\\u0436\\u0434\\u0435\\u043d\\u0430\"]}}]"}}, {"model": "admin.logentry", "pk": 329, "fields": {"action_time": "2024-07-24T13:33:09.639Z", "user": [1], "content_type": ["user", "user"], "object_id": "1", "object_repr": "admin", "action_flag": 2, "change_message": "[{\"changed\": {\"fields\": [\"\\u041f\\u043e\\u0447\\u0442\\u0430 \\u043f\\u043e\\u0434\\u0442\\u0432\\u0435\\u0440\\u0436\\u0434\\u0435\\u043d\\u0430\"]}}]"}}, {"model": "admin.logentry", "pk": 330, "fields": {"action_time": "2024-07-24T13:56:24.856Z", "user": [1], "content_type": ["user", "user"], "object_id": "1", "object_repr": "admin", "action_flag": 2, "change_message": "[{\"changed\": {\"fields\": [\"\\u041f\\u043e\\u0447\\u0442\\u0430 \\u043f\\u043e\\u0434\\u0442\\u0432\\u0435\\u0440\\u0436\\u0434\\u0435\\u043d\\u0430\"]}}]"}}, {"model": "admin.logentry", "pk": 331, "fields": {"action_time": "2024-07-24T13:56:41.104Z", "user": [1], "content_type": ["user", "user"], "object_id": "1", "object_repr": "admin", "action_flag": 2, "change_message": "[{\"changed\": {\"fields\": [\"\\u041f\\u043e\\u0447\\u0442\\u0430 \\u043f\\u043e\\u0434\\u0442\\u0432\\u0435\\u0440\\u0436\\u0434\\u0435\\u043d\\u0430\"]}}]"}}, {"model": "admin.logentry", "pk": 332, "fields": {"action_time": "2024-07-24T17:42:39.269Z", "user": [1], "content_type": ["user", "user"], "object_id": "1", "object_repr": "admin", "action_flag": 2, "change_message": "[{\"changed\": {\"fields\": [\"\\u041f\\u043e\\u0447\\u0442\\u0430 \\u043f\\u043e\\u0434\\u0442\\u0432\\u0435\\u0440\\u0436\\u0434\\u0435\\u043d\\u0430\"]}}]"}}, {"model": "admin.logentry", "pk": 333, "fields": {"action_time": "2024-07-24T17:42:49.390Z", "user": [1], "content_type": ["user", "user"], "object_id": "1", "object_repr": "admin", "action_flag": 2, "change_message": "[{\"changed\": {\"fields\": [\"\\u041f\\u043e\\u0447\\u0442\\u0430 \\u043f\\u043e\\u0434\\u0442\\u0432\\u0435\\u0440\\u0436\\u0434\\u0435\\u043d\\u0430\"]}}]"}}, {"model": "admin.logentry", "pk": 334, "fields": {"action_time": "2024-07-24T17:43:22.271Z", "user": [1], "content_type": ["user", "user"], "object_id": "1", "object_repr": "admin", "action_flag": 2, "change_message": "[{\"changed\": {\"fields\": [\"\\u041f\\u043e\\u0447\\u0442\\u0430 \\u043f\\u043e\\u0434\\u0442\\u0432\\u0435\\u0440\\u0436\\u0434\\u0435\\u043d\\u0430\"]}}]"}}, {"model": "admin.logentry", "pk": 335, "fields": {"action_time": "2024-07-24T17:43:30.642Z", "user": [1], "content_type": ["user", "user"], "object_id": "1", "object_repr": "admin", "action_flag": 2, "change_message": "[{\"changed\": {\"fields\": [\"\\u041f\\u043e\\u0447\\u0442\\u0430 \\u043f\\u043e\\u0434\\u0442\\u0432\\u0435\\u0440\\u0436\\u0434\\u0435\\u043d\\u0430\"]}}]"}}, {"model": "admin.logentry", "pk": 336, "fields": {"action_time": "2024-07-24T17:50:48.468Z", "user": [1], "content_type": ["user", "user"], "object_id": "1", "object_repr": "admin", "action_flag": 2, "change_message": "[{\"changed\": {\"fields\": [\"\\u041f\\u043e\\u0447\\u0442\\u0430 \\u043f\\u043e\\u0434\\u0442\\u0432\\u0435\\u0440\\u0436\\u0434\\u0435\\u043d\\u0430\"]}}]"}}, {"model": "admin.logentry", "pk": 337, "fields": {"action_time": "2024-07-24T17:50:57.303Z", "user": [1], "content_type": ["user", "user"], "object_id": "1", "object_repr": "admin", "action_flag": 2, "change_message": "[{\"changed\": {\"fields\": [\"\\u041f\\u043e\\u0447\\u0442\\u0430 \\u043f\\u043e\\u0434\\u0442\\u0432\\u0435\\u0440\\u0436\\u0434\\u0435\\u043d\\u0430\"]}}]"}}, {"model": "admin.logentry", "pk": 338, "fields": {"action_time": "2024-07-25T14:41:16.050Z", "user": [1], "content_type": ["user", "user"], "object_id": "7", "object_repr": "мамашмам", "action_flag": 3, "change_message": ""}}, {"model": "admin.logentry", "pk": 339, "fields": {"action_time": "2024-07-25T14:41:16.132Z", "user": [1], "content_type": ["user", "user"], "object_id": "6", "object_repr": "мамашмам", "action_flag": 3, "change_message": ""}}, {"model": "admin.logentry", "pk": 340, "fields": {"action_time": "2024-07-25T14:41:16.232Z", "user": [1], "content_type": ["user", "user"], "object_id": "5", "object_repr": "мамашмам", "action_flag": 3, "change_message": ""}}, {"model": "admin.logentry", "pk": 341, "fields": {"action_time": "2024-07-25T14:41:42.868Z", "user": [1], "content_type": ["user", "user"], "object_id": "1", "object_repr": "admin", "action_flag": 2, "change_message": "[{\"changed\": {\"fields\": [\"E-mail\"]}}]"}}, {"model": "admin.logentry", "pk": 342, "fields": {"action_time": "2024-07-25T14:44:15.065Z", "user": [1], "content_type": ["user", "user"], "object_id": "9", "object_repr": "мамашмам", "action_flag": 3, "change_message": ""}}, {"model": "admin.logentry", "pk": 343, "fields": {"action_time": "2024-07-25T14:44:15.238Z", "user": [1], "content_type": ["user", "user"], "object_id": "8", "object_repr": "мамашмам", "action_flag": 3, "change_message": ""}}, {"model": "admin.logentry", "pk": 344, "fields": {"action_time": "2024-07-25T14:47:50.334Z", "user": [1], "content_type": ["user", "user"], "object_id": "10", "object_repr": "мамашмам", "action_flag": 3, "change_message": ""}}, {"model": "admin.logentry", "pk": 345, "fields": {"action_time": "2024-07-26T18:25:09.266Z", "user": [1], "content_type": ["user", "user"], "object_id": "1", "object_repr": "admin", "action_flag": 2, "change_message": "[{\"changed\": {\"fields\": [\"E-mail\"]}}]"}}, {"model": "admin.logentry", "pk": 346, "fields": {"action_time": "2024-07-26T18:25:27.005Z", "user": [1], "content_type": ["domens", "site"], "object_id": "1", "object_repr": "pupkin", "action_flag": 3, "change_message": ""}}, {"model": "admin.logentry", "pk": 347, "fields": {"action_time": "2024-07-26T18:40:34.658Z", "user": [1], "content_type": ["domens", "site"], "object_id": "2", "object_repr": "pupkin", "action_flag": 3, "change_message": ""}}, {"model": "admin.logentry", "pk": 348, "fields": {"action_time": "2024-07-26T18:42:34.045Z", "user": [1], "content_type": ["domens", "site"], "object_id": "3", "object_repr": "pupkin", "action_flag": 3, "change_message": ""}}, {"model": "admin.logentry", "pk": 349, "fields": {"action_time": "2024-07-26T18:43:52.170Z", "user": [1], "content_type": ["domens", "site"], "object_id": "4", "object_repr": "pupkin", "action_flag": 3, "change_message": ""}}, {"model": "admin.logentry", "pk": 350, "fields": {"action_time": "2024-07-26T18:44:16.922Z", "user": [1], "content_type": ["domens", "site"], "object_id": "5", "object_repr": "pupkin", "action_flag": 3, "change_message": ""}}, {"model": "admin.logentry", "pk": 351, "fields": {"action_time": "2024-07-26T18:59:30.786Z", "user": [1], "content_type": ["domens", "site"], "object_id": "6", "object_repr": "pupkin", "action_flag": 3, "change_message": ""}}, {"model": "admin.logentry", "pk": 352, "fields": {"action_time": "2024-07-26T20:39:18.376Z", "user": [1], "content_type": ["domens", "site"], "object_id": "7", "object_repr": "pupkin", "action_flag": 3, "change_message": ""}}, {"model": "admin.logentry", "pk": 353, "fields": {"action_time": "2024-07-26T20:51:37.360Z", "user": [1], "content_type": ["user", "user"], "object_id": "11", "object_repr": "мамашмам", "action_flag": 3, "change_message": ""}}, {"model": "admin.logentry", "pk": 354, "fields": {"action_time": "2024-07-28T10:29:08.327Z", "user": [1], "content_type": ["blocks", "mainpagecatalogblock"], "object_id": "1", "object_repr": "Главная витрина", "action_flag": 2, "change_message": "[{\"added\": {\"name\": \"catalog product type\", \"object\": \"\\u0414\\u0435\\u0431\\u0435\\u0442\\u043e\\u0432\\u044b\\u0435 \\u043a\\u0430\\u0440\\u0442\\u044b \\u0441 \\u0431\\u043e\\u043d\\u0443\\u0441\\u043e\\u043c\"}}]"}}, {"model": "admin.logentry", "pk": 355, "fields": {"action_time": "2024-07-28T10:29:22.595Z", "user": [1], "content_type": ["blocks", "mainpagecatalogblock"], "object_id": "2", "object_repr": "Дополнительная витрина", "action_flag": 2, "change_message": "[{\"added\": {\"name\": \"catalog product type\", \"object\": \"\\u041a\\u0440\\u0435\\u0434\\u0438\\u0442\\u043d\\u044b\\u0435 \\u043a\\u0430\\u0440\\u0442\\u044b \\u0441 \\u0431\\u043e\\u043d\\u0443\\u0441\\u043e\\u043c\"}}]"}}, {"model": "admin.logentry", "pk": 356, "fields": {"action_time": "2024-07-28T10:39:23.782Z", "user": [1], "content_type": ["blocks", "catalogblock"], "object_id": "1", "object_repr": "Каталог (Дебетовые карты с бонусом)", "action_flag": 2, "change_message": "[{\"added\": {\"name\": \"catalog product\", \"object\": \"\\u0421\\u0431\\u0435\\u0440\\u041a\\u0430\\u0440\\u0442\\u0430\"}}]"}}, {"model": "admin.logentry", "pk": 357, "fields": {"action_time": "2024-07-28T10:40:22.779Z", "user": [1], "content_type": ["blocks", "catalogblock"], "object_id": "14", "object_repr": "Каталог (Дебетовые карты с бонусом)(1)", "action_flag": 3, "change_message": ""}}, {"model": "admin.logentry", "pk": 358, "fields": {"action_time": "2024-07-28T10:40:49.705Z", "user": [1], "content_type": ["blocks", "mainpagecatalogblock"], "object_id": "2", "object_repr": "Дополнительная витрина", "action_flag": 2, "change_message": "[{\"deleted\": {\"name\": \"catalog product type\", \"object\": \"\\u041a\\u0440\\u0435\\u0434\\u0438\\u0442\\u043d\\u044b\\u0435 \\u043a\\u0430\\u0440\\u0442\\u044b \\u0441 \\u0431\\u043e\\u043d\\u0443\\u0441\\u043e\\u043c\"}}]"}}, {"model": "admin.logentry", "pk": 359, "fields": {"action_time": "2024-07-28T10:41:14.665Z", "user": [1], "content_type": ["blocks", "mainpagecatalogblock"], "object_id": "1", "object_repr": "Главная витрина", "action_flag": 2, "change_message": "[{\"deleted\": {\"name\": \"catalog product type\", \"object\": \"\\u0414\\u0435\\u0431\\u0435\\u0442\\u043e\\u0432\\u044b\\u0435 \\u043a\\u0430\\u0440\\u0442\\u044b \\u0441 \\u0431\\u043e\\u043d\\u0443\\u0441\\u043e\\u043c\"}}]"}}, {"model": "admin.logentry", "pk": 360, "fields": {"action_time": "2024-07-28T11:10:45.895Z", "user": [1], "content_type": ["settings", "sitesettings"], "object_id": "1", "object_repr": "Настройки сайта", "action_flag": 2, "change_message": "[{\"changed\": {\"fields\": [\"\\u0420\\u0430\\u0437\\u043c\\u0435\\u0440 \\u043f\\u043e\\u043b\\u044c\\u0437\\u043e\\u0432\\u0430\\u0442\\u0435\\u043b\\u044c\\u0441\\u043a\\u043e\\u0433\\u043e \\u0448\\u0440\\u0438\\u0444\\u0442\\u0430 \\u043f\\u043e \\u0443\\u043c\\u043e\\u043b\\u0447\\u0430\\u043d\\u0438\\u044e\"]}}]"}}, {"model": "admin.logentry", "pk": 361, "fields": {"action_time": "2024-07-28T11:17:56.742Z", "user": [1], "content_type": ["domens", "site"], "object_id": "8", "object_repr": "pupkin", "action_flag": 2, "change_message": "[{\"changed\": {\"fields\": [\"\\u0414\\u043e\\u043c\\u0435\\u043d\", \"\\u0420\\u0435\\u043a\\u043b\\u0430\\u043c\\u043d\\u044b\\u0439 \\u043a\\u0430\\u043d\\u0430\\u043b\", \"\\u0420\\u0430\\u0437\\u043c\\u0435\\u0440 \\u0448\\u0440\\u0438\\u0444\\u0442\\u0430\"]}}]"}}, {"model": "admin.logentry", "pk": 362, "fields": {"action_time": "2024-07-28T14:04:22.159Z", "user": [1], "content_type": ["user", "user"], "object_id": "1", "object_repr": "admin", "action_flag": 2, "change_message": "[{\"changed\": {\"fields\": [\"\\u041f\\u043e\\u0447\\u0442\\u0430 \\u043f\\u043e\\u0434\\u0442\\u0432\\u0435\\u0440\\u0436\\u0434\\u0435\\u043d\\u0430\"]}}]"}}, {"model": "admin.logentry", "pk": 363, "fields": {"action_time": "2024-07-28T14:04:33.631Z", "user": [1], "content_type": ["user", "user"], "object_id": "1", "object_repr": "admin", "action_flag": 2, "change_message": "[{\"changed\": {\"fields\": [\"\\u041f\\u043e\\u0447\\u0442\\u0430 \\u043f\\u043e\\u0434\\u0442\\u0432\\u0435\\u0440\\u0436\\u0434\\u0435\\u043d\\u0430\"]}}]"}}, {"model": "admin.logentry", "pk": 364, "fields": {"action_time": "2024-07-28T20:49:03.771Z", "user": [1], "content_type": ["user", "user"], "object_id": "12", "object_repr": "мамашмам", "action_flag": 3, "change_message": ""}}, {"model": "admin.logentry", "pk": 365, "fields": {"action_time": "2024-07-28T20:49:03.851Z", "user": [1], "content_type": ["user", "user"], "object_id": "4", "object_repr": "rerere", "action_flag": 3, "change_message": ""}}, {"model": "admin.logentry", "pk": 366, "fields": {"action_time": "2024-07-28T20:49:04.557Z", "user": [1], "content_type": ["user", "user"], "object_id": "2", "object_repr": "timofey", "action_flag": 3, "change_message": ""}}, {"model": "admin.logentry", "pk": 367, "fields": {"action_time": "2024-07-28T20:49:16.893Z", "user": [1], "content_type": ["user", "user"], "object_id": "1", "object_repr": "admin", "action_flag": 2, "change_message": "[{\"changed\": {\"fields\": [\"\\u041f\\u043e\\u0447\\u0442\\u0430 \\u043f\\u043e\\u0434\\u0442\\u0432\\u0435\\u0440\\u0436\\u0434\\u0435\\u043d\\u0430\"]}}]"}}, {"model": "admin.logentry", "pk": 368, "fields": {"action_time": "2024-07-28T22:28:15.763Z", "user": [1], "content_type": ["user", "user"], "object_id": "1", "object_repr": "admin", "action_flag": 2, "change_message": "[{\"changed\": {\"fields\": [\"E-mail\", \"\\u041f\\u043e\\u0447\\u0442\\u0430 \\u043f\\u043e\\u0434\\u0442\\u0432\\u0435\\u0440\\u0436\\u0434\\u0435\\u043d\\u0430\"]}}]"}}, {"model": "admin.logentry", "pk": 369, "fields": {"action_time": "2024-07-28T22:37:48.844Z", "user": [1], "content_type": ["user", "user"], "object_id": "13", "object_repr": "мамашмам", "action_flag": 3, "change_message": ""}}, {"model": "admin.logentry", "pk": 370, "fields": {"action_time": "2024-07-30T13:05:44.714Z", "user": [1], "content_type": ["settings", "sitesettings"], "object_id": "1", "object_repr": "Настройки сайта", "action_flag": 2, "change_message": "[{\"changed\": {\"name\": \"\\u041b\\u043e\\u0433\\u043e\\u0442\\u0438\\u043f\", \"object\": \"\\u041b\\u043e\\u0433\\u043e\\u0442\\u0438\\u043f\", \"fields\": [\"\\u0418\\u0437\\u043e\\u0431\\u0440\\u0430\\u0436\\u0435\\u043d\\u0438\\u0435\"]}}, {\"changed\": {\"name\": \"\\u041b\\u043e\\u0433\\u043e\\u0442\\u0438\\u043f \\u0434\\u043b\\u044f \\u0444\\u043e\\u0440\\u043c\", \"object\": \"\\u041b\\u043e\\u0433\\u043e\\u0442\\u0438\\u043f \\u0434\\u043b\\u044f \\u0444\\u043e\\u0440\\u043c\", \"fields\": [\"\\u0418\\u0437\\u043e\\u0431\\u0440\\u0430\\u0436\\u0435\\u043d\\u0438\\u0435\"]}}]"}}, {"model": "admin.logentry", "pk": 371, "fields": {"action_time": "2024-07-30T13:06:58.828Z", "user": [1], "content_type": ["settings", "sitesettings"], "object_id": "1", "object_repr": "Настройки сайта", "action_flag": 2, "change_message": "[{\"changed\": {\"name\": \"\\u041b\\u043e\\u0433\\u043e\\u0442\\u0438\\u043f\", \"object\": \"\\u041b\\u043e\\u0433\\u043e\\u0442\\u0438\\u043f\", \"fields\": [\"\\u0428\\u0438\\u0440\\u0438\\u043d\\u0430\", \"\\u0412\\u044b\\u0441\\u043e\\u0442\\u0430\"]}}, {\"changed\": {\"name\": \"\\u041b\\u043e\\u0433\\u043e\\u0442\\u0438\\u043f \\u0434\\u043b\\u044f \\u0444\\u043e\\u0440\\u043c\", \"object\": \"\\u041b\\u043e\\u0433\\u043e\\u0442\\u0438\\u043f \\u0434\\u043b\\u044f \\u0444\\u043e\\u0440\\u043c\", \"fields\": [\"\\u0428\\u0438\\u0440\\u0438\\u043d\\u0430\", \"\\u0412\\u044b\\u0441\\u043e\\u0442\\u0430\"]}}]"}}, {"model": "admin.logentry", "pk": 372, "fields": {"action_time": "2024-08-01T15:52:07.736Z", "user": [1], "content_type": ["user", "user"], "object_id": "1", "object_repr": "admin", "action_flag": 2, "change_message": "[{\"changed\": {\"fields\": [\"\\u041f\\u043e\\u0447\\u0442\\u0430 \\u043f\\u043e\\u0434\\u0442\\u0432\\u0435\\u0440\\u0436\\u0434\\u0435\\u043d\\u0430\"]}}]"}}, {"model": "admin.logentry", "pk": 373, "fields": {"action_time": "2024-08-01T15:59:15.098Z", "user": [1], "content_type": ["user", "user"], "object_id": "1", "object_repr": "admin", "action_flag": 2, "change_message": "[{\"changed\": {\"fields\": [\"\\u0424\\u0430\\u043c\\u043b\\u0438\\u044f\"]}}]"}}, {"model": "admin.logentry", "pk": 374, "fields": {"action_time": "2024-08-01T16:55:06.908Z", "user": [1], "content_type": ["user", "user"], "object_id": "1", "object_repr": "admin", "action_flag": 2, "change_message": "[{\"changed\": {\"fields\": [\"\\u0424\\u0430\\u043c\\u043b\\u0438\\u044f\"]}}]"}}, {"model": "admin.logentry", "pk": 375, "fields": {"action_time": "2024-08-01T21:21:07.050Z", "user": [1], "content_type": ["user", "user"], "object_id": "1", "object_repr": "admin", "action_flag": 2, "change_message": "[{\"changed\": {\"fields\": [\"\\u0424\\u0430\\u043c\\u043b\\u0438\\u044f\"]}}]"}}, {"model": "admin.logentry", "pk": 376, "fields": {"action_time": "2024-08-01T21:22:41.280Z", "user": [1], "content_type": ["user", "user"], "object_id": "1", "object_repr": "admin", "action_flag": 2, "change_message": "[{\"changed\": {\"fields\": [\"\\u0424\\u0430\\u043c\\u043b\\u0438\\u044f\"]}}]"}}, {"model": "admin.logentry", "pk": 377, "fields": {"action_time": "2024-08-01T21:24:37.332Z", "user": [1], "content_type": ["user", "user"], "object_id": "1", "object_repr": "admin", "action_flag": 2, "change_message": "[{\"changed\": {\"fields\": [\"\\u0424\\u0430\\u043c\\u043b\\u0438\\u044f\"]}}]"}}, {"model": "admin.logentry", "pk": 378, "fields": {"action_time": "2024-08-02T16:02:09.888Z", "user": [1], "content_type": ["user", "user"], "object_id": "15", "object_repr": "Mike", "action_flag": 3, "change_message": ""}}, {"model": "admin.logentry", "pk": 379, "fields": {"action_time": "2024-08-02T16:08:03.266Z", "user": [1], "content_type": ["user", "user"], "object_id": "16", "object_repr": "Mike", "action_flag": 3, "change_message": ""}}, {"model": "admin.logentry", "pk": 380, "fields": {"action_time": "2024-08-02T20:07:24.347Z", "user": [1], "content_type": ["user", "user"], "object_id": "2", "object_repr": "мамашмам", "action_flag": 3, "change_message": ""}}, {"model": "admin.logentry", "pk": 381, "fields": {"action_time": "2024-08-02T20:07:46.599Z", "user": [1], "content_type": ["user", "user"], "object_id": "1", "object_repr": "admin", "action_flag": 2, "change_message": "[{\"changed\": {\"fields\": [\"E-mail\"]}}]"}}, {"model": "admin.logentry", "pk": 382, "fields": {"action_time": "2024-08-02T20:09:30.634Z", "user": [1], "content_type": ["user", "user"], "object_id": "5", "object_repr": "admin23232", "action_flag": 3, "change_message": ""}}, {"model": "admin.logentry", "pk": 383, "fields": {"action_time": "2024-08-03T10:06:54.186Z", "user": [1], "content_type": ["user", "user"], "object_id": "1", "object_repr": "admin", "action_flag": 2, "change_message": "[{\"changed\": {\"fields\": [\"E-mail\"]}}]"}}, {"model": "admin.logentry", "pk": 384, "fields": {"action_time": "2024-08-03T16:24:49.998Z", "user": [1], "content_type": ["user", "user"], "object_id": "10", "object_repr": "мамашмам", "action_flag": 2, "change_message": "[{\"changed\": {\"fields\": [\"\\u0422\\u0435\\u043b\\u0435\\u0444\\u043e\\u043d \\u043f\\u043e\\u0434\\u0442\\u0432\\u0435\\u0440\\u0436\\u0434\\u0435\\u043d\"]}}]"}}, {"model": "admin.logentry", "pk": 385, "fields": {"action_time": "2024-08-03T16:25:38.043Z", "user": [1], "content_type": ["user", "user"], "object_id": "10", "object_repr": "мамашмам", "action_flag": 3, "change_message": ""}}, {"model": "admin.logentry", "pk": 386, "fields": {"action_time": "2024-08-03T16:25:38.087Z", "user": [1], "content_type": ["user", "user"], "object_id": "9", "object_repr": "мамашмам", "action_flag": 3, "change_message": ""}}, {"model": "admin.logentry", "pk": 387, "fields": {"action_time": "2024-08-03T16:25:38.136Z", "user": [1], "content_type": ["user", "user"], "object_id": "8", "object_repr": "мамашмам", "action_flag": 3, "change_message": ""}}, {"model": "admin.logentry", "pk": 388, "fields": {"action_time": "2024-08-03T16:25:38.170Z", "user": [1], "content_type": ["user", "user"], "object_id": "7", "object_repr": "мамашмам", "action_flag": 3, "change_message": ""}}, {"model": "admin.logentry", "pk": 389, "fields": {"action_time": "2024-08-03T16:25:38.215Z", "user": [1], "content_type": ["user", "user"], "object_id": "6", "object_repr": "мамашмам", "action_flag": 3, "change_message": ""}}, {"model": "admin.logentry", "pk": 390, "fields": {"action_time": "2024-08-03T16:27:15.241Z", "user": [1], "content_type": ["user", "user"], "object_id": "1", "object_repr": "admin", "action_flag": 2, "change_message": "[{\"changed\": {\"fields\": [\"E-mail\", \"\\u041f\\u043e\\u0447\\u0442\\u0430 \\u043f\\u043e\\u0434\\u0442\\u0432\\u0435\\u0440\\u0436\\u0434\\u0435\\u043d\\u0430\"]}}]"}}, {"model": "admin.logentry", "pk": 391, "fields": {"action_time": "2024-08-06T10:19:59.583Z", "user": [1], "content_type": ["user", "user"], "object_id": "1", "object_repr": "admin", "action_flag": 2, "change_message": "[{\"changed\": {\"fields\": [\"\\u041d\\u043e\\u0432\\u044b\\u0439 E-main\", \"\\u041f\\u043e\\u0447\\u0442\\u0430 \\u043f\\u043e\\u0434\\u0442\\u0432\\u0435\\u0440\\u0436\\u0434\\u0435\\u043d\\u0430\"]}}]"}}, {"model": "admin.logentry", "pk": 392, "fields": {"action_time": "2024-08-06T10:20:40.237Z", "user": [1], "content_type": ["user", "user"], "object_id": "1", "object_repr": "admin", "action_flag": 2, "change_message": "[{\"changed\": {\"fields\": [\"\\u041d\\u043e\\u0432\\u044b\\u0439 E-main\", \"\\u041f\\u043e\\u0447\\u0442\\u0430 \\u043f\\u043e\\u0434\\u0442\\u0432\\u0435\\u0440\\u0436\\u0434\\u0435\\u043d\\u0430\"]}}]"}}, {"model": "admin.logentry", "pk": 393, "fields": {"action_time": "2024-08-06T10:21:39.902Z", "user": [1], "content_type": ["user", "user"], "object_id": "1", "object_repr": "admin", "action_flag": 2, "change_message": "[{\"changed\": {\"fields\": [\"\\u041d\\u043e\\u0432\\u044b\\u0439 E-main\", \"\\u041f\\u043e\\u0447\\u0442\\u0430 \\u043f\\u043e\\u0434\\u0442\\u0432\\u0435\\u0440\\u0436\\u0434\\u0435\\u043d\\u0430\"]}}]"}}, {"model": "admin.logentry", "pk": 394, "fields": {"action_time": "2024-08-06T12:42:58.256Z", "user": [1], "content_type": ["account", "userfont"], "object_id": "5", "object_repr": "Pacifico", "action_flag": 1, "change_message": "[{\"added\": {}}]"}}, {"model": "admin.logentry", "pk": 395, "fields": {"action_time": "2024-08-06T12:43:22.083Z", "user": [1], "content_type": ["domens", "site"], "object_id": "8", "object_repr": "pupkin", "action_flag": 2, "change_message": "[{\"changed\": {\"fields\": [\"\\u0428\\u0440\\u0438\\u0444\\u0442\"]}}]"}}, {"model": "admin.logentry", "pk": 396, "fields": {"action_time": "2024-08-06T14:15:36.390Z", "user": [1], "content_type": ["user", "user"], "object_id": "11", "object_repr": "мамашмам", "action_flag": 3, "change_message": ""}}, {"model": "admin.logentry", "pk": 397, "fields": {"action_time": "2024-08-06T14:16:20.456Z", "user": [1], "content_type": ["user", "user"], "object_id": "1", "object_repr": "admin", "action_flag": 2, "change_message": "[{\"changed\": {\"fields\": [\"E-mail\", \"\\u041d\\u043e\\u0432\\u044b\\u0439 E-main\", \"\\u041f\\u043e\\u0447\\u0442\\u0430 \\u043f\\u043e\\u0434\\u0442\\u0432\\u0435\\u0440\\u0436\\u0434\\u0435\\u043d\\u0430\"]}}]"}}, {"model": "admin.logentry", "pk": 398, "fields": {"action_time": "2024-08-06T14:37:12.795Z", "user": [1], "content_type": ["account", "userfont"], "object_id": "6", "object_repr": "Bona Nova", "action_flag": 1, "change_message": "[{\"added\": {}}]"}}, {"model": "admin.logentry", "pk": 399, "fields": {"action_time": "2024-08-06T15:04:05.546Z", "user": [1], "content_type": ["domens", "site"], "object_id": "10", "object_repr": "alfa", "action_flag": 2, "change_message": "[{\"changed\": {\"fields\": [\"\\u0414\\u043e\\u043c\\u0435\\u043d\", \"\\u0420\\u0435\\u043a\\u043b\\u0430\\u043c\\u043d\\u044b\\u0439 \\u043a\\u0430\\u043d\\u0430\\u043b\"]}}]"}}, {"model": "admin.logentry", "pk": 400, "fields": {"action_time": "2024-08-06T15:12:36.884Z", "user": [1], "content_type": ["domens", "site"], "object_id": "11", "object_repr": "434343", "action_flag": 3, "change_message": ""}}, {"model": "admin.logentry", "pk": 401, "fields": {"action_time": "2024-08-08T14:30:05.273Z", "user": [1], "content_type": ["user", "user"], "object_id": "14", "object_repr": "Mike", "action_flag": 3, "change_message": ""}}, {"model": "admin.logentry", "pk": 402, "fields": {"action_time": "2024-08-08T14:30:53.332Z", "user": [1], "content_type": ["user", "user"], "object_id": "12", "object_repr": "Mike", "action_flag": 2, "change_message": "[{\"changed\": {\"fields\": [\"Superuser status\", \"\\u041f\\u043e\\u0447\\u0442\\u0430 \\u043f\\u043e\\u0434\\u0442\\u0432\\u0435\\u0440\\u0436\\u0434\\u0435\\u043d\\u0430\"]}}]"}}, {"model": "admin.logentry", "pk": 403, "fields": {"action_time": "2024-08-08T14:53:13.829Z", "user": [1], "content_type": ["domens", "site"], "object_id": "10", "object_repr": "alfa", "action_flag": 2, "change_message": "[{\"changed\": {\"fields\": [\"\\u041b\\u043e\\u0433\\u043e\"]}}]"}}, {"model": "admin.logentry", "pk": 404, "fields": {"action_time": "2024-08-10T13:40:54.297Z", "user": [1], "content_type": ["account", "usersocialnetwork"], "object_id": "49", "object_repr": "UserSocialNetwork object (49)", "action_flag": 3, "change_message": ""}}, {"model": "admin.logentry", "pk": 405, "fields": {"action_time": "2024-08-10T13:40:54.377Z", "user": [1], "content_type": ["account", "usersocialnetwork"], "object_id": "48", "object_repr": "UserSocialNetwork object (48)", "action_flag": 3, "change_message": ""}}, {"model": "admin.logentry", "pk": 406, "fields": {"action_time": "2024-08-10T13:43:54.060Z", "user": [1], "content_type": ["account", "usersocialnetwork"], "object_id": "52", "object_repr": "UserSocialNetwork object (52)", "action_flag": 3, "change_message": ""}}, {"model": "admin.logentry", "pk": 407, "fields": {"action_time": "2024-08-10T13:43:54.172Z", "user": [1], "content_type": ["account", "usersocialnetwork"], "object_id": "51", "object_repr": "UserSocialNetwork object (51)", "action_flag": 3, "change_message": ""}}, {"model": "admin.logentry", "pk": 408, "fields": {"action_time": "2024-08-10T13:43:54.209Z", "user": [1], "content_type": ["account", "usersocialnetwork"], "object_id": "50", "object_repr": "UserSocialNetwork object (50)", "action_flag": 3, "change_message": ""}}]
